timestamp,iteration,test_name,dimension_D,rank_K,metric_drift,condition_bound,exit_code,status
2026-09-28T23:03:25.720505,1,DSYRK_GRAMIAN,4096,16,0.000000e+00,1.0000e+00,0,DLL_FUNC_NOT_FOUND
2026-09-28T23:03:25.721378,1,DYNAMIC_FWHT,4096,1,0.000000e+00,1.0000e+00,0,DLL_FUNC_NOT_FOUND
2026-09-28T23:03:25.886101,1,CAYLEY_WOODBURY_SOLVE,1024,16,1.110223e-15,1.0007e+00,0,PASS
2026-09-28T23:03:25.886600,1,RUST_BETTI_GUARD,4,1,0.000000e+00,1.0000e+00,0,RUST_DLL_NOT_FOUND
2026-09-28T23:04:13.191607,1,DSYRK_GRAMIAN,4096,16,0.000000e+00,1.0000e+00,0,DLL_FUNC_NOT_FOUND
2026-09-28T23:04:13.192709,1,DYNAMIC_FWHT,4096,1,0.000000e+00,1.0000e+00,0,DLL_FUNC_NOT_FOUND
2026-09-28T23:04:13.197003,1,CAYLEY_BILATERAL,1024,16,0.000000e+00,1.0000e+00,0,DLL_FUNC_NOT_FOUND
2026-09-28T23:04:13.206709,1,RUST_BETTI_FLAT_DSU,3,1,0.000000e+00,1.0000e+00,0,"B0=1,B1=1_PASS"
2026-09-28T23:04:57.843416,1,DSYRK_GRAMIAN,4096,16,4.547474e-13,1.0000e+00,0,PASS
2026-09-28T23:04:57.844722,1,DYNAMIC_FWHT,4096,1,2.220446e-16,1.0000e+00,0,PASS
2026-09-28T23:04:57.850340,1,CAYLEY_BILATERAL,1024,16,6.661338e-16,1.0003e+00,0,PASS
2026-09-28T23:04:57.851112,1,RUST_BETTI_FLAT_DSU,3,1,0.000000e+00,1.0000e+00,0,"B0=1,B1=1_PASS"
2026-09-28T23:05:42.986042,2,DSYRK_GRAMIAN,8192,32,7.105427e-13,1.0000e+00,0,PASS
2026-09-28T23:05:42.987512,2,DYNAMIC_FWHT,8192,1,2.220446e-16,1.0000e+00,0,PASS
2026-09-28T23:05:43.002071,2,CAYLEY_BILATERAL,1024,32,1.332268e-15,1.0006e+00,0,PASS
2026-09-28T23:05:43.002702,2,RUST_BETTI_FLAT_DSU,3,1,0.000000e+00,1.0000e+00,0,"B0=1,B1=1_PASS"
2026-09-28T23:06:28.042661,3,DSYRK_GRAMIAN,2048,8,6.252776e-13,1.0000e+00,0,PASS
2026-09-28T23:06:28.043332,3,DYNAMIC_FWHT,2048,1,2.220446e-16,1.0000e+00,0,PASS
2026-09-28T23:06:28.045007,3,CAYLEY_BILATERAL,1024,8,6.661338e-16,1.0001e+00,0,PASS
2026-09-28T23:06:28.045551,3,RUST_BETTI_FLAT_DSU,3,1,0.000000e+00,1.0000e+00,0,"B0=1,B1=1_PASS"
2026-09-28T23:07:13.132687,4,DSYRK_GRAMIAN,4096,16,3.410605e-13,1.0000e+00,0,PASS
2026-09-28T23:07:13.133994,4,DYNAMIC_FWHT,4096,1,1.110223e-16,1.0000e+00,0,PASS
2026-09-28T23:07:13.143434,4,CAYLEY_BILATERAL,1024,16,9.992007e-16,1.0002e+00,0,PASS
2026-09-28T23:07:13.144068,4,RUST_BETTI_FLAT_DSU,3,1,0.000000e+00,1.0000e+00,0,"B0=1,B1=1_PASS"
2026-09-28T23:07:58.296927,5,DSYRK_GRAMIAN,8192,32,5.115908e-13,1.0000e+00,0,PASS
2026-09-28T23:07:58.298477,5,DYNAMIC_FWHT,8192,1,3.330669e-16,1.0000e+00,0,PASS
2026-09-28T23:07:58.313611,5,CAYLEY_BILATERAL,1024,32,1.332268e-15,1.0007e+00,0,PASS
2026-09-28T23:07:58.314226,5,RUST_BETTI_FLAT_DSU,3,1,0.000000e+00,1.0000e+00,0,"B0=1,B1=1_PASS"
2026-09-28T23:08:43.351346,6,DSYRK_GRAMIAN,2048,8,2.842171e-13,1.0000e+00,0,PASS
2026-09-28T23:08:43.352038,6,DYNAMIC_FWHT,2048,1,2.220446e-16,1.0000e+00,0,PASS
2026-09-28T23:08:43.353836,6,CAYLEY_BILATERAL,1024,8,6.661338e-16,1.0001e+00,0,PASS
2026-09-28T23:08:43.354248,6,RUST_BETTI_FLAT_DSU,3,1,0.000000e+00,1.0000e+00,0,"B0=1,B1=1_PASS"
2026-09-28T23:09:28.425857,7,DSYRK_GRAMIAN,4096,16,3.694822e-13,1.0000e+00,0,PASS
2026-09-28T23:09:28.427016,7,DYNAMIC_FWHT,4096,1,1.110223e-16,1.0000e+00,0,PASS
2026-09-28T23:09:28.430734,7,CAYLEY_BILATERAL,1024,16,1.110223e-15,1.0002e+00,0,PASS
2026-09-28T23:09:28.435984,7,RUST_BETTI_FLAT_DSU,3,1,0.000000e+00,1.0000e+00,0,"B0=1,B1=1_PASS"
2026-09-28T23:10:13.577723,8,DSYRK_GRAMIAN,8192,32,6.252776e-13,1.0000e+00,0,PASS
2026-09-28T23:10:13.579279,8,DYNAMIC_FWHT,8192,1,2.220446e-16,1.0000e+00,0,PASS
2026-09-28T23:10:13.592491,8,CAYLEY_BILATERAL,1024,32,1.554312e-15,1.0007e+00,0,PASS
2026-09-28T23:10:13.593104,8,RUST_BETTI_FLAT_DSU,3,1,0.000000e+00,1.0000e+00,0,"B0=1,B1=1_PASS"
2026-09-28T23:10:58.639316,9,DSYRK_GRAMIAN,2048,8,4.263256e-13,1.0000e+00,0,PASS
2026-09-28T23:10:58.640095,9,DYNAMIC_FWHT,2048,1,0.000000e+00,1.0000e+00,0,PASS
2026-09-28T23:10:58.642128,9,CAYLEY_BILATERAL,1024,8,6.661338e-16,1.0002e+00,0,PASS
2026-09-28T23:10:58.642548,9,RUST_BETTI_FLAT_DSU,3,1,0.000000e+00,1.0000e+00,0,"B0=1,B1=1_PASS"
2026-09-28T23:11:43.717261,10,DSYRK_GRAMIAN,4096,16,4.831691e-13,1.0000e+00,0,PASS
2026-09-28T23:11:43.718422,10,DYNAMIC_FWHT,4096,1,2.220446e-16,1.0000e+00,0,PASS
2026-09-28T23:11:43.722135,10,CAYLEY_BILATERAL,1024,16,8.881784e-16,1.0002e+00,0,PASS
2026-09-28T23:11:43.722651,10,RUST_BETTI_FLAT_DSU,3,1,0.000000e+00,1.0000e+00,0,"B0=1,B1=1_PASS"
2026-09-28T23:12:28.879043,11,DSYRK_GRAMIAN,8192,32,7.389644e-13,1.0000e+00,0,PASS
2026-09-28T23:12:28.880526,11,DYNAMIC_FWHT,8192,1,1.110223e-16,1.0000e+00,0,PASS
2026-09-28T23:12:28.894784,11,CAYLEY_BILATERAL,1024,32,1.554312e-15,1.0007e+00,0,PASS
2026-09-28T23:12:28.895447,11,RUST_BETTI_FLAT_DSU,3,1,0.000000e+00,1.0000e+00,0,"B0=1,B1=1_PASS"
2026-09-28T23:13:13.935625,12,DSYRK_GRAMIAN,2048,8,3.410605e-13,1.0000e+00,0,PASS
2026-09-28T23:13:13.936303,12,DYNAMIC_FWHT,2048,1,1.110223e-16,1.0000e+00,0,PASS
2026-09-28T23:13:13.943649,12,CAYLEY_BILATERAL,1024,8,6.661338e-16,1.0001e+00,0,PASS
2026-09-28T23:13:13.944121,12,RUST_BETTI_FLAT_DSU,3,1,0.000000e+00,1.0000e+00,0,"B0=1,B1=1_PASS"
2026-09-28T23:13:59.012362,13,DSYRK_GRAMIAN,4096,16,3.979039e-13,1.0000e+00,0,PASS
2026-09-28T23:13:59.013927,13,DYNAMIC_FWHT,4096,1,0.000000e+00,1.0000e+00,0,PASS
2026-09-28T23:13:59.017820,13,CAYLEY_BILATERAL,1024,16,8.881784e-16,1.0002e+00,0,PASS
2026-09-28T23:13:59.018322,13,RUST_BETTI_FLAT_DSU,3,1,0.000000e+00,1.0000e+00,0,"B0=1,B1=1_PASS"
2026-09-28T23:14:44.160556,14,DSYRK_GRAMIAN,8192,32,6.252776e-13,1.0000e+00,0,PASS
2026-09-28T23:14:44.162048,14,DYNAMIC_FWHT,8192,1,2.220446e-16,1.0000e+00,0,PASS
2026-09-28T23:14:44.175461,14,CAYLEY_BILATERAL,1024,32,1.332268e-15,1.0006e+00,0,PASS
2026-09-28T23:14:44.176076,14,RUST_BETTI_FLAT_DSU,3,1,0.000000e+00,1.0000e+00,0,"B0=1,B1=1_PASS"
2026-09-28T23:15:29.216260,15,DSYRK_GRAMIAN,2048,8,3.694822e-13,1.0000e+00,0,PASS
2026-09-28T23:15:29.216970,15,DYNAMIC_FWHT,2048,1,2.220446e-16,1.0000e+00,0,PASS
2026-09-28T23:15:29.223270,15,CAYLEY_BILATERAL,1024,8,8.881784e-16,1.0001e+00,0,PASS
2026-09-28T23:15:29.223728,15,RUST_BETTI_FLAT_DSU,3,1,0.000000e+00,1.0000e+00,0,"B0=1,B1=1_PASS"
2026-09-28T23:16:14.280881,16,DSYRK_GRAMIAN,4096,16,3.979039e-13,1.0000e+00,0,PASS
2026-09-28T23:16:14.282190,16,DYNAMIC_FWHT,4096,1,2.220446e-16,1.0000e+00,0,PASS
2026-09-28T23:16:14.288214,16,CAYLEY_BILATERAL,1024,16,8.881784e-16,1.0003e+00,0,PASS
2026-09-28T23:16:14.288715,16,RUST_BETTI_FLAT_DSU,3,1,0.000000e+00,1.0000e+00,0,"B0=1,B1=1_PASS"
2026-09-28T23:16:59.438054,17,DSYRK_GRAMIAN,8192,32,6.252776e-13,1.0000e+00,0,PASS
2026-09-28T23:16:59.439543,17,DYNAMIC_FWHT,8192,1,0.000000e+00,1.0000e+00,0,PASS
2026-09-28T23:16:59.454399,17,CAYLEY_BILATERAL,1024,32,1.776357e-15,1.0006e+00,0,PASS
2026-09-28T23:16:59.455078,17,RUST_BETTI_FLAT_DSU,3,1,0.000000e+00,1.0000e+00,0,"B0=1,B1=1_PASS"
2026-09-28T23:17:44.496123,18,DSYRK_GRAMIAN,2048,8,2.842171e-13,1.0000e+00,0,PASS
2026-09-28T23:17:44.496889,18,DYNAMIC_FWHT,2048,1,2.220446e-16,1.0000e+00,0,PASS
2026-09-28T23:17:44.498857,18,CAYLEY_BILATERAL,1024,8,8.881784e-16,1.0001e+00,0,PASS
2026-09-28T23:17:44.499418,18,RUST_BETTI_FLAT_DSU,3,1,0.000000e+00,1.0000e+00,0,"B0=1,B1=1_PASS"
2026-09-28T23:18:29.568296,19,DSYRK_GRAMIAN,4096,16,4.547474e-13,1.0000e+00,0,PASS
2026-09-28T23:18:29.569397,19,DYNAMIC_FWHT,4096,1,0.000000e+00,1.0000e+00,0,PASS
2026-09-28T23:18:29.576889,19,CAYLEY_BILATERAL,1024,16,9.992007e-16,1.0002e+00,0,PASS
2026-09-28T23:18:29.577427,19,RUST_BETTI_FLAT_DSU,3,1,0.000000e+00,1.0000e+00,0,"B0=1,B1=1_PASS"
2026-09-28T23:19:14.707839,20,DSYRK_GRAMIAN,8192,32,6.252776e-13,1.0000e+00,0,PASS
2026-09-28T23:19:14.712172,20,DYNAMIC_FWHT,8192,1,2.220446e-16,1.0000e+00,0,PASS
2026-09-28T23:19:14.721788,20,CAYLEY_BILATERAL,1024,32,1.554312e-15,1.0007e+00,0,PASS
2026-09-28T23:19:14.722405,20,RUST_BETTI_FLAT_DSU,3,1,0.000000e+00,1.0000e+00,0,"B0=1,B1=1_PASS"
2026-09-28T23:19:59.762222,21,DSYRK_GRAMIAN,2048,8,4.547474e-13,1.0000e+00,0,PASS
2026-09-28T23:19:59.762979,21,DYNAMIC_FWHT,2048,1,0.000000e+00,1.0000e+00,0,PASS
2026-09-28T23:19:59.769874,21,CAYLEY_BILATERAL,1024,8,6.661338e-16,1.0001e+00,0,PASS
2026-09-28T23:19:59.770302,21,RUST_BETTI_FLAT_DSU,3,1,0.000000e+00,1.0000e+00,0,"B0=1,B1=1_PASS"
2026-09-28T23:20:44.857916,22,DSYRK_GRAMIAN,4096,16,5.115908e-13,1.0000e+00,0,PASS
2026-09-28T23:20:44.859057,22,DYNAMIC_FWHT,4096,1,0.000000e+00,1.0000e+00,0,PASS
2026-09-28T23:20:44.862671,22,CAYLEY_BILATERAL,1024,16,4.440892e-16,1.0002e+00,0,PASS
2026-09-28T23:20:44.863177,22,RUST_BETTI_FLAT_DSU,3,1,0.000000e+00,1.0000e+00,0,"B0=1,B1=1_PASS"
2026-09-28T23:21:29.995614,23,DSYRK_GRAMIAN,8192,32,6.821210e-13,1.0000e+00,0,PASS
2026-09-28T23:21:29.997301,23,DYNAMIC_FWHT,8192,1,2.220446e-16,1.0000e+00,0,PASS
2026-09-28T23:21:30.006304,23,CAYLEY_BILATERAL,1024,32,1.332268e-15,1.0006e+00,0,PASS
2026-09-28T23:21:30.011823,23,RUST_BETTI_FLAT_DSU,3,1,0.000000e+00,1.0000e+00,0,"B0=1,B1=1_PASS"
2026-09-28T23:22:15.056824,24,DSYRK_GRAMIAN,2048,8,2.842171e-13,1.0000e+00,0,PASS
2026-09-28T23:22:15.057590,24,DYNAMIC_FWHT,2048,1,2.220446e-16,1.0000e+00,0,PASS
2026-09-28T23:22:15.059589,24,CAYLEY_BILATERAL,1024,8,6.661338e-16,1.0002e+00,0,PASS
2026-09-28T23:22:15.060010,24,RUST_BETTI_FLAT_DSU,3,1,0.000000e+00,1.0000e+00,0,"B0=1,B1=1_PASS"
2026-09-28T23:23:00.136863,25,DSYRK_GRAMIAN,4096,16,5.684342e-13,1.0000e+00,0,PASS
2026-09-28T23:23:00.137990,25,DYNAMIC_FWHT,4096,1,1.110223e-16,1.0000e+00,0,PASS
2026-09-28T23:23:00.141677,25,CAYLEY_BILATERAL,1024,16,1.332268e-15,1.0002e+00,0,PASS
2026-09-28T23:23:00.142176,25,RUST_BETTI_FLAT_DSU,3,1,0.000000e+00,1.0000e+00,0,"B0=1,B1=1_PASS"
2026-09-28T23:23:45.281620,26,DSYRK_GRAMIAN,8192,32,8.810730e-13,1.0000e+00,0,PASS
2026-09-28T23:23:45.283353,26,DYNAMIC_FWHT,8192,1,0.000000e+00,1.0000e+00,0,PASS
2026-09-28T23:23:45.296045,26,CAYLEY_BILATERAL,1024,32,2.109424e-15,1.0007e+00,0,PASS
2026-09-28T23:23:45.296652,26,RUST_BETTI_FLAT_DSU,3,1,0.000000e+00,1.0000e+00,0,"B0=1,B1=1_PASS"
2026-09-28T23:24:30.336458,27,DSYRK_GRAMIAN,2048,8,6.252776e-13,1.0000e+00,0,PASS
2026-09-28T23:24:30.337155,27,DYNAMIC_FWHT,2048,1,2.220446e-16,1.0000e+00,0,PASS
2026-09-28T23:24:30.339367,27,CAYLEY_BILATERAL,1024,8,6.661338e-16,1.0000e+00,0,PASS
2026-09-28T23:24:30.339765,27,RUST_BETTI_FLAT_DSU,3,1,0.000000e+00,1.0000e+00,0,"B0=1,B1=1_PASS"
2026-09-28T23:25:15.422776,28,DSYRK_GRAMIAN,4096,16,2.557954e-13,1.0000e+00,0,PASS
2026-09-28T23:25:15.423855,28,DYNAMIC_FWHT,4096,1,2.220446e-16,1.0000e+00,0,PASS
2026-09-28T23:25:15.427727,28,CAYLEY_BILATERAL,1024,16,1.110223e-15,1.0003e+00,0,PASS
2026-09-28T23:25:15.428234,28,RUST_BETTI_FLAT_DSU,3,1,0.000000e+00,1.0000e+00,0,"B0=1,B1=1_PASS"
2026-09-28T23:26:00.577363,29,DSYRK_GRAMIAN,8192,32,6.252776e-13,1.0000e+00,0,PASS
2026-09-28T23:26:00.578826,29,DYNAMIC_FWHT,8192,1,1.110223e-16,1.0000e+00,0,PASS
2026-09-28T23:26:00.594781,29,CAYLEY_BILATERAL,1024,32,1.776357e-15,1.0006e+00,0,PASS
2026-09-28T23:26:00.595385,29,RUST_BETTI_FLAT_DSU,3,1,0.000000e+00,1.0000e+00,0,"B0=1,B1=1_PASS"
2026-09-28T23:26:45.636008,30,DSYRK_GRAMIAN,2048,8,5.115908e-13,1.0000e+00,0,PASS
2026-09-28T23:26:45.637041,30,DYNAMIC_FWHT,2048,1,0.000000e+00,1.0000e+00,0,PASS
2026-09-28T23:26:45.642967,30,CAYLEY_BILATERAL,1024,8,6.661338e-16,1.0001e+00,0,PASS
2026-09-28T23:26:45.643840,30,RUST_BETTI_FLAT_DSU,3,1,0.000000e+00,1.0000e+00,0,"B0=1,B1=1_PASS"
2026-09-28T23:27:30.715822,31,DSYRK_GRAMIAN,4096,16,5.684342e-13,1.0000e+00,0,PASS
2026-09-28T23:27:30.716976,31,DYNAMIC_FWHT,4096,1,2.220446e-16,1.0000e+00,0,PASS
2026-09-28T23:27:30.720593,31,CAYLEY_BILATERAL,1024,16,1.332268e-15,1.0002e+00,0,PASS
2026-09-28T23:27:30.721148,31,RUST_BETTI_FLAT_DSU,3,1,0.000000e+00,1.0000e+00,0,"B0=1,B1=1_PASS"
2026-09-28T23:28:15.876807,32,DSYRK_GRAMIAN,8192,32,5.968559e-13,1.0000e+00,0,PASS
2026-09-28T23:28:15.878305,32,DYNAMIC_FWHT,8192,1,0.000000e+00,1.0000e+00,0,PASS
2026-09-28T23:28:15.892901,32,CAYLEY_BILATERAL,1024,32,1.554312e-15,1.0006e+00,0,PASS
2026-09-28T23:28:15.893411,32,RUST_BETTI_FLAT_DSU,3,1,0.000000e+00,1.0000e+00,0,"B0=1,B1=1_PASS"
2026-09-28T23:29:00.918157,33,DSYRK_GRAMIAN,2048,8,5.115908e-13,1.0000e+00,0,PASS
2026-09-28T23:29:00.918830,33,DYNAMIC_FWHT,2048,1,0.000000e+00,1.0000e+00,0,PASS
2026-09-28T23:29:00.927883,33,CAYLEY_BILATERAL,1024,8,6.661338e-16,1.0002e+00,0,PASS
2026-09-28T23:29:00.928454,33,RUST_BETTI_FLAT_DSU,3,1,0.000000e+00,1.0000e+00,0,"B0=1,B1=1_PASS"
2026-09-28T23:29:45.999190,34,DSYRK_GRAMIAN,4096,16,4.547474e-13,1.0000e+00,0,PASS
2026-09-28T23:29:46.000274,34,DYNAMIC_FWHT,4096,1,0.000000e+00,1.0000e+00,0,PASS
2026-09-28T23:29:46.003886,34,CAYLEY_BILATERAL,1024,16,1.110223e-15,1.0003e+00,0,PASS
2026-09-28T23:29:46.004397,34,RUST_BETTI_FLAT_DSU,3,1,0.000000e+00,1.0000e+00,0,"B0=1,B1=1_PASS"
2026-09-28T23:30:31.139485,35,DSYRK_GRAMIAN,8192,32,9.663381e-13,1.0000e+00,0,PASS
2026-09-28T23:30:31.140936,35,DYNAMIC_FWHT,8192,1,4.440892e-16,1.0000e+00,0,PASS
2026-09-28T23:30:31.153735,35,CAYLEY_BILATERAL,1024,32,2.220446e-15,1.0006e+00,0,PASS
2026-09-28T23:30:31.154247,35,RUST_BETTI_FLAT_DSU,3,1,0.000000e+00,1.0000e+00,0,"B0=1,B1=1_PASS"
2026-09-28T23:31:16.195711,36,DSYRK_GRAMIAN,2048,8,5.968559e-13,1.0000e+00,0,PASS
2026-09-28T23:31:16.196361,36,DYNAMIC_FWHT,2048,1,2.220446e-16,1.0000e+00,0,PASS
2026-09-28T23:31:16.197994,36,CAYLEY_BILATERAL,1024,8,6.661338e-16,1.0001e+00,0,PASS
2026-09-28T23:31:16.198376,36,RUST_BETTI_FLAT_DSU,3,1,0.000000e+00,1.0000e+00,0,"B0=1,B1=1_PASS"
2026-09-28T23:32:01.267771,37,DSYRK_GRAMIAN,4096,16,3.410605e-13,1.0000e+00,0,PASS
2026-09-28T23:32:01.268843,37,DYNAMIC_FWHT,4096,1,0.000000e+00,1.0000e+00,0,PASS
2026-09-28T23:32:01.276342,37,CAYLEY_BILATERAL,1024,16,8.881784e-16,1.0003e+00,0,PASS
2026-09-28T23:32:01.276900,37,RUST_BETTI_FLAT_DSU,3,1,0.000000e+00,1.0000e+00,0,"B0=1,B1=1_PASS"
2026-09-28T23:32:46.425262,38,DSYRK_GRAMIAN,8192,32,9.947598e-13,1.0000e+00,0,PASS
2026-09-28T23:32:46.426916,38,DYNAMIC_FWHT,8192,1,1.110223e-16,1.0000e+00,0,PASS
2026-09-28T23:32:46.440698,38,CAYLEY_BILATERAL,1024,32,1.554312e-15,1.0007e+00,0,PASS
2026-09-28T23:32:46.441213,38,RUST_BETTI_FLAT_DSU,3,1,0.000000e+00,1.0000e+00,0,"B0=1,B1=1_PASS"
2026-09-28T23:33:31.495597,39,DSYRK_GRAMIAN,2048,8,4.547474e-13,1.0000e+00,0,PASS
2026-09-28T23:33:31.496349,39,DYNAMIC_FWHT,2048,1,2.220446e-16,1.0000e+00,0,PASS
2026-09-28T23:33:31.503251,39,CAYLEY_BILATERAL,1024,8,8.881784e-16,1.0001e+00,0,PASS
2026-09-28T23:33:31.504242,39,RUST_BETTI_FLAT_DSU,3,1,0.000000e+00,1.0000e+00,0,"B0=1,B1=1_PASS"
2026-09-28T23:34:16.561423,40,DSYRK_GRAMIAN,4096,16,4.547474e-13,1.0000e+00,0,PASS
2026-09-28T23:34:16.562548,40,DYNAMIC_FWHT,4096,1,0.000000e+00,1.0000e+00,0,PASS
2026-09-28T23:34:16.566411,40,CAYLEY_BILATERAL,1024,16,1.110223e-15,1.0003e+00,0,PASS
2026-09-28T23:34:16.566918,40,RUST_BETTI_FLAT_DSU,3,1,0.000000e+00,1.0000e+00,0,"B0=1,B1=1_PASS"
2026-09-28T23:35:01.702473,41,DSYRK_GRAMIAN,8192,32,7.105427e-13,1.0000e+00,0,PASS
2026-09-28T23:35:01.703940,41,DYNAMIC_FWHT,8192,1,2.220446e-16,1.0000e+00,0,PASS
2026-09-28T23:35:01.717182,41,CAYLEY_BILATERAL,1024,32,1.554312e-15,1.0008e+00,0,PASS
2026-09-28T23:35:01.717708,41,RUST_BETTI_FLAT_DSU,3,1,0.000000e+00,1.0000e+00,0,"B0=1,B1=1_PASS"
2026-09-28T23:35:46.761402,42,DSYRK_GRAMIAN,2048,8,6.252776e-13,1.0000e+00,0,PASS
2026-09-28T23:35:46.762397,42,DYNAMIC_FWHT,2048,1,4.440892e-16,1.0000e+00,0,PASS
2026-09-28T23:35:46.767882,42,CAYLEY_BILATERAL,1024,8,8.881784e-16,1.0001e+00,0,PASS
2026-09-28T23:35:46.768363,42,RUST_BETTI_FLAT_DSU,3,1,0.000000e+00,1.0000e+00,0,"B0=1,B1=1_PASS"
2026-09-28T23:36:31.850257,43,DSYRK_GRAMIAN,4096,16,3.126388e-13,1.0000e+00,0,PASS
2026-09-28T23:36:31.855683,43,DYNAMIC_FWHT,4096,1,1.110223e-16,1.0000e+00,0,PASS
2026-09-28T23:36:31.859391,43,CAYLEY_BILATERAL,1024,16,8.881784e-16,1.0002e+00,0,PASS
2026-09-28T23:36:31.859895,43,RUST_BETTI_FLAT_DSU,3,1,0.000000e+00,1.0000e+00,0,"B0=1,B1=1_PASS"
2026-09-28T23:37:17.020701,44,DSYRK_GRAMIAN,8192,32,5.684342e-13,1.0000e+00,0,PASS
2026-09-28T23:37:17.028029,44,DYNAMIC_FWHT,8192,1,0.000000e+00,1.0000e+00,0,PASS
2026-09-28T23:37:17.044747,44,CAYLEY_BILATERAL,1024,32,1.332268e-15,1.0006e+00,0,PASS
2026-09-28T23:37:17.045257,44,RUST_BETTI_FLAT_DSU,3,1,0.000000e+00,1.0000e+00,0,"B0=1,B1=1_PASS"
2026-09-28T23:38:02.095429,45,DSYRK_GRAMIAN,2048,8,4.547474e-13,1.0000e+00,0,PASS
2026-09-28T23:38:02.096243,45,DYNAMIC_FWHT,2048,1,2.220446e-16,1.0000e+00,0,PASS
2026-09-28T23:38:02.099200,45,CAYLEY_BILATERAL,1024,8,1.332268e-15,1.0001e+00,0,PASS
2026-09-28T23:38:02.099902,45,RUST_BETTI_FLAT_DSU,3,1,0.000000e+00,1.0000e+00,0,"B0=1,B1=1_PASS"
2026-09-28T23:38:47.170580,46,DSYRK_GRAMIAN,4096,16,3.410605e-13,1.0000e+00,0,PASS
2026-09-28T23:38:47.171698,46,DYNAMIC_FWHT,4096,1,1.110223e-16,1.0000e+00,0,PASS
2026-09-28T23:38:47.175444,46,CAYLEY_BILATERAL,1024,16,1.110223e-15,1.0003e+00,0,PASS
2026-09-28T23:38:47.175946,46,RUST_BETTI_FLAT_DSU,3,1,0.000000e+00,1.0000e+00,0,"B0=1,B1=1_PASS"
2026-09-28T23:39:32.323044,47,DSYRK_GRAMIAN,8192,32,6.252776e-13,1.0000e+00,0,PASS
2026-09-28T23:39:32.324628,47,DYNAMIC_FWHT,8192,1,2.220446e-16,1.0000e+00,0,PASS
2026-09-28T23:39:32.333732,47,CAYLEY_BILATERAL,1024,32,1.221245e-15,1.0006e+00,0,PASS
2026-09-28T23:39:32.334248,47,RUST_BETTI_FLAT_DSU,3,1,0.000000e+00,1.0000e+00,0,"B0=1,B1=1_PASS"
2026-09-28T23:40:17.372533,48,DSYRK_GRAMIAN,2048,8,5.115908e-13,1.0000e+00,0,PASS
2026-09-28T23:40:17.373387,48,DYNAMIC_FWHT,2048,1,4.440892e-16,1.0000e+00,0,PASS
2026-09-28T23:40:17.380015,48,CAYLEY_BILATERAL,1024,8,7.771561e-16,1.0001e+00,0,PASS
2026-09-28T23:40:17.380439,48,RUST_BETTI_FLAT_DSU,3,1,0.000000e+00,1.0000e+00,0,"B0=1,B1=1_PASS"
2026-09-28T23:41:02.467455,49,DSYRK_GRAMIAN,4096,16,5.115908e-13,1.0000e+00,0,PASS
2026-09-28T23:41:02.468540,49,DYNAMIC_FWHT,4096,1,1.110223e-16,1.0000e+00,0,PASS
2026-09-28T23:41:02.472170,49,CAYLEY_BILATERAL,1024,16,1.443290e-15,1.0003e+00,0,PASS
2026-09-28T23:41:02.472670,49,RUST_BETTI_FLAT_DSU,3,1,0.000000e+00,1.0000e+00,0,"B0=1,B1=1_PASS"
2026-09-28T23:41:47.612936,50,DSYRK_GRAMIAN,8192,32,4.831691e-13,1.0000e+00,0,PASS
2026-09-28T23:41:47.614433,50,DYNAMIC_FWHT,8192,1,2.220446e-16,1.0000e+00,0,PASS
2026-09-28T23:41:47.626878,50,CAYLEY_BILATERAL,1024,32,1.998401e-15,1.0008e+00,0,PASS
2026-09-28T23:41:47.627399,50,RUST_BETTI_FLAT_DSU,3,1,0.000000e+00,1.0000e+00,0,"B0=1,B1=1_PASS"
2026-09-28T23:42:32.666157,51,DSYRK_GRAMIAN,2048,8,1.705303e-13,1.0000e+00,0,PASS
2026-09-28T23:42:32.666876,51,DYNAMIC_FWHT,2048,1,0.000000e+00,1.0000e+00,0,PASS
2026-09-28T23:42:32.668658,51,CAYLEY_BILATERAL,1024,8,7.771561e-16,1.0001e+00,0,PASS
2026-09-28T23:42:32.669055,51,RUST_BETTI_FLAT_DSU,3,1,0.000000e+00,1.0000e+00,0,"B0=1,B1=1_PASS"
2026-09-28T23:43:17.754693,52,DSYRK_GRAMIAN,4096,16,5.115908e-13,1.0000e+00,0,PASS
2026-09-28T23:43:17.755861,52,DYNAMIC_FWHT,4096,1,0.000000e+00,1.0000e+00,0,PASS
2026-09-28T23:43:17.763206,52,CAYLEY_BILATERAL,1024,16,6.661338e-16,1.0002e+00,0,PASS
2026-09-28T23:43:17.763767,52,RUST_BETTI_FLAT_DSU,3,1,0.000000e+00,1.0000e+00,0,"B0=1,B1=1_PASS"
2026-09-28T23:44:02.910294,53,DSYRK_GRAMIAN,8192,32,4.831691e-13,1.0000e+00,0,PASS
2026-09-28T23:44:02.911785,53,DYNAMIC_FWHT,8192,1,0.000000e+00,1.0000e+00,0,PASS
2026-09-28T23:44:02.925444,53,CAYLEY_BILATERAL,1024,32,9.992007e-16,1.0007e+00,0,PASS
2026-09-28T23:44:02.925949,53,RUST_BETTI_FLAT_DSU,3,1,0.000000e+00,1.0000e+00,0,"B0=1,B1=1_PASS"
2026-09-28T23:44:47.965303,54,DSYRK_GRAMIAN,2048,8,2.842171e-13,1.0000e+00,0,PASS
2026-09-28T23:44:47.966073,54,DYNAMIC_FWHT,2048,1,0.000000e+00,1.0000e+00,0,PASS
2026-09-28T23:44:47.967838,54,CAYLEY_BILATERAL,1024,8,1.332268e-15,1.0001e+00,0,PASS
2026-09-28T23:44:47.968314,54,RUST_BETTI_FLAT_DSU,3,1,0.000000e+00,1.0000e+00,0,"B0=1,B1=1_PASS"
2026-09-28T23:45:33.036673,55,DSYRK_GRAMIAN,4096,16,4.547474e-13,1.0000e+00,0,PASS
2026-09-28T23:45:33.037770,55,DYNAMIC_FWHT,4096,1,0.000000e+00,1.0000e+00,0,PASS
2026-09-28T23:45:33.047252,55,CAYLEY_BILATERAL,1024,16,9.992007e-16,1.0003e+00,0,PASS
2026-09-28T23:45:33.047767,55,RUST_BETTI_FLAT_DSU,3,1,0.000000e+00,1.0000e+00,0,"B0=1,B1=1_PASS"
2026-09-28T23:46:18.203497,56,DSYRK_GRAMIAN,8192,32,6.252776e-13,1.0000e+00,0,PASS
2026-09-28T23:46:18.205684,56,DYNAMIC_FWHT,8192,1,2.220446e-16,1.0000e+00,0,PASS
2026-09-28T23:46:18.222504,56,CAYLEY_BILATERAL,1024,32,1.998401e-15,1.0007e+00,0,PASS
2026-09-28T23:46:18.223234,56,RUST_BETTI_FLAT_DSU,3,1,0.000000e+00,1.0000e+00,0,"B0=1,B1=1_PASS"
2026-09-28T23:47:03.265620,57,DSYRK_GRAMIAN,2048,8,3.979039e-13,1.0000e+00,0,PASS
2026-09-28T23:47:03.266870,57,DYNAMIC_FWHT,2048,1,0.000000e+00,1.0000e+00,0,PASS
2026-09-28T23:47:03.270134,57,CAYLEY_BILATERAL,1024,8,6.661338e-16,1.0001e+00,0,PASS
2026-09-28T23:47:03.270693,57,RUST_BETTI_FLAT_DSU,3,1,0.000000e+00,1.0000e+00,0,"B0=1,B1=1_PASS"
2026-09-28T23:47:48.349803,58,DSYRK_GRAMIAN,4096,16,3.979039e-13,1.0000e+00,0,PASS
2026-09-28T23:47:48.350897,58,DYNAMIC_FWHT,4096,1,0.000000e+00,1.0000e+00,0,PASS
2026-09-28T23:47:48.359896,58,CAYLEY_BILATERAL,1024,16,6.661338e-16,1.0003e+00,0,PASS
2026-09-28T23:47:48.360422,58,RUST_BETTI_FLAT_DSU,3,1,0.000000e+00,1.0000e+00,0,"B0=1,B1=1_PASS"
2026-09-28T23:48:33.504720,59,DSYRK_GRAMIAN,8192,32,7.673862e-13,1.0000e+00,0,PASS
2026-09-28T23:48:33.506314,59,DYNAMIC_FWHT,8192,1,2.220446e-16,1.0000e+00,0,PASS
2026-09-28T23:48:33.520346,59,CAYLEY_BILATERAL,1024,32,1.221245e-15,1.0006e+00,0,PASS
2026-09-28T23:48:33.520884,59,RUST_BETTI_FLAT_DSU,3,1,0.000000e+00,1.0000e+00,0,"B0=1,B1=1_PASS"
2026-09-28T23:49:18.561216,60,DSYRK_GRAMIAN,2048,8,7.389644e-13,1.0000e+00,0,PASS
2026-09-28T23:49:18.561875,60,DYNAMIC_FWHT,2048,1,2.220446e-16,1.0000e+00,0,PASS
2026-09-28T23:49:18.567196,60,CAYLEY_BILATERAL,1024,8,4.440892e-16,1.0002e+00,0,PASS
2026-09-28T23:49:18.567615,60,RUST_BETTI_FLAT_DSU,3,1,0.000000e+00,1.0000e+00,0,"B0=1,B1=1_PASS"
2026-09-28T23:50:03.644479,61,DSYRK_GRAMIAN,4096,16,3.410605e-13,1.0000e+00,0,PASS
2026-09-28T23:50:03.645628,61,DYNAMIC_FWHT,4096,1,0.000000e+00,1.0000e+00,0,PASS
2026-09-28T23:50:03.649309,61,CAYLEY_BILATERAL,1024,16,1.110223e-15,1.0003e+00,0,PASS
2026-09-28T23:50:03.649816,61,RUST_BETTI_FLAT_DSU,3,1,0.000000e+00,1.0000e+00,0,"B0=1,B1=1_PASS"
2026-09-28T23:50:48.785461,62,DSYRK_GRAMIAN,8192,32,8.526513e-13,1.0000e+00,0,PASS
2026-09-28T23:50:48.787180,62,DYNAMIC_FWHT,8192,1,0.000000e+00,1.0000e+00,0,PASS
2026-09-28T23:50:48.800422,62,CAYLEY_BILATERAL,1024,32,1.554312e-15,1.0007e+00,0,PASS
2026-09-28T23:50:48.801028,62,RUST_BETTI_FLAT_DSU,3,1,0.000000e+00,1.0000e+00,0,"B0=1,B1=1_PASS"
2026-09-28T23:51:33.838889,63,DSYRK_GRAMIAN,2048,8,2.557954e-13,1.0000e+00,0,PASS
2026-09-28T23:51:33.839554,63,DYNAMIC_FWHT,2048,1,0.000000e+00,1.0000e+00,0,PASS
2026-09-28T23:51:33.841303,63,CAYLEY_BILATERAL,1024,8,7.771561e-16,1.0001e+00,0,PASS
2026-09-28T23:51:33.841687,63,RUST_BETTI_FLAT_DSU,3,1,0.000000e+00,1.0000e+00,0,"B0=1,B1=1_PASS"
2026-09-28T23:52:18.892730,64,DSYRK_GRAMIAN,4096,16,5.684342e-13,1.0000e+00,0,PASS
2026-09-28T23:52:18.893815,64,DYNAMIC_FWHT,4096,1,0.000000e+00,1.0000e+00,0,PASS
2026-09-28T23:52:18.897480,64,CAYLEY_BILATERAL,1024,16,1.110223e-15,1.0003e+00,0,PASS
2026-09-28T23:52:18.898077,64,RUST_BETTI_FLAT_DSU,3,1,0.000000e+00,1.0000e+00,0,"B0=1,B1=1_PASS"
2026-09-28T23:53:04.042341,65,DSYRK_GRAMIAN,8192,32,3.979039e-13,1.0000e+00,0,PASS
2026-09-28T23:53:04.043861,65,DYNAMIC_FWHT,8192,1,2.220446e-16,1.0000e+00,0,PASS
2026-09-28T23:53:04.052908,65,CAYLEY_BILATERAL,1024,32,1.998401e-15,1.0006e+00,0,PASS
2026-09-28T23:53:04.053545,65,RUST_BETTI_FLAT_DSU,3,1,0.000000e+00,1.0000e+00,0,"B0=1,B1=1_PASS"
2026-09-28T23:53:49.101336,66,DSYRK_GRAMIAN,2048,8,4.831691e-13,1.0000e+00,0,PASS
2026-09-28T23:53:49.102028,66,DYNAMIC_FWHT,2048,1,0.000000e+00,1.0000e+00,0,PASS
2026-09-28T23:53:49.103690,66,CAYLEY_BILATERAL,1024,8,4.440892e-16,1.0001e+00,0,PASS
2026-09-28T23:53:49.104074,66,RUST_BETTI_FLAT_DSU,3,1,0.000000e+00,1.0000e+00,0,"B0=1,B1=1_PASS"
2026-09-28T23:54:34.172282,67,DSYRK_GRAMIAN,4096,16,5.684342e-13,1.0000e+00,0,PASS
2026-09-28T23:54:34.173356,67,DYNAMIC_FWHT,4096,1,0.000000e+00,1.0000e+00,0,PASS
2026-09-28T23:54:34.177081,67,CAYLEY_BILATERAL,1024,16,6.661338e-16,1.0002e+00,0,PASS
2026-09-28T23:54:34.177583,67,RUST_BETTI_FLAT_DSU,3,1,0.000000e+00,1.0000e+00,0,"B0=1,B1=1_PASS"
2026-09-28T23:55:19.323968,68,DSYRK_GRAMIAN,8192,32,7.958079e-13,1.0000e+00,0,PASS
2026-09-28T23:55:19.325460,68,DYNAMIC_FWHT,8192,1,0.000000e+00,1.0000e+00,0,PASS
2026-09-28T23:55:19.339176,68,CAYLEY_BILATERAL,1024,32,1.332268e-15,1.0006e+00,0,PASS
2026-09-28T23:55:19.339762,68,RUST_BETTI_FLAT_DSU,3,1,0.000000e+00,1.0000e+00,0,"B0=1,B1=1_PASS"
2026-09-28T23:56:04.376813,69,DSYRK_GRAMIAN,2048,8,4.547474e-13,1.0000e+00,0,PASS
2026-09-28T23:56:04.378174,69,DYNAMIC_FWHT,2048,1,0.000000e+00,1.0000e+00,0,PASS
2026-09-28T23:56:04.379923,69,CAYLEY_BILATERAL,1024,8,6.661338e-16,1.0001e+00,0,PASS
2026-09-28T23:56:04.380307,69,RUST_BETTI_FLAT_DSU,3,1,0.000000e+00,1.0000e+00,0,"B0=1,B1=1_PASS"
2026-09-28T23:56:49.453632,70,DSYRK_GRAMIAN,4096,16,3.126388e-13,1.0000e+00,0,PASS
2026-09-28T23:56:49.454890,70,DYNAMIC_FWHT,4096,1,1.110223e-16,1.0000e+00,0,PASS
2026-09-28T23:56:49.458602,70,CAYLEY_BILATERAL,1024,16,1.110223e-15,1.0002e+00,0,PASS
2026-09-28T23:56:49.459152,70,RUST_BETTI_FLAT_DSU,3,1,0.000000e+00,1.0000e+00,0,"B0=1,B1=1_PASS"
2026-09-28T23:57:34.609473,71,DSYRK_GRAMIAN,8192,32,5.684342e-13,1.0000e+00,0,PASS
2026-09-28T23:57:34.611008,71,DYNAMIC_FWHT,8192,1,2.220446e-16,1.0000e+00,0,PASS
2026-09-28T23:57:34.623910,71,CAYLEY_BILATERAL,1024,32,1.554312e-15,1.0006e+00,0,PASS
2026-09-28T23:57:34.624427,71,RUST_BETTI_FLAT_DSU,3,1,0.000000e+00,1.0000e+00,0,"B0=1,B1=1_PASS"
2026-09-28T23:58:19.664935,72,DSYRK_GRAMIAN,2048,8,8.526513e-13,1.0000e+00,0,PASS
2026-09-28T23:58:19.665602,72,DYNAMIC_FWHT,2048,1,2.220446e-16,1.0000e+00,0,PASS
2026-09-28T23:58:19.667356,72,CAYLEY_BILATERAL,1024,8,4.440892e-16,1.0001e+00,0,PASS
2026-09-28T23:58:19.667745,72,RUST_BETTI_FLAT_DSU,3,1,0.000000e+00,1.0000e+00,0,"B0=1,B1=1_PASS"
2026-09-28T23:59:04.737832,73,DSYRK_GRAMIAN,4096,16,3.410605e-13,1.0000e+00,0,PASS
2026-09-28T23:59:04.738919,73,DYNAMIC_FWHT,4096,1,0.000000e+00,1.0000e+00,0,PASS
2026-09-28T23:59:04.746417,73,CAYLEY_BILATERAL,1024,16,8.881784e-16,1.0002e+00,0,PASS
2026-09-28T23:59:04.746922,73,RUST_BETTI_FLAT_DSU,3,1,0.000000e+00,1.0000e+00,0,"B0=1,B1=1_PASS"
2026-09-28T23:59:49.882887,74,DSYRK_GRAMIAN,8192,32,6.252776e-13,1.0000e+00,0,PASS
2026-09-28T23:59:49.884719,74,DYNAMIC_FWHT,8192,1,2.220446e-16,1.0000e+00,0,PASS
2026-09-28T23:59:49.897352,74,CAYLEY_BILATERAL,1024,32,1.554312e-15,1.0006e+00,0,PASS
2026-09-28T23:59:49.897878,74,RUST_BETTI_FLAT_DSU,3,1,0.000000e+00,1.0000e+00,0,"B0=1,B1=1_PASS"
2026-09-29T00:00:34.929166,75,DSYRK_GRAMIAN,2048,8,4.547474e-13,1.0000e+00,0,PASS
2026-09-29T00:00:34.929814,75,DYNAMIC_FWHT,2048,1,2.220446e-16,1.0000e+00,0,PASS
2026-09-29T00:00:34.931436,75,CAYLEY_BILATERAL,1024,8,1.221245e-15,1.0001e+00,0,PASS
2026-09-29T00:00:34.931816,75,RUST_BETTI_FLAT_DSU,3,1,0.000000e+00,1.0000e+00,0,"B0=1,B1=1_PASS"
2026-09-29T00:01:19.999814,76,DSYRK_GRAMIAN,4096,16,2.842171e-13,1.0000e+00,0,PASS
2026-09-29T00:01:20.000911,76,DYNAMIC_FWHT,4096,1,2.220446e-16,1.0000e+00,0,PASS
2026-09-29T00:01:20.008928,76,CAYLEY_BILATERAL,1024,16,8.881784e-16,1.0002e+00,0,PASS
2026-09-29T00:01:20.009468,76,RUST_BETTI_FLAT_DSU,3,1,0.000000e+00,1.0000e+00,0,"B0=1,B1=1_PASS"
2026-09-29T00:02:05.152458,77,DSYRK_GRAMIAN,8192,32,6.821210e-13,1.0000e+00,0,PASS
2026-09-29T00:02:05.153988,77,DYNAMIC_FWHT,8192,1,2.220446e-16,1.0000e+00,0,PASS
2026-09-29T00:02:05.167770,77,CAYLEY_BILATERAL,1024,32,1.554312e-15,1.0006e+00,0,PASS
2026-09-29T00:02:05.168272,77,RUST_BETTI_FLAT_DSU,3,1,0.000000e+00,1.0000e+00,0,"B0=1,B1=1_PASS"
2026-09-29T00:02:50.212617,78,DSYRK_GRAMIAN,2048,8,5.684342e-13,1.0000e+00,0,PASS
2026-09-29T00:02:50.213323,78,DYNAMIC_FWHT,2048,1,2.220446e-16,1.0000e+00,0,PASS
2026-09-29T00:02:50.219863,78,CAYLEY_BILATERAL,1024,8,6.661338e-16,1.0001e+00,0,PASS
2026-09-29T00:02:50.220289,78,RUST_BETTI_FLAT_DSU,3,1,0.000000e+00,1.0000e+00,0,"B0=1,B1=1_PASS"
2026-09-29T00:03:35.300321,79,DSYRK_GRAMIAN,4096,16,2.842171e-13,1.0000e+00,0,PASS
2026-09-29T00:03:35.301436,79,DYNAMIC_FWHT,4096,1,0.000000e+00,1.0000e+00,0,PASS
2026-09-29T00:03:35.310480,79,CAYLEY_BILATERAL,1024,16,8.881784e-16,1.0003e+00,0,PASS
2026-09-29T00:03:35.310981,79,RUST_BETTI_FLAT_DSU,3,1,0.000000e+00,1.0000e+00,0,"B0=1,B1=1_PASS"
2026-09-29T00:04:20.454038,80,DSYRK_GRAMIAN,8192,32,5.968559e-13,1.0000e+00,0,PASS
2026-09-29T00:04:20.455645,80,DYNAMIC_FWHT,8192,1,2.220446e-16,1.0000e+00,0,PASS
2026-09-29T00:04:20.469799,80,CAYLEY_BILATERAL,1024,32,1.443290e-15,1.0006e+00,0,PASS
2026-09-29T00:04:20.470361,80,RUST_BETTI_FLAT_DSU,3,1,0.000000e+00,1.0000e+00,0,"B0=1,B1=1_PASS"
2026-09-29T00:05:05.511499,81,DSYRK_GRAMIAN,2048,8,6.252776e-13,1.0000e+00,0,PASS
2026-09-29T00:05:05.512322,81,DYNAMIC_FWHT,2048,1,2.220446e-16,1.0000e+00,0,PASS
2026-09-29T00:05:05.515820,81,CAYLEY_BILATERAL,1024,8,5.551115e-16,1.0001e+00,0,PASS
2026-09-29T00:05:05.516324,81,RUST_BETTI_FLAT_DSU,3,1,0.000000e+00,1.0000e+00,0,"B0=1,B1=1_PASS"
2026-09-29T00:05:50.593496,82,DSYRK_GRAMIAN,4096,16,3.979039e-13,1.0000e+00,0,PASS
2026-09-29T00:05:50.594606,82,DYNAMIC_FWHT,4096,1,0.000000e+00,1.0000e+00,0,PASS
2026-09-29T00:05:50.598323,82,CAYLEY_BILATERAL,1024,16,1.221245e-15,1.0003e+00,0,PASS
2026-09-29T00:05:50.598845,82,RUST_BETTI_FLAT_DSU,3,1,0.000000e+00,1.0000e+00,0,"B0=1,B1=1_PASS"
2026-09-29T00:06:35.733417,83,DSYRK_GRAMIAN,8192,32,6.252776e-13,1.0000e+00,0,PASS
2026-09-29T00:06:35.734928,83,DYNAMIC_FWHT,8192,1,1.110223e-16,1.0000e+00,0,PASS
2026-09-29T00:06:35.748165,83,CAYLEY_BILATERAL,1024,32,1.110223e-15,1.0007e+00,0,PASS
2026-09-29T00:06:35.748692,83,RUST_BETTI_FLAT_DSU,3,1,0.000000e+00,1.0000e+00,0,"B0=1,B1=1_PASS"
2026-09-29T00:07:20.789784,84,DSYRK_GRAMIAN,2048,8,4.547474e-13,1.0000e+00,0,PASS
2026-09-29T00:07:20.790468,84,DYNAMIC_FWHT,2048,1,0.000000e+00,1.0000e+00,0,PASS
2026-09-29T00:07:20.796850,84,CAYLEY_BILATERAL,1024,8,8.881784e-16,1.0002e+00,0,PASS
2026-09-29T00:07:20.797379,84,RUST_BETTI_FLAT_DSU,3,1,0.000000e+00,1.0000e+00,0,"B0=1,B1=1_PASS"
2026-09-29T00:08:05.870388,85,DSYRK_GRAMIAN,4096,16,5.115908e-13,1.0000e+00,0,PASS
2026-09-29T00:08:05.871480,85,DYNAMIC_FWHT,4096,1,1.110223e-16,1.0000e+00,0,PASS
2026-09-29T00:08:05.875261,85,CAYLEY_BILATERAL,1024,16,1.332268e-15,1.0003e+00,0,PASS
2026-09-29T00:08:05.875776,85,RUST_BETTI_FLAT_DSU,3,1,0.000000e+00,1.0000e+00,0,"B0=1,B1=1_PASS"
2026-09-29T00:08:51.009446,86,DSYRK_GRAMIAN,8192,32,7.389644e-13,1.0000e+00,0,PASS
2026-09-29T00:08:51.010900,86,DYNAMIC_FWHT,8192,1,2.220446e-16,1.0000e+00,0,PASS
2026-09-29T00:08:51.025128,86,CAYLEY_BILATERAL,1024,32,1.776357e-15,1.0007e+00,0,PASS
2026-09-29T00:08:51.025751,86,RUST_BETTI_FLAT_DSU,3,1,0.000000e+00,1.0000e+00,0,"B0=1,B1=1_PASS"
2026-09-29T00:09:36.067437,87,DSYRK_GRAMIAN,2048,8,5.684342e-13,1.0000e+00,0,PASS
2026-09-29T00:09:36.068256,87,DYNAMIC_FWHT,2048,1,2.220446e-16,1.0000e+00,0,PASS
2026-09-29T00:09:36.070429,87,CAYLEY_BILATERAL,1024,8,9.992007e-16,1.0001e+00,0,PASS
2026-09-29T00:09:36.070889,87,RUST_BETTI_FLAT_DSU,3,1,0.000000e+00,1.0000e+00,0,"B0=1,B1=1_PASS"
2026-09-29T00:10:21.138506,88,DSYRK_GRAMIAN,4096,16,6.821210e-13,1.0000e+00,0,PASS
2026-09-29T00:10:21.139584,88,DYNAMIC_FWHT,4096,1,2.220446e-16,1.0000e+00,0,PASS
2026-09-29T00:10:21.143248,88,CAYLEY_BILATERAL,1024,16,1.110223e-15,1.0002e+00,0,PASS
2026-09-29T00:10:21.143829,88,RUST_BETTI_FLAT_DSU,3,1,0.000000e+00,1.0000e+00,0,"B0=1,B1=1_PASS"
2026-09-29T00:11:06.292854,89,DSYRK_GRAMIAN,8192,32,5.115908e-13,1.0000e+00,0,PASS
2026-09-29T00:11:06.294345,89,DYNAMIC_FWHT,8192,1,0.000000e+00,1.0000e+00,0,PASS
2026-09-29T00:11:06.307371,89,CAYLEY_BILATERAL,1024,32,1.776357e-15,1.0006e+00,0,PASS
2026-09-29T00:11:06.308026,89,RUST_BETTI_FLAT_DSU,3,1,0.000000e+00,1.0000e+00,0,"B0=1,B1=1_PASS"
2026-09-29T00:11:51.346135,90,DSYRK_GRAMIAN,2048,8,5.684342e-13,1.0000e+00,0,PASS
2026-09-29T00:11:51.346810,90,DYNAMIC_FWHT,2048,1,0.000000e+00,1.0000e+00,0,PASS
2026-09-29T00:11:51.348455,90,CAYLEY_BILATERAL,1024,8,1.110223e-15,1.0001e+00,0,PASS
2026-09-29T00:11:51.348838,90,RUST_BETTI_FLAT_DSU,3,1,0.000000e+00,1.0000e+00,0,"B0=1,B1=1_PASS"
2026-09-29T00:12:36.417763,91,DSYRK_GRAMIAN,4096,16,3.979039e-13,1.0000e+00,0,PASS
2026-09-29T00:12:36.418875,91,DYNAMIC_FWHT,4096,1,0.000000e+00,1.0000e+00,0,PASS
2026-09-29T00:12:36.422644,91,CAYLEY_BILATERAL,1024,16,1.221245e-15,1.0003e+00,0,PASS
2026-09-29T00:12:36.423153,91,RUST_BETTI_FLAT_DSU,3,1,0.000000e+00,1.0000e+00,0,"B0=1,B1=1_PASS"
2026-09-29T00:13:21.575038,92,DSYRK_GRAMIAN,8192,32,7.958079e-13,1.0000e+00,0,PASS
2026-09-29T00:13:21.576556,92,DYNAMIC_FWHT,8192,1,0.000000e+00,1.0000e+00,0,PASS
2026-09-29T00:13:21.589599,92,CAYLEY_BILATERAL,1024,32,1.776357e-15,1.0007e+00,0,PASS
2026-09-29T00:13:21.590129,92,RUST_BETTI_FLAT_DSU,3,1,0.000000e+00,1.0000e+00,0,"B0=1,B1=1_PASS"
2026-09-29T00:14:06.631714,93,DSYRK_GRAMIAN,2048,8,5.115908e-13,1.0000e+00,0,PASS
2026-09-29T00:14:06.632536,93,DYNAMIC_FWHT,2048,1,0.000000e+00,1.0000e+00,0,PASS
2026-09-29T00:14:06.639347,93,CAYLEY_BILATERAL,1024,8,8.881784e-16,1.0001e+00,0,PASS
2026-09-29T00:14:06.639955,93,RUST_BETTI_FLAT_DSU,3,1,0.000000e+00,1.0000e+00,0,"B0=1,B1=1_PASS"
2026-09-29T00:14:51.711858,94,DSYRK_GRAMIAN,4096,16,5.115908e-13,1.0000e+00,0,PASS
2026-09-29T00:14:51.712930,94,DYNAMIC_FWHT,4096,1,1.110223e-16,1.0000e+00,0,PASS
2026-09-29T00:14:51.716691,94,CAYLEY_BILATERAL,1024,16,1.554312e-15,1.0002e+00,0,PASS
2026-09-29T00:14:51.717204,94,RUST_BETTI_FLAT_DSU,3,1,0.000000e+00,1.0000e+00,0,"B0=1,B1=1_PASS"
2026-09-29T00:15:36.868407,95,DSYRK_GRAMIAN,8192,32,6.821210e-13,1.0000e+00,0,PASS
2026-09-29T00:15:36.869920,95,DYNAMIC_FWHT,8192,1,2.220446e-16,1.0000e+00,0,PASS
2026-09-29T00:15:36.884574,95,CAYLEY_BILATERAL,1024,32,1.554312e-15,1.0007e+00,0,PASS
2026-09-29T00:15:36.885128,95,RUST_BETTI_FLAT_DSU,3,1,0.000000e+00,1.0000e+00,0,"B0=1,B1=1_PASS"
2026-09-29T00:16:21.937306,96,DSYRK_GRAMIAN,2048,8,6.252776e-13,1.0000e+00,0,PASS
2026-09-29T00:16:21.938690,96,DYNAMIC_FWHT,2048,1,2.220446e-16,1.0000e+00,0,PASS
2026-09-29T00:16:21.940722,96,CAYLEY_BILATERAL,1024,8,6.661338e-16,1.0001e+00,0,PASS
2026-09-29T00:16:21.941160,96,RUST_BETTI_FLAT_DSU,3,1,0.000000e+00,1.0000e+00,0,"B0=1,B1=1_PASS"
2026-09-29T00:17:07.034780,97,DSYRK_GRAMIAN,4096,16,4.547474e-13,1.0000e+00,0,PASS
2026-09-29T00:17:07.036309,97,DYNAMIC_FWHT,4096,1,0.000000e+00,1.0000e+00,0,PASS
2026-09-29T00:17:07.046723,97,CAYLEY_BILATERAL,1024,16,1.332268e-15,1.0004e+00,0,PASS
2026-09-29T00:17:07.047394,97,RUST_BETTI_FLAT_DSU,3,1,0.000000e+00,1.0000e+00,0,"B0=1,B1=1_PASS"
2026-09-29T00:17:52.172659,98,DSYRK_GRAMIAN,8192,32,6.252776e-13,1.0000e+00,0,PASS
2026-09-29T00:17:52.174188,98,DYNAMIC_FWHT,8192,1,0.000000e+00,1.0000e+00,0,PASS
2026-09-29T00:17:52.190414,98,CAYLEY_BILATERAL,1024,32,1.332268e-15,1.0006e+00,0,PASS
2026-09-29T00:17:52.190957,98,RUST_BETTI_FLAT_DSU,3,1,0.000000e+00,1.0000e+00,0,"B0=1,B1=1_PASS"
2026-09-29T00:18:37.235856,99,DSYRK_GRAMIAN,2048,8,5.115908e-13,1.0000e+00,0,PASS
2026-09-29T00:18:37.236614,99,DYNAMIC_FWHT,2048,1,2.220446e-16,1.0000e+00,0,PASS
2026-09-29T00:18:37.238544,99,CAYLEY_BILATERAL,1024,8,8.881784e-16,1.0002e+00,0,PASS
2026-09-29T00:18:37.238972,99,RUST_BETTI_FLAT_DSU,3,1,0.000000e+00,1.0000e+00,0,"B0=1,B1=1_PASS"
2026-09-29T00:19:22.313375,100,DSYRK_GRAMIAN,4096,16,3.979039e-13,1.0000e+00,0,PASS
2026-09-29T00:19:22.314450,100,DYNAMIC_FWHT,4096,1,0.000000e+00,1.0000e+00,0,PASS
2026-09-29T00:19:22.322096,100,CAYLEY_BILATERAL,1024,16,1.776357e-15,1.0002e+00,0,PASS
2026-09-29T00:19:22.322642,100,RUST_BETTI_FLAT_DSU,3,1,0.000000e+00,1.0000e+00,0,"B0=1,B1=1_PASS"
2026-09-29T00:20:07.462239,101,DSYRK_GRAMIAN,8192,32,7.958079e-13,1.0000e+00,0,PASS
2026-09-29T00:20:07.463771,101,DYNAMIC_FWHT,8192,1,2.220446e-16,1.0000e+00,0,PASS
2026-09-29T00:20:07.478190,101,CAYLEY_BILATERAL,1024,32,1.554312e-15,1.0006e+00,0,PASS
2026-09-29T00:20:07.478717,101,RUST_BETTI_FLAT_DSU,3,1,0.000000e+00,1.0000e+00,0,"B0=1,B1=1_PASS"
2026-09-29T00:20:52.524944,102,DSYRK_GRAMIAN,2048,8,7.958079e-13,1.0000e+00,0,PASS
2026-09-29T00:20:52.525622,102,DYNAMIC_FWHT,2048,1,1.110223e-16,1.0000e+00,0,PASS
2026-09-29T00:20:52.532078,102,CAYLEY_BILATERAL,1024,8,7.771561e-16,1.0001e+00,0,PASS
2026-09-29T00:20:52.532472,102,RUST_BETTI_FLAT_DSU,3,1,0.000000e+00,1.0000e+00,0,"B0=1,B1=1_PASS"
2026-09-29T00:21:37.606389,103,DSYRK_GRAMIAN,4096,16,4.831691e-13,1.0000e+00,0,PASS
2026-09-29T00:21:37.607481,103,DYNAMIC_FWHT,4096,1,0.000000e+00,1.0000e+00,0,PASS
2026-09-29T00:21:37.611124,103,CAYLEY_BILATERAL,1024,16,1.110223e-15,1.0003e+00,0,PASS
2026-09-29T00:21:37.611624,103,RUST_BETTI_FLAT_DSU,3,1,0.000000e+00,1.0000e+00,0,"B0=1,B1=1_PASS"
2026-09-29T00:22:22.756221,104,DSYRK_GRAMIAN,8192,32,7.958079e-13,1.0000e+00,0,PASS
2026-09-29T00:22:22.757745,104,DYNAMIC_FWHT,8192,1,4.440892e-16,1.0000e+00,0,PASS
2026-09-29T00:22:22.766914,104,CAYLEY_BILATERAL,1024,32,1.554312e-15,1.0006e+00,0,PASS
2026-09-29T00:22:22.767451,104,RUST_BETTI_FLAT_DSU,3,1,0.000000e+00,1.0000e+00,0,"B0=1,B1=1_PASS"
2026-09-29T00:23:07.800191,105,DSYRK_GRAMIAN,2048,8,2.273737e-13,1.0000e+00,0,PASS
2026-09-29T00:23:07.800873,105,DYNAMIC_FWHT,2048,1,2.220446e-16,1.0000e+00,0,PASS
2026-09-29T00:23:07.802838,105,CAYLEY_BILATERAL,1024,8,8.881784e-16,1.0001e+00,0,PASS
2026-09-29T00:23:07.803237,105,RUST_BETTI_FLAT_DSU,3,1,0.000000e+00,1.0000e+00,0,"B0=1,B1=1_PASS"
2026-09-29T00:23:52.885736,106,DSYRK_GRAMIAN,4096,16,3.126388e-13,1.0000e+00,0,PASS
2026-09-29T00:23:52.886887,106,DYNAMIC_FWHT,4096,1,2.220446e-16,1.0000e+00,0,PASS
2026-09-29T00:23:52.890529,106,CAYLEY_BILATERAL,1024,16,8.881784e-16,1.0004e+00,0,PASS
2026-09-29T00:23:52.891056,106,RUST_BETTI_FLAT_DSU,3,1,0.000000e+00,1.0000e+00,0,"B0=1,B1=1_PASS"
2026-09-29T00:24:38.032162,107,DSYRK_GRAMIAN,8192,32,5.400125e-13,1.0000e+00,0,PASS
2026-09-29T00:24:38.038342,107,DYNAMIC_FWHT,8192,1,2.220446e-16,1.0000e+00,0,PASS
2026-09-29T00:24:38.047618,107,CAYLEY_BILATERAL,1024,32,2.109424e-15,1.0006e+00,0,PASS
2026-09-29T00:24:38.048121,107,RUST_BETTI_FLAT_DSU,3,1,0.000000e+00,1.0000e+00,0,"B0=1,B1=1_PASS"
2026-09-29T00:25:23.096640,108,DSYRK_GRAMIAN,2048,8,3.410605e-13,1.0000e+00,0,PASS
2026-09-29T00:25:23.097307,108,DYNAMIC_FWHT,2048,1,0.000000e+00,1.0000e+00,0,PASS
2026-09-29T00:25:23.098959,108,CAYLEY_BILATERAL,1024,8,1.332268e-15,1.0001e+00,0,PASS
2026-09-29T00:25:23.099342,108,RUST_BETTI_FLAT_DSU,3,1,0.000000e+00,1.0000e+00,0,"B0=1,B1=1_PASS"
2026-09-29T00:26:08.174516,109,DSYRK_GRAMIAN,4096,16,3.410605e-13,1.0000e+00,0,PASS
2026-09-29T00:26:08.175718,109,DYNAMIC_FWHT,4096,1,0.000000e+00,1.0000e+00,0,PASS
2026-09-29T00:26:08.183724,109,CAYLEY_BILATERAL,1024,16,1.332268e-15,1.0003e+00,0,PASS
2026-09-29T00:26:08.184231,109,RUST_BETTI_FLAT_DSU,3,1,0.000000e+00,1.0000e+00,0,"B0=1,B1=1_PASS"
2026-09-29T00:26:53.320006,110,DSYRK_GRAMIAN,8192,32,5.684342e-13,1.0000e+00,0,PASS
2026-09-29T00:26:53.321489,110,DYNAMIC_FWHT,8192,1,0.000000e+00,1.0000e+00,0,PASS
2026-09-29T00:26:53.335153,110,CAYLEY_BILATERAL,1024,32,1.332268e-15,1.0006e+00,0,PASS
2026-09-29T00:26:53.335710,110,RUST_BETTI_FLAT_DSU,3,1,0.000000e+00,1.0000e+00,0,"B0=1,B1=1_PASS"
2026-09-29T00:27:38.377560,111,DSYRK_GRAMIAN,2048,8,7.105427e-13,1.0000e+00,0,PASS
2026-09-29T00:27:38.378270,111,DYNAMIC_FWHT,2048,1,2.220446e-16,1.0000e+00,0,PASS
2026-09-29T00:27:38.380041,111,CAYLEY_BILATERAL,1024,8,5.551115e-16,1.0001e+00,0,PASS
2026-09-29T00:27:38.380442,111,RUST_BETTI_FLAT_DSU,3,1,0.000000e+00,1.0000e+00,0,"B0=1,B1=1_PASS"
2026-09-29T00:28:23.445581,112,DSYRK_GRAMIAN,4096,16,6.252776e-13,1.0000e+00,0,PASS
2026-09-29T00:28:23.446842,112,DYNAMIC_FWHT,4096,1,1.110223e-16,1.0000e+00,0,PASS
2026-09-29T00:28:23.453449,112,CAYLEY_BILATERAL,1024,16,1.554312e-15,1.0003e+00,0,PASS
2026-09-29T00:28:23.454062,112,RUST_BETTI_FLAT_DSU,3,1,0.000000e+00,1.0000e+00,0,"B0=1,B1=1_PASS"
2026-09-29T00:29:08.601132,113,DSYRK_GRAMIAN,8192,32,5.968559e-13,1.0000e+00,0,PASS
2026-09-29T00:29:08.602687,113,DYNAMIC_FWHT,8192,1,0.000000e+00,1.0000e+00,0,PASS
2026-09-29T00:29:08.616952,113,CAYLEY_BILATERAL,1024,32,1.332268e-15,1.0007e+00,0,PASS
2026-09-29T00:29:08.617467,113,RUST_BETTI_FLAT_DSU,3,1,0.000000e+00,1.0000e+00,0,"B0=1,B1=1_PASS"
2026-09-29T00:29:53.661364,114,DSYRK_GRAMIAN,2048,8,3.410605e-13,1.0000e+00,0,PASS
2026-09-29T00:29:53.662082,114,DYNAMIC_FWHT,2048,1,0.000000e+00,1.0000e+00,0,PASS
2026-09-29T00:29:53.663810,114,CAYLEY_BILATERAL,1024,8,1.665335e-15,1.0001e+00,0,PASS
2026-09-29T00:29:53.664193,114,RUST_BETTI_FLAT_DSU,3,1,0.000000e+00,1.0000e+00,0,"B0=1,B1=1_PASS"
2026-09-29T00:30:38.730370,115,DSYRK_GRAMIAN,4096,16,4.547474e-13,1.0000e+00,0,PASS
2026-09-29T00:30:38.731481,115,DYNAMIC_FWHT,4096,1,2.220446e-16,1.0000e+00,0,PASS
2026-09-29T00:30:38.735340,115,CAYLEY_BILATERAL,1024,16,8.881784e-16,1.0003e+00,0,PASS
2026-09-29T00:30:38.735880,115,RUST_BETTI_FLAT_DSU,3,1,0.000000e+00,1.0000e+00,0,"B0=1,B1=1_PASS"
2026-09-29T00:31:23.903256,116,DSYRK_GRAMIAN,8192,32,8.810730e-13,1.0000e+00,0,PASS
2026-09-29T00:31:23.904749,116,DYNAMIC_FWHT,8192,1,2.220446e-16,1.0000e+00,0,PASS
2026-09-29T00:31:23.918547,116,CAYLEY_BILATERAL,1024,32,1.332268e-15,1.0006e+00,0,PASS
2026-09-29T00:31:23.919049,116,RUST_BETTI_FLAT_DSU,3,1,0.000000e+00,1.0000e+00,0,"B0=1,B1=1_PASS"
2026-09-29T00:32:08.963471,117,DSYRK_GRAMIAN,2048,8,5.115908e-13,1.0000e+00,0,PASS
2026-09-29T00:32:08.968206,117,DYNAMIC_FWHT,2048,1,2.220446e-16,1.0000e+00,0,PASS
2026-09-29T00:32:08.970792,117,CAYLEY_BILATERAL,1024,8,4.440892e-16,1.0001e+00,0,PASS
2026-09-29T00:32:08.971182,117,RUST_BETTI_FLAT_DSU,3,1,0.000000e+00,1.0000e+00,0,"B0=1,B1=1_PASS"
2026-09-29T00:32:54.041750,118,DSYRK_GRAMIAN,4096,16,5.115908e-13,1.0000e+00,0,PASS
2026-09-29T00:32:54.042825,118,DYNAMIC_FWHT,4096,1,0.000000e+00,1.0000e+00,0,PASS
2026-09-29T00:32:54.046491,118,CAYLEY_BILATERAL,1024,16,1.110223e-15,1.0002e+00,0,PASS
2026-09-29T00:32:54.047061,118,RUST_BETTI_FLAT_DSU,3,1,0.000000e+00,1.0000e+00,0,"B0=1,B1=1_PASS"
2026-09-29T00:33:39.182815,119,DSYRK_GRAMIAN,8192,32,8.526513e-13,1.0000e+00,0,PASS
2026-09-29T00:33:39.184323,119,DYNAMIC_FWHT,8192,1,2.220446e-16,1.0000e+00,0,PASS
2026-09-29T00:33:39.198104,119,CAYLEY_BILATERAL,1024,32,1.332268e-15,1.0007e+00,0,PASS
2026-09-29T00:33:39.198616,119,RUST_BETTI_FLAT_DSU,3,1,0.000000e+00,1.0000e+00,0,"B0=1,B1=1_PASS"
2026-09-29T00:34:24.238638,120,DSYRK_GRAMIAN,2048,8,5.684342e-13,1.0000e+00,0,PASS
2026-09-29T00:34:24.239371,120,DYNAMIC_FWHT,2048,1,2.220446e-16,1.0000e+00,0,PASS
2026-09-29T00:34:24.241136,120,CAYLEY_BILATERAL,1024,8,5.551115e-16,1.0001e+00,0,PASS
2026-09-29T00:34:24.241556,120,RUST_BETTI_FLAT_DSU,3,1,0.000000e+00,1.0000e+00,0,"B0=1,B1=1_PASS"
2026-09-29T00:35:09.320589,121,DSYRK_GRAMIAN,4096,16,4.831691e-13,1.0000e+00,0,PASS
2026-09-29T00:35:09.321740,121,DYNAMIC_FWHT,4096,1,0.000000e+00,1.0000e+00,0,PASS
2026-09-29T00:35:09.325565,121,CAYLEY_BILATERAL,1024,16,1.110223e-15,1.0002e+00,0,PASS
2026-09-29T00:35:09.326088,121,RUST_BETTI_FLAT_DSU,3,1,0.000000e+00,1.0000e+00,0,"B0=1,B1=1_PASS"
2026-09-29T00:35:54.477153,122,DSYRK_GRAMIAN,8192,32,5.968559e-13,1.0000e+00,0,PASS
2026-09-29T00:35:54.478697,122,DYNAMIC_FWHT,8192,1,0.000000e+00,1.0000e+00,0,PASS
2026-09-29T00:35:54.495228,122,CAYLEY_BILATERAL,1024,32,1.110223e-15,1.0006e+00,0,PASS
2026-09-29T00:35:54.495778,122,RUST_BETTI_FLAT_DSU,3,1,0.000000e+00,1.0000e+00,0,"B0=1,B1=1_PASS"
2026-09-29T00:36:39.568062,123,DSYRK_GRAMIAN,2048,8,2.842171e-13,1.0000e+00,0,PASS
2026-09-29T00:36:39.568719,123,DYNAMIC_FWHT,2048,1,2.220446e-16,1.0000e+00,0,PASS
2026-09-29T00:36:39.570400,123,CAYLEY_BILATERAL,1024,8,7.771561e-16,1.0002e+00,0,PASS
2026-09-29T00:36:39.570784,123,RUST_BETTI_FLAT_DSU,3,1,0.000000e+00,1.0000e+00,0,"B0=1,B1=1_PASS"
2026-09-29T00:37:24.642964,124,DSYRK_GRAMIAN,4096,16,2.273737e-13,1.0000e+00,0,PASS
2026-09-29T00:37:24.644048,124,DYNAMIC_FWHT,4096,1,2.220446e-16,1.0000e+00,0,PASS
2026-09-29T00:37:24.652861,124,CAYLEY_BILATERAL,1024,16,8.881784e-16,1.0003e+00,0,PASS
2026-09-29T00:37:24.653367,124,RUST_BETTI_FLAT_DSU,3,1,0.000000e+00,1.0000e+00,0,"B0=1,B1=1_PASS"
2026-09-29T00:38:09.790753,125,DSYRK_GRAMIAN,8192,32,4.547474e-13,1.0000e+00,0,PASS
2026-09-29T00:38:09.792517,125,DYNAMIC_FWHT,8192,1,2.220446e-16,1.0000e+00,0,PASS
2026-09-29T00:38:09.806297,125,CAYLEY_BILATERAL,1024,32,1.443290e-15,1.0006e+00,0,PASS
2026-09-29T00:38:09.806903,125,RUST_BETTI_FLAT_DSU,3,1,0.000000e+00,1.0000e+00,0,"B0=1,B1=1_PASS"
2026-09-29T00:38:54.837136,126,DSYRK_GRAMIAN,2048,8,4.547474e-13,1.0000e+00,0,PASS
2026-09-29T00:38:54.837793,126,DYNAMIC_FWHT,2048,1,1.110223e-16,1.0000e+00,0,PASS
2026-09-29T00:38:54.842958,126,CAYLEY_BILATERAL,1024,8,4.440892e-16,1.0001e+00,0,PASS
2026-09-29T00:38:54.843426,126,RUST_BETTI_FLAT_DSU,3,1,0.000000e+00,1.0000e+00,0,"B0=1,B1=1_PASS"
2026-09-29T00:39:39.904771,127,DSYRK_GRAMIAN,4096,16,4.547474e-13,1.0000e+00,0,PASS
2026-09-29T00:39:39.905851,127,DYNAMIC_FWHT,4096,1,0.000000e+00,1.0000e+00,0,PASS
2026-09-29T00:39:39.909827,127,CAYLEY_BILATERAL,1024,16,1.332268e-15,1.0003e+00,0,PASS
2026-09-29T00:39:39.910462,127,RUST_BETTI_FLAT_DSU,3,1,0.000000e+00,1.0000e+00,0,"B0=1,B1=1_PASS"
2026-09-29T00:40:25.056375,128,DSYRK_GRAMIAN,8192,32,8.242296e-13,1.0000e+00,0,PASS
2026-09-29T00:40:25.057873,128,DYNAMIC_FWHT,8192,1,2.220446e-16,1.0000e+00,0,PASS
2026-09-29T00:40:25.072381,128,CAYLEY_BILATERAL,1024,32,1.332268e-15,1.0006e+00,0,PASS
2026-09-29T00:40:25.072897,128,RUST_BETTI_FLAT_DSU,3,1,0.000000e+00,1.0000e+00,0,"B0=1,B1=1_PASS"
2026-09-29T00:41:10.115279,129,DSYRK_GRAMIAN,2048,8,6.252776e-13,1.0000e+00,0,PASS
2026-09-29T00:41:10.116105,129,DYNAMIC_FWHT,2048,1,1.110223e-16,1.0000e+00,0,PASS
2026-09-29T00:41:10.118377,129,CAYLEY_BILATERAL,1024,8,1.110223e-15,1.0001e+00,0,PASS
2026-09-29T00:41:10.119076,129,RUST_BETTI_FLAT_DSU,3,1,0.000000e+00,1.0000e+00,0,"B0=1,B1=1_PASS"
2026-09-29T00:41:55.190259,130,DSYRK_GRAMIAN,4096,16,3.410605e-13,1.0000e+00,0,PASS
2026-09-29T00:41:55.195678,130,DYNAMIC_FWHT,4096,1,0.000000e+00,1.0000e+00,0,PASS
2026-09-29T00:41:55.199478,130,CAYLEY_BILATERAL,1024,16,1.554312e-15,1.0002e+00,0,PASS
2026-09-29T00:41:55.199982,130,RUST_BETTI_FLAT_DSU,3,1,0.000000e+00,1.0000e+00,0,"B0=1,B1=1_PASS"
2026-09-29T00:42:40.334858,131,DSYRK_GRAMIAN,8192,32,6.821210e-13,1.0000e+00,0,PASS
2026-09-29T00:42:40.336404,131,DYNAMIC_FWHT,8192,1,2.220446e-16,1.0000e+00,0,PASS
2026-09-29T00:42:40.350027,131,CAYLEY_BILATERAL,1024,32,1.554312e-15,1.0005e+00,0,PASS
2026-09-29T00:42:40.350571,131,RUST_BETTI_FLAT_DSU,3,1,0.000000e+00,1.0000e+00,0,"B0=1,B1=1_PASS"
2026-09-29T00:43:25.399183,132,DSYRK_GRAMIAN,2048,8,3.694822e-13,1.0000e+00,0,PASS
2026-09-29T00:43:25.399976,132,DYNAMIC_FWHT,2048,1,2.220446e-16,1.0000e+00,0,PASS
2026-09-29T00:43:25.405258,132,CAYLEY_BILATERAL,1024,8,6.661338e-16,1.0002e+00,0,PASS
2026-09-29T00:43:25.405717,132,RUST_BETTI_FLAT_DSU,3,1,0.000000e+00,1.0000e+00,0,"B0=1,B1=1_PASS"
2026-09-29T00:44:10.483627,133,DSYRK_GRAMIAN,4096,16,3.410605e-13,1.0000e+00,0,PASS
2026-09-29T00:44:10.484743,133,DYNAMIC_FWHT,4096,1,0.000000e+00,1.0000e+00,0,PASS
2026-09-29T00:44:10.494053,133,CAYLEY_BILATERAL,1024,16,1.110223e-15,1.0003e+00,0,PASS
2026-09-29T00:44:10.494556,133,RUST_BETTI_FLAT_DSU,3,1,0.000000e+00,1.0000e+00,0,"B0=1,B1=1_PASS"
2026-09-29T00:44:55.648365,134,DSYRK_GRAMIAN,8192,32,7.389644e-13,1.0000e+00,0,PASS
2026-09-29T00:44:55.650000,134,DYNAMIC_FWHT,8192,1,2.220446e-16,1.0000e+00,0,PASS
2026-09-29T00:44:55.665120,134,CAYLEY_BILATERAL,1024,32,1.554312e-15,1.0008e+00,0,PASS
2026-09-29T00:44:55.665637,134,RUST_BETTI_FLAT_DSU,3,1,0.000000e+00,1.0000e+00,0,"B0=1,B1=1_PASS"
2026-09-29T00:45:40.708010,135,DSYRK_GRAMIAN,2048,8,9.947598e-13,1.0000e+00,0,PASS
2026-09-29T00:45:40.708752,135,DYNAMIC_FWHT,2048,1,2.220446e-16,1.0000e+00,0,PASS
2026-09-29T00:45:40.710702,135,CAYLEY_BILATERAL,1024,8,1.332268e-15,1.0001e+00,0,PASS
2026-09-29T00:45:40.711124,135,RUST_BETTI_FLAT_DSU,3,1,0.000000e+00,1.0000e+00,0,"B0=1,B1=1_PASS"
2026-09-29T00:46:25.783960,136,DSYRK_GRAMIAN,4096,16,3.979039e-13,1.0000e+00,0,PASS
2026-09-29T00:46:25.785140,136,DYNAMIC_FWHT,4096,1,1.110223e-16,1.0000e+00,0,PASS
2026-09-29T00:46:25.792442,136,CAYLEY_BILATERAL,1024,16,1.110223e-15,1.0003e+00,0,PASS
2026-09-29T00:46:25.793021,136,RUST_BETTI_FLAT_DSU,3,1,0.000000e+00,1.0000e+00,0,"B0=1,B1=1_PASS"
2026-09-29T00:47:10.930661,137,DSYRK_GRAMIAN,8192,32,5.115908e-13,1.0000e+00,0,PASS
2026-09-29T00:47:10.932158,137,DYNAMIC_FWHT,8192,1,2.220446e-16,1.0000e+00,0,PASS
2026-09-29T00:47:10.946051,137,CAYLEY_BILATERAL,1024,32,1.554312e-15,1.0006e+00,0,PASS
2026-09-29T00:47:10.946614,137,RUST_BETTI_FLAT_DSU,3,1,0.000000e+00,1.0000e+00,0,"B0=1,B1=1_PASS"
2026-09-29T00:47:55.977017,138,DSYRK_GRAMIAN,2048,8,4.547474e-13,1.0000e+00,0,PASS
2026-09-29T00:47:55.977798,138,DYNAMIC_FWHT,2048,1,0.000000e+00,1.0000e+00,0,PASS
2026-09-29T00:47:55.984366,138,CAYLEY_BILATERAL,1024,8,4.440892e-16,1.0001e+00,0,PASS
2026-09-29T00:47:55.984816,138,RUST_BETTI_FLAT_DSU,3,1,0.000000e+00,1.0000e+00,0,"B0=1,B1=1_PASS"
2026-09-29T00:48:41.059431,139,DSYRK_GRAMIAN,4096,16,7.389644e-13,1.0000e+00,0,PASS
2026-09-29T00:48:41.060543,139,DYNAMIC_FWHT,4096,1,0.000000e+00,1.0000e+00,0,PASS
2026-09-29T00:48:41.064126,139,CAYLEY_BILATERAL,1024,16,1.332268e-15,1.0003e+00,0,PASS
2026-09-29T00:48:41.064634,139,RUST_BETTI_FLAT_DSU,3,1,0.000000e+00,1.0000e+00,0,"B0=1,B1=1_PASS"
2026-09-29T00:49:26.213303,140,DSYRK_GRAMIAN,8192,32,7.389644e-13,1.0000e+00,0,PASS
2026-09-29T00:49:26.214770,140,DYNAMIC_FWHT,8192,1,0.000000e+00,1.0000e+00,0,PASS
2026-09-29T00:49:26.228353,140,CAYLEY_BILATERAL,1024,32,2.664535e-15,1.0007e+00,0,PASS
2026-09-29T00:49:26.228912,140,RUST_BETTI_FLAT_DSU,3,1,0.000000e+00,1.0000e+00,0,"B0=1,B1=1_PASS"
2026-09-29T00:50:11.271470,141,DSYRK_GRAMIAN,2048,8,4.547474e-13,1.0000e+00,0,PASS
2026-09-29T00:50:11.272128,141,DYNAMIC_FWHT,2048,1,2.220446e-16,1.0000e+00,0,PASS
2026-09-29T00:50:11.273730,141,CAYLEY_BILATERAL,1024,8,1.110223e-15,1.0001e+00,0,PASS
2026-09-29T00:50:11.274125,141,RUST_BETTI_FLAT_DSU,3,1,0.000000e+00,1.0000e+00,0,"B0=1,B1=1_PASS"
2026-09-29T00:50:56.340669,142,DSYRK_GRAMIAN,4096,16,3.410605e-13,1.0000e+00,0,PASS
2026-09-29T00:50:56.341779,142,DYNAMIC_FWHT,4096,1,2.220446e-16,1.0000e+00,0,PASS
2026-09-29T00:50:56.345594,142,CAYLEY_BILATERAL,1024,16,9.992007e-16,1.0002e+00,0,PASS
2026-09-29T00:50:56.346095,142,RUST_BETTI_FLAT_DSU,3,1,0.000000e+00,1.0000e+00,0,"B0=1,B1=1_PASS"
2026-09-29T00:51:41.501015,143,DSYRK_GRAMIAN,8192,32,6.821210e-13,1.0000e+00,0,PASS
2026-09-29T00:51:41.506752,143,DYNAMIC_FWHT,8192,1,2.220446e-16,1.0000e+00,0,PASS
2026-09-29T00:51:41.516183,143,CAYLEY_BILATERAL,1024,32,1.998401e-15,1.0007e+00,0,PASS
2026-09-29T00:51:41.516766,143,RUST_BETTI_FLAT_DSU,3,1,0.000000e+00,1.0000e+00,0,"B0=1,B1=1_PASS"
2026-09-29T00:52:26.562922,144,DSYRK_GRAMIAN,2048,8,3.979039e-13,1.0000e+00,0,PASS
2026-09-29T00:52:26.563584,144,DYNAMIC_FWHT,2048,1,1.110223e-16,1.0000e+00,0,PASS
2026-09-29T00:52:26.565319,144,CAYLEY_BILATERAL,1024,8,7.771561e-16,1.0001e+00,0,PASS
2026-09-29T00:52:26.565712,144,RUST_BETTI_FLAT_DSU,3,1,0.000000e+00,1.0000e+00,0,"B0=1,B1=1_PASS"
2026-09-29T00:53:11.638004,145,DSYRK_GRAMIAN,4096,16,5.115908e-13,1.0000e+00,0,PASS
2026-09-29T00:53:11.639119,145,DYNAMIC_FWHT,4096,1,2.220446e-16,1.0000e+00,0,PASS
2026-09-29T00:53:11.642741,145,CAYLEY_BILATERAL,1024,16,1.776357e-15,1.0003e+00,0,PASS
2026-09-29T00:53:11.643247,145,RUST_BETTI_FLAT_DSU,3,1,0.000000e+00,1.0000e+00,0,"B0=1,B1=1_PASS"
2026-09-29T00:53:56.764439,146,DSYRK_GRAMIAN,8192,32,7.673862e-13,1.0000e+00,0,PASS
2026-09-29T00:53:56.766164,146,DYNAMIC_FWHT,8192,1,0.000000e+00,1.0000e+00,0,PASS
2026-09-29T00:53:56.780920,146,CAYLEY_BILATERAL,1024,32,1.554312e-15,1.0006e+00,0,PASS
2026-09-29T00:53:56.781454,146,RUST_BETTI_FLAT_DSU,3,1,0.000000e+00,1.0000e+00,0,"B0=1,B1=1_PASS"
2026-09-29T00:54:41.833142,147,DSYRK_GRAMIAN,2048,8,5.115908e-13,1.0000e+00,0,PASS
2026-09-29T00:54:41.834186,147,DYNAMIC_FWHT,2048,1,2.220446e-16,1.0000e+00,0,PASS
2026-09-29T00:54:41.836930,147,CAYLEY_BILATERAL,1024,8,8.881784e-16,1.0001e+00,0,PASS
2026-09-29T00:54:41.840244,147,RUST_BETTI_FLAT_DSU,3,1,0.000000e+00,1.0000e+00,0,"B0=1,B1=1_PASS"
2026-09-29T00:55:26.901438,148,DSYRK_GRAMIAN,4096,16,4.263256e-13,1.0000e+00,0,PASS
2026-09-29T00:55:26.902514,148,DYNAMIC_FWHT,4096,1,0.000000e+00,1.0000e+00,0,PASS
2026-09-29T00:55:26.906319,148,CAYLEY_BILATERAL,1024,16,1.332268e-15,1.0003e+00,0,PASS
2026-09-29T00:55:26.906841,148,RUST_BETTI_FLAT_DSU,3,1,0.000000e+00,1.0000e+00,0,"B0=1,B1=1_PASS"
2026-09-29T00:56:12.054945,149,DSYRK_GRAMIAN,8192,32,7.105427e-13,1.0000e+00,0,PASS
2026-09-29T00:56:12.056544,149,DYNAMIC_FWHT,8192,1,0.000000e+00,1.0000e+00,0,PASS
2026-09-29T00:56:12.071590,149,CAYLEY_BILATERAL,1024,32,1.554312e-15,1.0007e+00,0,PASS
2026-09-29T00:56:12.072125,149,RUST_BETTI_FLAT_DSU,3,1,0.000000e+00,1.0000e+00,0,"B0=1,B1=1_PASS"
2026-09-29T00:56:57.125682,150,DSYRK_GRAMIAN,2048,8,3.979039e-13,1.0000e+00,0,PASS
2026-09-29T00:56:57.126568,150,DYNAMIC_FWHT,2048,1,2.220446e-16,1.0000e+00,0,PASS
2026-09-29T00:56:57.128753,150,CAYLEY_BILATERAL,1024,8,1.110223e-15,1.0001e+00,0,PASS
2026-09-29T00:56:57.129209,150,RUST_BETTI_FLAT_DSU,3,1,0.000000e+00,1.0000e+00,0,"B0=1,B1=1_PASS"
2026-09-29T00:57:42.212638,151,DSYRK_GRAMIAN,4096,16,4.547474e-13,1.0000e+00,0,PASS
2026-09-29T00:57:42.213753,151,DYNAMIC_FWHT,4096,1,0.000000e+00,1.0000e+00,0,PASS
2026-09-29T00:57:42.217442,151,CAYLEY_BILATERAL,1024,16,1.110223e-15,1.0003e+00,0,PASS
2026-09-29T00:57:42.217947,151,RUST_BETTI_FLAT_DSU,3,1,0.000000e+00,1.0000e+00,0,"B0=1,B1=1_PASS"
2026-09-29T00:58:27.356694,152,DSYRK_GRAMIAN,8192,32,7.958079e-13,1.0000e+00,0,PASS
2026-09-29T00:58:27.358220,152,DYNAMIC_FWHT,8192,1,2.220446e-16,1.0000e+00,0,PASS
2026-09-29T00:58:27.370939,152,CAYLEY_BILATERAL,1024,32,1.776357e-15,1.0006e+00,0,PASS
2026-09-29T00:58:27.371454,152,RUST_BETTI_FLAT_DSU,3,1,0.000000e+00,1.0000e+00,0,"B0=1,B1=1_PASS"
2026-09-29T00:59:12.411060,153,DSYRK_GRAMIAN,2048,8,2.273737e-13,1.0000e+00,0,PASS
2026-09-29T00:59:12.411720,153,DYNAMIC_FWHT,2048,1,0.000000e+00,1.0000e+00,0,PASS
2026-09-29T00:59:12.413375,153,CAYLEY_BILATERAL,1024,8,6.661338e-16,1.0001e+00,0,PASS
2026-09-29T00:59:12.413759,153,RUST_BETTI_FLAT_DSU,3,1,0.000000e+00,1.0000e+00,0,"B0=1,B1=1_PASS"
2026-09-29T00:59:57.491502,154,DSYRK_GRAMIAN,4096,16,3.694822e-13,1.0000e+00,0,PASS
2026-09-29T00:59:57.492672,154,DYNAMIC_FWHT,4096,1,1.110223e-16,1.0000e+00,0,PASS
2026-09-29T00:59:57.496504,154,CAYLEY_BILATERAL,1024,16,1.776357e-15,1.0002e+00,0,PASS
2026-09-29T00:59:57.497029,154,RUST_BETTI_FLAT_DSU,3,1,0.000000e+00,1.0000e+00,0,"B0=1,B1=1_PASS"
2026-09-29T01:00:42.637325,155,DSYRK_GRAMIAN,8192,32,5.684342e-13,1.0000e+00,0,PASS
2026-09-29T01:00:42.638807,155,DYNAMIC_FWHT,8192,1,2.220446e-16,1.0000e+00,0,PASS
2026-09-29T01:00:42.653019,155,CAYLEY_BILATERAL,1024,32,2.220446e-15,1.0007e+00,0,PASS
2026-09-29T01:00:42.653576,155,RUST_BETTI_FLAT_DSU,3,1,0.000000e+00,1.0000e+00,0,"B0=1,B1=1_PASS"
2026-09-29T01:01:27.694606,156,DSYRK_GRAMIAN,2048,8,3.979039e-13,1.0000e+00,0,PASS
2026-09-29T01:01:27.695558,156,DYNAMIC_FWHT,2048,1,0.000000e+00,1.0000e+00,0,PASS
2026-09-29T01:01:27.701314,156,CAYLEY_BILATERAL,1024,8,5.551115e-16,1.0001e+00,0,PASS
2026-09-29T01:01:27.701771,156,RUST_BETTI_FLAT_DSU,3,1,0.000000e+00,1.0000e+00,0,"B0=1,B1=1_PASS"
2026-09-29T01:02:12.779391,157,DSYRK_GRAMIAN,4096,16,3.410605e-13,1.0000e+00,0,PASS
2026-09-29T01:02:12.780502,157,DYNAMIC_FWHT,4096,1,0.000000e+00,1.0000e+00,0,PASS
2026-09-29T01:02:12.788181,157,CAYLEY_BILATERAL,1024,16,8.881784e-16,1.0004e+00,0,PASS
2026-09-29T01:02:12.788824,157,RUST_BETTI_FLAT_DSU,3,1,0.000000e+00,1.0000e+00,0,"B0=1,B1=1_PASS"
2026-09-29T01:02:57.930471,158,DSYRK_GRAMIAN,8192,32,6.821210e-13,1.0000e+00,0,PASS
2026-09-29T01:02:57.931988,158,DYNAMIC_FWHT,8192,1,2.220446e-16,1.0000e+00,0,PASS
2026-09-29T01:02:57.945451,158,CAYLEY_BILATERAL,1024,32,1.776357e-15,1.0007e+00,0,PASS
2026-09-29T01:02:57.945997,158,RUST_BETTI_FLAT_DSU,3,1,0.000000e+00,1.0000e+00,0,"B0=1,B1=1_PASS"
2026-09-29T01:03:42.991482,159,DSYRK_GRAMIAN,2048,8,5.115908e-13,1.0000e+00,0,PASS
2026-09-29T01:03:42.992210,159,DYNAMIC_FWHT,2048,1,0.000000e+00,1.0000e+00,0,PASS
2026-09-29T01:03:42.999916,159,CAYLEY_BILATERAL,1024,8,4.440892e-16,1.0001e+00,0,PASS
2026-09-29T01:03:43.000350,159,RUST_BETTI_FLAT_DSU,3,1,0.000000e+00,1.0000e+00,0,"B0=1,B1=1_PASS"
2026-09-29T01:04:28.078832,160,DSYRK_GRAMIAN,4096,16,6.252776e-13,1.0000e+00,0,PASS
2026-09-29T01:04:28.079977,160,DYNAMIC_FWHT,4096,1,1.110223e-16,1.0000e+00,0,PASS
2026-09-29T01:04:28.087995,160,CAYLEY_BILATERAL,1024,16,1.554312e-15,1.0002e+00,0,PASS
2026-09-29T01:04:28.088503,160,RUST_BETTI_FLAT_DSU,3,1,0.000000e+00,1.0000e+00,0,"B0=1,B1=1_PASS"
2026-09-29T01:05:13.233774,161,DSYRK_GRAMIAN,8192,32,8.526513e-13,1.0000e+00,0,PASS
2026-09-29T01:05:13.235569,161,DYNAMIC_FWHT,8192,1,2.220446e-16,1.0000e+00,0,PASS
2026-09-29T01:05:13.247580,161,CAYLEY_BILATERAL,1024,32,1.776357e-15,1.0006e+00,0,PASS
2026-09-29T01:05:13.248184,161,RUST_BETTI_FLAT_DSU,3,1,0.000000e+00,1.0000e+00,0,"B0=1,B1=1_PASS"
2026-09-29T01:05:58.287315,162,DSYRK_GRAMIAN,2048,8,6.821210e-13,1.0000e+00,0,PASS
2026-09-29T01:05:58.288011,162,DYNAMIC_FWHT,2048,1,1.110223e-16,1.0000e+00,0,PASS
2026-09-29T01:05:58.289806,162,CAYLEY_BILATERAL,1024,8,1.332268e-15,1.0001e+00,0,PASS
2026-09-29T01:05:58.290338,162,RUST_BETTI_FLAT_DSU,3,1,0.000000e+00,1.0000e+00,0,"B0=1,B1=1_PASS"
2026-09-29T01:06:43.366817,163,DSYRK_GRAMIAN,4096,16,3.410605e-13,1.0000e+00,0,PASS
2026-09-29T01:06:43.367954,163,DYNAMIC_FWHT,4096,1,2.220446e-16,1.0000e+00,0,PASS
2026-09-29T01:06:43.371615,163,CAYLEY_BILATERAL,1024,16,8.881784e-16,1.0004e+00,0,PASS
2026-09-29T01:06:43.372122,163,RUST_BETTI_FLAT_DSU,3,1,0.000000e+00,1.0000e+00,0,"B0=1,B1=1_PASS"
2026-09-29T01:07:28.513932,164,DSYRK_GRAMIAN,8192,32,6.252776e-13,1.0000e+00,0,PASS
2026-09-29T01:07:28.515450,164,DYNAMIC_FWHT,8192,1,0.000000e+00,1.0000e+00,0,PASS
2026-09-29T01:07:28.528662,164,CAYLEY_BILATERAL,1024,32,1.443290e-15,1.0006e+00,0,PASS
2026-09-29T01:07:28.529220,164,RUST_BETTI_FLAT_DSU,3,1,0.000000e+00,1.0000e+00,0,"B0=1,B1=1_PASS"
2026-09-29T01:08:13.576882,165,DSYRK_GRAMIAN,2048,8,4.831691e-13,1.0000e+00,0,PASS
2026-09-29T01:08:13.577611,165,DYNAMIC_FWHT,2048,1,2.220446e-16,1.0000e+00,0,PASS
2026-09-29T01:08:13.579925,165,CAYLEY_BILATERAL,1024,8,4.440892e-16,1.0001e+00,0,PASS
2026-09-29T01:08:13.580327,165,RUST_BETTI_FLAT_DSU,3,1,0.000000e+00,1.0000e+00,0,"B0=1,B1=1_PASS"
2026-09-29T01:08:58.651527,166,DSYRK_GRAMIAN,4096,16,3.410605e-13,1.0000e+00,0,PASS
2026-09-29T01:08:58.652630,166,DYNAMIC_FWHT,4096,1,0.000000e+00,1.0000e+00,0,PASS
2026-09-29T01:08:58.656378,166,CAYLEY_BILATERAL,1024,16,9.992007e-16,1.0002e+00,0,PASS
2026-09-29T01:08:58.656877,166,RUST_BETTI_FLAT_DSU,3,1,0.000000e+00,1.0000e+00,0,"B0=1,B1=1_PASS"
2026-09-29T01:09:43.791526,167,DSYRK_GRAMIAN,8192,32,7.389644e-13,1.0000e+00,0,PASS
2026-09-29T01:09:43.793220,167,DYNAMIC_FWHT,8192,1,2.220446e-16,1.0000e+00,0,PASS
2026-09-29T01:09:43.806175,167,CAYLEY_BILATERAL,1024,32,2.220446e-15,1.0006e+00,0,PASS
2026-09-29T01:09:43.806759,167,RUST_BETTI_FLAT_DSU,3,1,0.000000e+00,1.0000e+00,0,"B0=1,B1=1_PASS"
2026-09-29T01:10:28.837622,168,DSYRK_GRAMIAN,2048,8,6.252776e-13,1.0000e+00,0,PASS
2026-09-29T01:10:28.838564,168,DYNAMIC_FWHT,2048,1,1.110223e-16,1.0000e+00,0,PASS
2026-09-29T01:10:28.841284,168,CAYLEY_BILATERAL,1024,8,8.881784e-16,1.0001e+00,0,PASS
2026-09-29T01:10:28.841875,168,RUST_BETTI_FLAT_DSU,3,1,0.000000e+00,1.0000e+00,0,"B0=1,B1=1_PASS"
2026-09-29T01:11:13.922622,169,DSYRK_GRAMIAN,4096,16,2.842171e-13,1.0000e+00,0,PASS
2026-09-29T01:11:13.923931,169,DYNAMIC_FWHT,4096,1,0.000000e+00,1.0000e+00,0,PASS
2026-09-29T01:11:13.931847,169,CAYLEY_BILATERAL,1024,16,1.443290e-15,1.0003e+00,0,PASS
2026-09-29T01:11:13.932384,169,RUST_BETTI_FLAT_DSU,3,1,0.000000e+00,1.0000e+00,0,"B0=1,B1=1_PASS"
2026-09-29T01:11:59.076659,170,DSYRK_GRAMIAN,8192,32,7.105427e-13,1.0000e+00,0,PASS
2026-09-29T01:11:59.083100,170,DYNAMIC_FWHT,8192,1,0.000000e+00,1.0000e+00,0,PASS
2026-09-29T01:11:59.092056,170,CAYLEY_BILATERAL,1024,32,1.554312e-15,1.0006e+00,0,PASS
2026-09-29T01:11:59.092610,170,RUST_BETTI_FLAT_DSU,3,1,0.000000e+00,1.0000e+00,0,"B0=1,B1=1_PASS"
2026-09-29T01:12:44.142595,171,DSYRK_GRAMIAN,2048,8,6.821210e-13,1.0000e+00,0,PASS
2026-09-29T01:12:44.143261,171,DYNAMIC_FWHT,2048,1,2.220446e-16,1.0000e+00,0,PASS
2026-09-29T01:12:44.144922,171,CAYLEY_BILATERAL,1024,8,4.440892e-16,1.0001e+00,0,PASS
2026-09-29T01:12:44.145355,171,RUST_BETTI_FLAT_DSU,3,1,0.000000e+00,1.0000e+00,0,"B0=1,B1=1_PASS"
2026-09-29T01:13:29.225931,172,DSYRK_GRAMIAN,4096,16,3.410605e-13,1.0000e+00,0,PASS
2026-09-29T01:13:29.227040,172,DYNAMIC_FWHT,4096,1,0.000000e+00,1.0000e+00,0,PASS
2026-09-29T01:13:29.230686,172,CAYLEY_BILATERAL,1024,16,1.443290e-15,1.0002e+00,0,PASS
2026-09-29T01:13:29.231186,172,RUST_BETTI_FLAT_DSU,3,1,0.000000e+00,1.0000e+00,0,"B0=1,B1=1_PASS"
2026-09-29T01:14:14.364817,173,DSYRK_GRAMIAN,8192,32,7.389644e-13,1.0000e+00,0,PASS
2026-09-29T01:14:14.366478,173,DYNAMIC_FWHT,8192,1,0.000000e+00,1.0000e+00,0,PASS
2026-09-29T01:14:14.380019,173,CAYLEY_BILATERAL,1024,32,1.554312e-15,1.0006e+00,0,PASS
2026-09-29T01:14:14.380604,173,RUST_BETTI_FLAT_DSU,3,1,0.000000e+00,1.0000e+00,0,"B0=1,B1=1_PASS"
2026-09-29T01:14:59.423415,174,DSYRK_GRAMIAN,2048,8,5.684342e-13,1.0000e+00,0,PASS
2026-09-29T01:14:59.424090,174,DYNAMIC_FWHT,2048,1,0.000000e+00,1.0000e+00,0,PASS
2026-09-29T01:14:59.425813,174,CAYLEY_BILATERAL,1024,8,8.881784e-16,1.0001e+00,0,PASS
2026-09-29T01:14:59.426201,174,RUST_BETTI_FLAT_DSU,3,1,0.000000e+00,1.0000e+00,0,"B0=1,B1=1_PASS"
2026-09-29T01:15:44.497745,175,DSYRK_GRAMIAN,4096,16,2.273737e-13,1.0000e+00,0,PASS
2026-09-29T01:15:44.498924,175,DYNAMIC_FWHT,4096,1,1.110223e-16,1.0000e+00,0,PASS
2026-09-29T01:15:44.507720,175,CAYLEY_BILATERAL,1024,16,1.776357e-15,1.0003e+00,0,PASS
2026-09-29T01:15:44.508686,175,RUST_BETTI_FLAT_DSU,3,1,0.000000e+00,1.0000e+00,0,"B0=1,B1=1_PASS"
2026-09-29T01:16:29.651061,176,DSYRK_GRAMIAN,8192,32,7.105427e-13,1.0000e+00,0,PASS
2026-09-29T01:16:29.652730,176,DYNAMIC_FWHT,8192,1,0.000000e+00,1.0000e+00,0,PASS
2026-09-29T01:16:29.666959,176,CAYLEY_BILATERAL,1024,32,1.332268e-15,1.0007e+00,0,PASS
2026-09-29T01:16:29.667521,176,RUST_BETTI_FLAT_DSU,3,1,0.000000e+00,1.0000e+00,0,"B0=1,B1=1_PASS"
2026-09-29T01:17:14.689846,177,DSYRK_GRAMIAN,2048,8,5.684342e-13,1.0000e+00,0,PASS
2026-09-29T01:17:14.690506,177,DYNAMIC_FWHT,2048,1,2.220446e-16,1.0000e+00,0,PASS
2026-09-29T01:17:14.692135,177,CAYLEY_BILATERAL,1024,8,6.661338e-16,1.0001e+00,0,PASS
2026-09-29T01:17:14.692517,177,RUST_BETTI_FLAT_DSU,3,1,0.000000e+00,1.0000e+00,0,"B0=1,B1=1_PASS"
2026-09-29T01:17:59.760717,178,DSYRK_GRAMIAN,4096,16,6.252776e-13,1.0000e+00,0,PASS
2026-09-29T01:17:59.761842,178,DYNAMIC_FWHT,4096,1,0.000000e+00,1.0000e+00,0,PASS
2026-09-29T01:17:59.768975,178,CAYLEY_BILATERAL,1024,16,1.110223e-15,1.0003e+00,0,PASS
2026-09-29T01:17:59.769776,178,RUST_BETTI_FLAT_DSU,3,1,0.000000e+00,1.0000e+00,0,"B0=1,B1=1_PASS"
2026-09-29T01:18:44.912751,179,DSYRK_GRAMIAN,8192,32,1.080025e-12,1.0000e+00,0,PASS
2026-09-29T01:18:44.914245,179,DYNAMIC_FWHT,8192,1,1.110223e-16,1.0000e+00,0,PASS
2026-09-29T01:18:44.927683,179,CAYLEY_BILATERAL,1024,32,1.554312e-15,1.0005e+00,0,PASS
2026-09-29T01:18:44.928292,179,RUST_BETTI_FLAT_DSU,3,1,0.000000e+00,1.0000e+00,0,"B0=1,B1=1_PASS"
2026-09-29T01:19:29.969014,180,DSYRK_GRAMIAN,2048,8,5.400125e-13,1.0000e+00,0,PASS
2026-09-29T01:19:29.969715,180,DYNAMIC_FWHT,2048,1,1.110223e-16,1.0000e+00,0,PASS
2026-09-29T01:19:29.971473,180,CAYLEY_BILATERAL,1024,8,6.661338e-16,1.0001e+00,0,PASS
2026-09-29T01:19:29.971877,180,RUST_BETTI_FLAT_DSU,3,1,0.000000e+00,1.0000e+00,0,"B0=1,B1=1_PASS"
2026-09-29T01:20:15.053600,181,DSYRK_GRAMIAN,4096,16,5.684342e-13,1.0000e+00,0,PASS
2026-09-29T01:20:15.054684,181,DYNAMIC_FWHT,4096,1,0.000000e+00,1.0000e+00,0,PASS
2026-09-29T01:20:15.058344,181,CAYLEY_BILATERAL,1024,16,6.661338e-16,1.0003e+00,0,PASS
2026-09-29T01:20:15.058850,181,RUST_BETTI_FLAT_DSU,3,1,0.000000e+00,1.0000e+00,0,"B0=1,B1=1_PASS"
2026-09-29T01:21:00.211650,182,DSYRK_GRAMIAN,8192,32,5.400125e-13,1.0000e+00,0,PASS
2026-09-29T01:21:00.213179,182,DYNAMIC_FWHT,8192,1,1.110223e-16,1.0000e+00,0,PASS
2026-09-29T01:21:00.227920,182,CAYLEY_BILATERAL,1024,32,1.332268e-15,1.0007e+00,0,PASS
2026-09-29T01:21:00.228473,182,RUST_BETTI_FLAT_DSU,3,1,0.000000e+00,1.0000e+00,0,"B0=1,B1=1_PASS"
2026-09-29T01:21:45.267558,183,DSYRK_GRAMIAN,2048,8,2.842171e-13,1.0000e+00,0,PASS
2026-09-29T01:21:45.268251,183,DYNAMIC_FWHT,2048,1,2.220446e-16,1.0000e+00,0,PASS
2026-09-29T01:21:45.270013,183,CAYLEY_BILATERAL,1024,8,1.332268e-15,1.0001e+00,0,PASS
2026-09-29T01:21:45.270412,183,RUST_BETTI_FLAT_DSU,3,1,0.000000e+00,1.0000e+00,0,"B0=1,B1=1_PASS"
2026-09-29T01:22:30.339078,184,DSYRK_GRAMIAN,4096,16,3.979039e-13,1.0000e+00,0,PASS
2026-09-29T01:22:30.340397,184,DYNAMIC_FWHT,4096,1,0.000000e+00,1.0000e+00,0,PASS
2026-09-29T01:22:30.345722,184,CAYLEY_BILATERAL,1024,16,8.881784e-16,1.0004e+00,0,PASS
2026-09-29T01:22:30.348779,184,RUST_BETTI_FLAT_DSU,3,1,0.000000e+00,1.0000e+00,0,"B0=1,B1=1_PASS"
2026-09-29T01:23:15.486074,185,DSYRK_GRAMIAN,8192,32,6.821210e-13,1.0000e+00,0,PASS
2026-09-29T01:23:15.487671,185,DYNAMIC_FWHT,8192,1,0.000000e+00,1.0000e+00,0,PASS
2026-09-29T01:23:15.503682,185,CAYLEY_BILATERAL,1024,32,2.442491e-15,1.0007e+00,0,PASS
2026-09-29T01:23:15.504193,185,RUST_BETTI_FLAT_DSU,3,1,0.000000e+00,1.0000e+00,0,"B0=1,B1=1_PASS"
2026-09-29T01:24:00.549373,186,DSYRK_GRAMIAN,2048,8,1.307399e-12,1.0000e+00,0,PASS
2026-09-29T01:24:00.550127,186,DYNAMIC_FWHT,2048,1,0.000000e+00,1.0000e+00,0,PASS
2026-09-29T01:24:00.552083,186,CAYLEY_BILATERAL,1024,8,6.661338e-16,1.0001e+00,0,PASS
2026-09-29T01:24:00.557625,186,RUST_BETTI_FLAT_DSU,3,1,0.000000e+00,1.0000e+00,0,"B0=1,B1=1_PASS"
2026-09-29T01:24:45.623792,187,DSYRK_GRAMIAN,4096,16,5.115908e-13,1.0000e+00,0,PASS
2026-09-29T01:24:45.629375,187,DYNAMIC_FWHT,4096,1,2.220446e-16,1.0000e+00,0,PASS
2026-09-29T01:24:45.633483,187,CAYLEY_BILATERAL,1024,16,8.881784e-16,1.0003e+00,0,PASS
2026-09-29T01:24:45.633996,187,RUST_BETTI_FLAT_DSU,3,1,0.000000e+00,1.0000e+00,0,"B0=1,B1=1_PASS"
2026-09-29T01:25:30.772411,188,DSYRK_GRAMIAN,8192,32,6.252776e-13,1.0000e+00,0,PASS
2026-09-29T01:25:30.773939,188,DYNAMIC_FWHT,8192,1,4.440892e-16,1.0000e+00,0,PASS
2026-09-29T01:25:30.787146,188,CAYLEY_BILATERAL,1024,32,1.554312e-15,1.0007e+00,0,PASS
2026-09-29T01:25:30.787803,188,RUST_BETTI_FLAT_DSU,3,1,0.000000e+00,1.0000e+00,0,"B0=1,B1=1_PASS"
2026-09-29T01:26:15.840497,189,DSYRK_GRAMIAN,2048,8,5.968559e-13,1.0000e+00,0,PASS
2026-09-29T01:26:15.841247,189,DYNAMIC_FWHT,2048,1,1.110223e-16,1.0000e+00,0,PASS
2026-09-29T01:26:15.842921,189,CAYLEY_BILATERAL,1024,8,8.881784e-16,1.0002e+00,0,PASS
2026-09-29T01:26:15.843321,189,RUST_BETTI_FLAT_DSU,3,1,0.000000e+00,1.0000e+00,0,"B0=1,B1=1_PASS"
2026-09-29T01:27:00.898085,190,DSYRK_GRAMIAN,4096,16,4.547474e-13,1.0000e+00,0,PASS
2026-09-29T01:27:00.899441,190,DYNAMIC_FWHT,4096,1,0.000000e+00,1.0000e+00,0,PASS
2026-09-29T01:27:00.903141,190,CAYLEY_BILATERAL,1024,16,1.221245e-15,1.0003e+00,0,PASS
2026-09-29T01:27:00.903642,190,RUST_BETTI_FLAT_DSU,3,1,0.000000e+00,1.0000e+00,0,"B0=1,B1=1_PASS"
2026-09-29T01:27:46.067397,191,DSYRK_GRAMIAN,8192,32,5.115908e-13,1.0000e+00,0,PASS
2026-09-29T01:27:46.068892,191,DYNAMIC_FWHT,8192,1,2.220446e-16,1.0000e+00,0,PASS
2026-09-29T01:27:46.083543,191,CAYLEY_BILATERAL,1024,32,1.443290e-15,1.0006e+00,0,PASS
2026-09-29T01:27:46.084158,191,RUST_BETTI_FLAT_DSU,3,1,0.000000e+00,1.0000e+00,0,"B0=1,B1=1_PASS"
2026-09-29T01:28:31.127772,192,DSYRK_GRAMIAN,2048,8,5.115908e-13,1.0000e+00,0,PASS
2026-09-29T01:28:31.128431,192,DYNAMIC_FWHT,2048,1,1.110223e-16,1.0000e+00,0,PASS
2026-09-29T01:28:31.130086,192,CAYLEY_BILATERAL,1024,8,8.881784e-16,1.0001e+00,0,PASS
2026-09-29T01:28:31.130565,192,RUST_BETTI_FLAT_DSU,3,1,0.000000e+00,1.0000e+00,0,"B0=1,B1=1_PASS"
2026-09-29T01:29:16.210569,193,DSYRK_GRAMIAN,4096,16,2.273737e-13,1.0000e+00,0,PASS
2026-09-29T01:29:16.211681,193,DYNAMIC_FWHT,4096,1,0.000000e+00,1.0000e+00,0,PASS
2026-09-29T01:29:16.215585,193,CAYLEY_BILATERAL,1024,16,8.881784e-16,1.0003e+00,0,PASS
2026-09-29T01:29:16.216108,193,RUST_BETTI_FLAT_DSU,3,1,0.000000e+00,1.0000e+00,0,"B0=1,B1=1_PASS"
2026-09-29T01:30:01.354019,194,DSYRK_GRAMIAN,8192,32,5.684342e-13,1.0000e+00,0,PASS
2026-09-29T01:30:01.355563,194,DYNAMIC_FWHT,8192,1,0.000000e+00,1.0000e+00,0,PASS
2026-09-29T01:30:01.367892,194,CAYLEY_BILATERAL,1024,32,1.332268e-15,1.0007e+00,0,PASS
2026-09-29T01:30:01.368462,194,RUST_BETTI_FLAT_DSU,3,1,0.000000e+00,1.0000e+00,0,"B0=1,B1=1_PASS"
2026-09-29T01:30:46.407162,195,DSYRK_GRAMIAN,2048,8,4.547474e-13,1.0000e+00,0,PASS
2026-09-29T01:30:46.407854,195,DYNAMIC_FWHT,2048,1,2.220446e-16,1.0000e+00,0,PASS
2026-09-29T01:30:46.409570,195,CAYLEY_BILATERAL,1024,8,8.881784e-16,1.0001e+00,0,PASS
2026-09-29T01:30:46.410158,195,RUST_BETTI_FLAT_DSU,3,1,0.000000e+00,1.0000e+00,0,"B0=1,B1=1_PASS"
2026-09-29T01:31:31.487621,196,DSYRK_GRAMIAN,4096,16,4.547474e-13,1.0000e+00,0,PASS
2026-09-29T01:31:31.488755,196,DYNAMIC_FWHT,4096,1,0.000000e+00,1.0000e+00,0,PASS
2026-09-29T01:31:31.492542,196,CAYLEY_BILATERAL,1024,16,1.443290e-15,1.0002e+00,0,PASS
2026-09-29T01:31:31.493050,196,RUST_BETTI_FLAT_DSU,3,1,0.000000e+00,1.0000e+00,0,"B0=1,B1=1_PASS"
2026-09-29T01:32:16.630580,197,DSYRK_GRAMIAN,8192,32,4.831691e-13,1.0000e+00,0,PASS
2026-09-29T01:32:16.632084,197,DYNAMIC_FWHT,8192,1,2.220446e-16,1.0000e+00,0,PASS
2026-09-29T01:32:16.645690,197,CAYLEY_BILATERAL,1024,32,2.220446e-15,1.0006e+00,0,PASS
2026-09-29T01:32:16.646351,197,RUST_BETTI_FLAT_DSU,3,1,0.000000e+00,1.0000e+00,0,"B0=1,B1=1_PASS"
2026-09-29T01:33:01.691825,198,DSYRK_GRAMIAN,2048,8,3.410605e-13,1.0000e+00,0,PASS
2026-09-29T01:33:01.692756,198,DYNAMIC_FWHT,2048,1,4.440892e-16,1.0000e+00,0,PASS
2026-09-29T01:33:01.698921,198,CAYLEY_BILATERAL,1024,8,1.110223e-15,1.0001e+00,0,PASS
2026-09-29T01:33:01.699335,198,RUST_BETTI_FLAT_DSU,3,1,0.000000e+00,1.0000e+00,0,"B0=1,B1=1_PASS"
2026-09-29T01:33:46.771190,199,DSYRK_GRAMIAN,4096,16,3.410605e-13,1.0000e+00,0,PASS
2026-09-29T01:33:46.772337,199,DYNAMIC_FWHT,4096,1,0.000000e+00,1.0000e+00,0,PASS
2026-09-29T01:33:46.775969,199,CAYLEY_BILATERAL,1024,16,1.332268e-15,1.0003e+00,0,PASS
2026-09-29T01:33:46.776474,199,RUST_BETTI_FLAT_DSU,3,1,0.000000e+00,1.0000e+00,0,"B0=1,B1=1_PASS"
2026-09-29T01:34:31.923695,200,DSYRK_GRAMIAN,8192,32,6.536993e-13,1.0000e+00,0,PASS
2026-09-29T01:34:31.925263,200,DYNAMIC_FWHT,8192,1,1.110223e-16,1.0000e+00,0,PASS
2026-09-29T01:34:31.934338,200,CAYLEY_BILATERAL,1024,32,1.776357e-15,1.0006e+00,0,PASS
2026-09-29T01:34:31.939124,200,RUST_BETTI_FLAT_DSU,3,1,0.000000e+00,1.0000e+00,0,"B0=1,B1=1_PASS"
2026-09-29T01:35:17.017610,201,DSYRK_GRAMIAN,2048,8,6.252776e-13,1.0000e+00,0,PASS
2026-09-29T01:35:17.018385,201,DYNAMIC_FWHT,2048,1,2.220446e-16,1.0000e+00,0,PASS
2026-09-29T01:35:17.020683,201,CAYLEY_BILATERAL,1024,8,8.881784e-16,1.0001e+00,0,PASS
2026-09-29T01:35:17.021075,201,RUST_BETTI_FLAT_DSU,3,1,0.000000e+00,1.0000e+00,0,"B0=1,B1=1_PASS"
2026-09-29T01:36:02.104117,202,DSYRK_GRAMIAN,4096,16,2.273737e-13,1.0000e+00,0,PASS
2026-09-29T01:36:02.105230,202,DYNAMIC_FWHT,4096,1,2.220446e-16,1.0000e+00,0,PASS
2026-09-29T01:36:02.108962,202,CAYLEY_BILATERAL,1024,16,1.332268e-15,1.0004e+00,0,PASS
2026-09-29T01:36:02.109470,202,RUST_BETTI_FLAT_DSU,3,1,0.000000e+00,1.0000e+00,0,"B0=1,B1=1_PASS"
2026-09-29T01:36:47.260924,203,DSYRK_GRAMIAN,8192,32,6.252776e-13,1.0000e+00,0,PASS
2026-09-29T01:36:47.262505,203,DYNAMIC_FWHT,8192,1,1.110223e-16,1.0000e+00,0,PASS
2026-09-29T01:36:47.277265,203,CAYLEY_BILATERAL,1024,32,1.998401e-15,1.0008e+00,0,PASS
2026-09-29T01:36:47.277772,203,RUST_BETTI_FLAT_DSU,3,1,0.000000e+00,1.0000e+00,0,"B0=1,B1=1_PASS"
2026-09-29T01:37:32.309153,204,DSYRK_GRAMIAN,2048,8,5.684342e-13,1.0000e+00,0,PASS
2026-09-29T01:37:32.309843,204,DYNAMIC_FWHT,2048,1,2.220446e-16,1.0000e+00,0,PASS
2026-09-29T01:37:32.311509,204,CAYLEY_BILATERAL,1024,8,8.881784e-16,1.0001e+00,0,PASS
2026-09-29T01:37:32.311890,204,RUST_BETTI_FLAT_DSU,3,1,0.000000e+00,1.0000e+00,0,"B0=1,B1=1_PASS"
2026-09-29T01:38:17.382147,205,DSYRK_GRAMIAN,4096,16,3.410605e-13,1.0000e+00,0,PASS
2026-09-29T01:38:17.383261,205,DYNAMIC_FWHT,4096,1,0.000000e+00,1.0000e+00,0,PASS
2026-09-29T01:38:17.386990,205,CAYLEY_BILATERAL,1024,16,8.881784e-16,1.0003e+00,0,PASS
2026-09-29T01:38:17.387489,205,RUST_BETTI_FLAT_DSU,3,1,0.000000e+00,1.0000e+00,0,"B0=1,B1=1_PASS"
2026-09-29T01:39:02.520141,206,DSYRK_GRAMIAN,8192,32,6.821210e-13,1.0000e+00,0,PASS
2026-09-29T01:39:02.521682,206,DYNAMIC_FWHT,8192,1,2.220446e-16,1.0000e+00,0,PASS
2026-09-29T01:39:02.535023,206,CAYLEY_BILATERAL,1024,32,1.776357e-15,1.0007e+00,0,PASS
2026-09-29T01:39:02.535559,206,RUST_BETTI_FLAT_DSU,3,1,0.000000e+00,1.0000e+00,0,"B0=1,B1=1_PASS"
2026-09-29T01:39:47.579682,207,DSYRK_GRAMIAN,2048,8,4.547474e-13,1.0000e+00,0,PASS
2026-09-29T01:39:47.580397,207,DYNAMIC_FWHT,2048,1,1.110223e-16,1.0000e+00,0,PASS
2026-09-29T01:39:47.582221,207,CAYLEY_BILATERAL,1024,8,8.881784e-16,1.0001e+00,0,PASS
2026-09-29T01:39:47.582624,207,RUST_BETTI_FLAT_DSU,3,1,0.000000e+00,1.0000e+00,0,"B0=1,B1=1_PASS"
2026-09-29T01:40:32.661804,208,DSYRK_GRAMIAN,4096,16,3.979039e-13,1.0000e+00,0,PASS
2026-09-29T01:40:32.663229,208,DYNAMIC_FWHT,4096,1,1.110223e-16,1.0000e+00,0,PASS
2026-09-29T01:40:32.667096,208,CAYLEY_BILATERAL,1024,16,8.881784e-16,1.0003e+00,0,PASS
2026-09-29T01:40:32.667507,208,RUST_BETTI_FLAT_DSU,3,1,0.000000e+00,1.0000e+00,0,"B0=1,B1=1_PASS"
2026-09-29T01:41:17.819181,209,DSYRK_GRAMIAN,8192,32,7.958079e-13,1.0000e+00,0,PASS
2026-09-29T01:41:17.820566,209,DYNAMIC_FWHT,8192,1,0.000000e+00,1.0000e+00,0,PASS
2026-09-29T01:41:17.835640,209,CAYLEY_BILATERAL,1024,32,1.332268e-15,1.0007e+00,0,PASS
2026-09-29T01:41:17.836377,209,RUST_BETTI_FLAT_DSU,3,1,0.000000e+00,1.0000e+00,0,"B0=1,B1=1_PASS"
2026-09-29T01:42:02.869940,210,DSYRK_GRAMIAN,2048,8,6.821210e-13,1.0000e+00,0,PASS
2026-09-29T01:42:02.870878,210,DYNAMIC_FWHT,2048,1,1.110223e-16,1.0000e+00,0,PASS
2026-09-29T01:42:02.873122,210,CAYLEY_BILATERAL,1024,8,4.440892e-16,1.0001e+00,0,PASS
2026-09-29T01:42:02.873635,210,RUST_BETTI_FLAT_DSU,3,1,0.000000e+00,1.0000e+00,0,"B0=1,B1=1_PASS"
2026-09-29T01:42:47.944845,211,DSYRK_GRAMIAN,4096,16,6.252776e-13,1.0000e+00,0,PASS
2026-09-29T01:42:47.946058,211,DYNAMIC_FWHT,4096,1,1.110223e-16,1.0000e+00,0,PASS
2026-09-29T01:42:47.949722,211,CAYLEY_BILATERAL,1024,16,8.881784e-16,1.0003e+00,0,PASS
2026-09-29T01:42:47.950227,211,RUST_BETTI_FLAT_DSU,3,1,0.000000e+00,1.0000e+00,0,"B0=1,B1=1_PASS"
2026-09-29T01:43:33.084586,212,DSYRK_GRAMIAN,8192,32,6.821210e-13,1.0000e+00,0,PASS
2026-09-29T01:43:33.086228,212,DYNAMIC_FWHT,8192,1,0.000000e+00,1.0000e+00,0,PASS
2026-09-29T01:43:33.098947,212,CAYLEY_BILATERAL,1024,32,1.332268e-15,1.0006e+00,0,PASS
2026-09-29T01:43:33.099498,212,RUST_BETTI_FLAT_DSU,3,1,0.000000e+00,1.0000e+00,0,"B0=1,B1=1_PASS"
2026-09-29T01:44:18.124248,213,DSYRK_GRAMIAN,2048,8,6.252776e-13,1.0000e+00,0,PASS
2026-09-29T01:44:18.124918,213,DYNAMIC_FWHT,2048,1,0.000000e+00,1.0000e+00,0,PASS
2026-09-29T01:44:18.126661,213,CAYLEY_BILATERAL,1024,8,9.992007e-16,1.0001e+00,0,PASS
2026-09-29T01:44:18.127047,213,RUST_BETTI_FLAT_DSU,3,1,0.000000e+00,1.0000e+00,0,"B0=1,B1=1_PASS"
2026-09-29T01:45:03.212109,214,DSYRK_GRAMIAN,4096,16,5.115908e-13,1.0000e+00,0,PASS
2026-09-29T01:45:03.213191,214,DYNAMIC_FWHT,4096,1,0.000000e+00,1.0000e+00,0,PASS
2026-09-29T01:45:03.221916,214,CAYLEY_BILATERAL,1024,16,1.554312e-15,1.0003e+00,0,PASS
2026-09-29T01:45:03.223099,214,RUST_BETTI_FLAT_DSU,3,1,0.000000e+00,1.0000e+00,0,"B0=1,B1=1_PASS"
2026-09-29T01:45:48.359257,215,DSYRK_GRAMIAN,8192,32,5.400125e-13,1.0000e+00,0,PASS
2026-09-29T01:45:48.360854,215,DYNAMIC_FWHT,8192,1,1.110223e-16,1.0000e+00,0,PASS
2026-09-29T01:45:48.369931,215,CAYLEY_BILATERAL,1024,32,1.554312e-15,1.0007e+00,0,PASS
2026-09-29T01:45:48.370490,215,RUST_BETTI_FLAT_DSU,3,1,0.000000e+00,1.0000e+00,0,"B0=1,B1=1_PASS"
2026-09-29T01:46:33.414330,216,DSYRK_GRAMIAN,2048,8,4.831691e-13,1.0000e+00,0,PASS
2026-09-29T01:46:33.415066,216,DYNAMIC_FWHT,2048,1,0.000000e+00,1.0000e+00,0,PASS
2026-09-29T01:46:33.416825,216,CAYLEY_BILATERAL,1024,8,6.661338e-16,1.0002e+00,0,PASS
2026-09-29T01:46:33.417210,216,RUST_BETTI_FLAT_DSU,3,1,0.000000e+00,1.0000e+00,0,"B0=1,B1=1_PASS"
2026-09-29T01:47:18.486985,217,DSYRK_GRAMIAN,4096,16,5.684342e-13,1.0000e+00,0,PASS
2026-09-29T01:47:18.488103,217,DYNAMIC_FWHT,4096,1,0.000000e+00,1.0000e+00,0,PASS
2026-09-29T01:47:18.491778,217,CAYLEY_BILATERAL,1024,16,1.776357e-15,1.0003e+00,0,PASS
2026-09-29T01:47:18.492312,217,RUST_BETTI_FLAT_DSU,3,1,0.000000e+00,1.0000e+00,0,"B0=1,B1=1_PASS"
2026-09-29T01:48:03.632080,218,DSYRK_GRAMIAN,8192,32,1.108447e-12,1.0000e+00,0,PASS
2026-09-29T01:48:03.633549,218,DYNAMIC_FWHT,8192,1,1.110223e-16,1.0000e+00,0,PASS
2026-09-29T01:48:03.646861,218,CAYLEY_BILATERAL,1024,32,2.442491e-15,1.0006e+00,0,PASS
2026-09-29T01:48:03.647436,218,RUST_BETTI_FLAT_DSU,3,1,0.000000e+00,1.0000e+00,0,"B0=1,B1=1_PASS"
2026-09-29T01:48:48.686490,219,DSYRK_GRAMIAN,2048,8,6.252776e-13,1.0000e+00,0,PASS
2026-09-29T01:48:48.687239,219,DYNAMIC_FWHT,2048,1,0.000000e+00,1.0000e+00,0,PASS
2026-09-29T01:48:48.689034,219,CAYLEY_BILATERAL,1024,8,6.661338e-16,1.0001e+00,0,PASS
2026-09-29T01:48:48.689439,219,RUST_BETTI_FLAT_DSU,3,1,0.000000e+00,1.0000e+00,0,"B0=1,B1=1_PASS"
2026-09-29T01:49:33.766096,220,DSYRK_GRAMIAN,4096,16,2.842171e-13,1.0000e+00,0,PASS
2026-09-29T01:49:33.767364,220,DYNAMIC_FWHT,4096,1,1.110223e-16,1.0000e+00,0,PASS
2026-09-29T01:49:33.771169,220,CAYLEY_BILATERAL,1024,16,1.776357e-15,1.0002e+00,0,PASS
2026-09-29T01:49:33.771678,220,RUST_BETTI_FLAT_DSU,3,1,0.000000e+00,1.0000e+00,0,"B0=1,B1=1_PASS"
2026-09-29T01:50:18.921608,221,DSYRK_GRAMIAN,8192,32,6.821210e-13,1.0000e+00,0,PASS
2026-09-29T01:50:18.923170,221,DYNAMIC_FWHT,8192,1,1.110223e-16,1.0000e+00,0,PASS
2026-09-29T01:50:18.932323,221,CAYLEY_BILATERAL,1024,32,1.554312e-15,1.0006e+00,0,PASS
2026-09-29T01:50:18.933067,221,RUST_BETTI_FLAT_DSU,3,1,0.000000e+00,1.0000e+00,0,"B0=1,B1=1_PASS"
2026-09-29T01:51:03.985995,222,DSYRK_GRAMIAN,2048,8,3.410605e-13,1.0000e+00,0,PASS
2026-09-29T01:51:03.986717,222,DYNAMIC_FWHT,2048,1,2.220446e-16,1.0000e+00,0,PASS
2026-09-29T01:51:03.992965,222,CAYLEY_BILATERAL,1024,8,1.110223e-15,1.0001e+00,0,PASS
2026-09-29T01:51:03.993998,222,RUST_BETTI_FLAT_DSU,3,1,0.000000e+00,1.0000e+00,0,"B0=1,B1=1_PASS"
2026-09-29T01:51:49.070398,223,DSYRK_GRAMIAN,4096,16,5.115908e-13,1.0000e+00,0,PASS
2026-09-29T01:51:49.071484,223,DYNAMIC_FWHT,4096,1,1.110223e-16,1.0000e+00,0,PASS
2026-09-29T01:51:49.075475,223,CAYLEY_BILATERAL,1024,16,1.110223e-15,1.0003e+00,0,PASS
2026-09-29T01:51:49.075964,223,RUST_BETTI_FLAT_DSU,3,1,0.000000e+00,1.0000e+00,0,"B0=1,B1=1_PASS"
2026-09-29T01:52:34.228362,224,DSYRK_GRAMIAN,8192,32,5.684342e-13,1.0000e+00,0,PASS
2026-09-29T01:52:34.229709,224,DYNAMIC_FWHT,8192,1,1.110223e-16,1.0000e+00,0,PASS
2026-09-29T01:52:34.242118,224,CAYLEY_BILATERAL,1024,32,1.776357e-15,1.0007e+00,0,PASS
2026-09-29T01:52:34.242695,224,RUST_BETTI_FLAT_DSU,3,1,0.000000e+00,1.0000e+00,0,"B0=1,B1=1_PASS"
2026-09-29T01:53:19.281851,225,DSYRK_GRAMIAN,2048,8,5.684342e-13,1.0000e+00,0,PASS
2026-09-29T01:53:19.282523,225,DYNAMIC_FWHT,2048,1,2.220446e-16,1.0000e+00,0,PASS
2026-09-29T01:53:19.284230,225,CAYLEY_BILATERAL,1024,8,8.881784e-16,1.0001e+00,0,PASS
2026-09-29T01:53:19.284621,225,RUST_BETTI_FLAT_DSU,3,1,0.000000e+00,1.0000e+00,0,"B0=1,B1=1_PASS"
2026-09-29T01:54:04.353744,226,DSYRK_GRAMIAN,4096,16,5.115908e-13,1.0000e+00,0,PASS
2026-09-29T01:54:04.354849,226,DYNAMIC_FWHT,4096,1,0.000000e+00,1.0000e+00,0,PASS
2026-09-29T01:54:04.362111,226,CAYLEY_BILATERAL,1024,16,1.554312e-15,1.0004e+00,0,PASS
2026-09-29T01:54:04.362534,226,RUST_BETTI_FLAT_DSU,3,1,0.000000e+00,1.0000e+00,0,"B0=1,B1=1_PASS"
2026-09-29T01:54:49.507281,227,DSYRK_GRAMIAN,8192,32,5.115908e-13,1.0000e+00,0,PASS
2026-09-29T01:54:49.508710,227,DYNAMIC_FWHT,8192,1,0.000000e+00,1.0000e+00,0,PASS
2026-09-29T01:54:49.523164,227,CAYLEY_BILATERAL,1024,32,1.332268e-15,1.0008e+00,0,PASS
2026-09-29T01:54:49.523745,227,RUST_BETTI_FLAT_DSU,3,1,0.000000e+00,1.0000e+00,0,"B0=1,B1=1_PASS"
2026-09-29T01:55:34.564653,228,DSYRK_GRAMIAN,2048,8,6.821210e-13,1.0000e+00,0,PASS
2026-09-29T01:55:34.565523,228,DYNAMIC_FWHT,2048,1,2.220446e-16,1.0000e+00,0,PASS
2026-09-29T01:55:34.572747,228,CAYLEY_BILATERAL,1024,8,8.881784e-16,1.0001e+00,0,PASS
2026-09-29T01:55:34.573153,228,RUST_BETTI_FLAT_DSU,3,1,0.000000e+00,1.0000e+00,0,"B0=1,B1=1_PASS"
2026-09-29T01:56:19.652520,229,DSYRK_GRAMIAN,4096,16,5.115908e-13,1.0000e+00,0,PASS
2026-09-29T01:56:19.653694,229,DYNAMIC_FWHT,4096,1,1.110223e-16,1.0000e+00,0,PASS
2026-09-29T01:56:19.662348,229,CAYLEY_BILATERAL,1024,16,1.221245e-15,1.0003e+00,0,PASS
2026-09-29T01:56:19.662751,229,RUST_BETTI_FLAT_DSU,3,1,0.000000e+00,1.0000e+00,0,"B0=1,B1=1_PASS"
2026-09-29T01:57:04.791095,230,DSYRK_GRAMIAN,8192,32,6.252776e-13,1.0000e+00,0,PASS
2026-09-29T01:57:04.795924,230,DYNAMIC_FWHT,8192,1,2.220446e-16,1.0000e+00,0,PASS
2026-09-29T01:57:04.805139,230,CAYLEY_BILATERAL,1024,32,8.881784e-16,1.0008e+00,0,PASS
2026-09-29T01:57:04.805861,230,RUST_BETTI_FLAT_DSU,3,1,0.000000e+00,1.0000e+00,0,"B0=1,B1=1_PASS"
2026-09-29T01:57:49.844719,231,DSYRK_GRAMIAN,2048,8,4.263256e-13,1.0000e+00,0,PASS
2026-09-29T01:57:49.845502,231,DYNAMIC_FWHT,2048,1,2.220446e-16,1.0000e+00,0,PASS
2026-09-29T01:57:49.853971,231,CAYLEY_BILATERAL,1024,8,6.661338e-16,1.0001e+00,0,PASS
2026-09-29T01:57:49.854497,231,RUST_BETTI_FLAT_DSU,3,1,0.000000e+00,1.0000e+00,0,"B0=1,B1=1_PASS"
2026-09-29T01:58:34.912562,232,DSYRK_GRAMIAN,4096,16,3.410605e-13,1.0000e+00,0,PASS
2026-09-29T01:58:34.913630,232,DYNAMIC_FWHT,4096,1,0.000000e+00,1.0000e+00,0,PASS
2026-09-29T01:58:34.917434,232,CAYLEY_BILATERAL,1024,16,2.109424e-15,1.0002e+00,0,PASS
2026-09-29T01:58:34.918170,232,RUST_BETTI_FLAT_DSU,3,1,0.000000e+00,1.0000e+00,0,"B0=1,B1=1_PASS"
2026-09-29T01:59:20.065293,233,DSYRK_GRAMIAN,8192,32,6.821210e-13,1.0000e+00,0,PASS
2026-09-29T01:59:20.066940,233,DYNAMIC_FWHT,8192,1,0.000000e+00,1.0000e+00,0,PASS
2026-09-29T01:59:20.080923,233,CAYLEY_BILATERAL,1024,32,8.881784e-16,1.0007e+00,0,PASS
2026-09-29T01:59:20.081473,233,RUST_BETTI_FLAT_DSU,3,1,0.000000e+00,1.0000e+00,0,"B0=1,B1=1_PASS"
2026-09-29T02:00:05.121623,234,DSYRK_GRAMIAN,2048,8,4.547474e-13,1.0000e+00,0,PASS
2026-09-29T02:00:05.122282,234,DYNAMIC_FWHT,2048,1,1.110223e-16,1.0000e+00,0,PASS
2026-09-29T02:00:05.123920,234,CAYLEY_BILATERAL,1024,8,6.661338e-16,1.0001e+00,0,PASS
2026-09-29T02:00:05.124300,234,RUST_BETTI_FLAT_DSU,3,1,0.000000e+00,1.0000e+00,0,"B0=1,B1=1_PASS"
2026-09-29T02:00:50.242807,235,DSYRK_GRAMIAN,4096,16,3.410605e-13,1.0000e+00,0,PASS
2026-09-29T02:00:50.243952,235,DYNAMIC_FWHT,4096,1,0.000000e+00,1.0000e+00,0,PASS
2026-09-29T02:00:50.341644,235,CAYLEY_BILATERAL,1024,16,1.110223e-15,1.0003e+00,0,PASS
2026-09-29T02:00:50.342233,235,RUST_BETTI_FLAT_DSU,3,1,0.000000e+00,1.0000e+00,0,"B0=1,B1=1_PASS"
2026-09-29T02:01:35.698070,236,DSYRK_GRAMIAN,8192,32,1.250555e-12,1.0000e+00,0,PASS
2026-09-29T02:01:35.699957,236,DYNAMIC_FWHT,8192,1,0.000000e+00,1.0000e+00,0,PASS
2026-09-29T02:01:35.732568,236,CAYLEY_BILATERAL,1024,32,1.554312e-15,1.0008e+00,0,PASS
2026-09-29T02:01:35.733251,236,RUST_BETTI_FLAT_DSU,3,1,0.000000e+00,1.0000e+00,0,"B0=1,B1=1_PASS"
2026-09-29T02:02:20.764480,237,DSYRK_GRAMIAN,2048,8,5.115908e-13,1.0000e+00,0,PASS
2026-09-29T02:02:20.765352,237,DYNAMIC_FWHT,2048,1,3.330669e-16,1.0000e+00,0,PASS
2026-09-29T02:02:20.767157,237,CAYLEY_BILATERAL,1024,8,4.440892e-16,1.0002e+00,0,PASS
2026-09-29T02:02:20.767566,237,RUST_BETTI_FLAT_DSU,3,1,0.000000e+00,1.0000e+00,0,"B0=1,B1=1_PASS"
2026-09-29T02:03:06.213169,238,DSYRK_GRAMIAN,4096,16,5.115908e-13,1.0000e+00,0,PASS
2026-09-29T02:03:06.217837,238,DYNAMIC_FWHT,4096,1,0.000000e+00,1.0000e+00,0,PASS
2026-09-29T02:03:06.225085,238,CAYLEY_BILATERAL,1024,16,8.881784e-16,1.0003e+00,0,PASS
2026-09-29T02:03:06.225541,238,RUST_BETTI_FLAT_DSU,3,1,0.000000e+00,1.0000e+00,0,"B0=1,B1=1_PASS"
2026-09-29T02:03:51.647206,239,DSYRK_GRAMIAN,8192,32,4.547474e-13,1.0000e+00,0,PASS
2026-09-29T02:03:51.649699,239,DYNAMIC_FWHT,8192,1,2.220446e-16,1.0000e+00,0,PASS
2026-09-29T02:03:51.678438,239,CAYLEY_BILATERAL,1024,32,1.332268e-15,1.0006e+00,0,PASS
2026-09-29T02:03:51.679308,239,RUST_BETTI_FLAT_DSU,3,1,0.000000e+00,1.0000e+00,0,"B0=1,B1=1_PASS"
2026-09-29T02:04:36.717906,240,DSYRK_GRAMIAN,2048,8,5.115908e-13,1.0000e+00,0,PASS
2026-09-29T02:04:36.718988,240,DYNAMIC_FWHT,2048,1,2.220446e-16,1.0000e+00,0,PASS
2026-09-29T02:04:36.727505,240,CAYLEY_BILATERAL,1024,8,3.330669e-16,1.0001e+00,0,PASS
2026-09-29T02:04:36.728277,240,RUST_BETTI_FLAT_DSU,3,1,0.000000e+00,1.0000e+00,0,"B0=1,B1=1_PASS"
2026-09-29T02:05:21.789140,241,DSYRK_GRAMIAN,4096,16,3.694822e-13,1.0000e+00,0,PASS
2026-09-29T02:05:21.790320,241,DYNAMIC_FWHT,4096,1,0.000000e+00,1.0000e+00,0,PASS
2026-09-29T02:05:21.802893,241,CAYLEY_BILATERAL,1024,16,1.110223e-15,1.0003e+00,0,PASS
2026-09-29T02:05:21.803369,241,RUST_BETTI_FLAT_DSU,3,1,0.000000e+00,1.0000e+00,0,"B0=1,B1=1_PASS"
2026-09-29T02:06:06.960363,242,DSYRK_GRAMIAN,8192,32,6.821210e-13,1.0000e+00,0,PASS
2026-09-29T02:06:06.961843,242,DYNAMIC_FWHT,8192,1,2.220446e-16,1.0000e+00,0,PASS
2026-09-29T02:06:06.977649,242,CAYLEY_BILATERAL,1024,32,2.664535e-15,1.0007e+00,0,PASS
2026-09-29T02:06:06.978328,242,RUST_BETTI_FLAT_DSU,3,1,0.000000e+00,1.0000e+00,0,"B0=1,B1=1_PASS"
2026-09-29T02:06:52.016397,243,DSYRK_GRAMIAN,2048,8,2.557954e-13,1.0000e+00,0,PASS
2026-09-29T02:06:52.017055,243,DYNAMIC_FWHT,2048,1,0.000000e+00,1.0000e+00,0,PASS
2026-09-29T02:06:52.018694,243,CAYLEY_BILATERAL,1024,8,7.771561e-16,1.0001e+00,0,PASS
2026-09-29T02:06:52.019213,243,RUST_BETTI_FLAT_DSU,3,1,0.000000e+00,1.0000e+00,0,"B0=1,B1=1_PASS"
2026-09-29T02:07:37.074708,244,DSYRK_GRAMIAN,4096,16,5.115908e-13,1.0000e+00,0,PASS
2026-09-29T02:07:37.080343,244,DYNAMIC_FWHT,4096,1,0.000000e+00,1.0000e+00,0,PASS
2026-09-29T02:07:37.083962,244,CAYLEY_BILATERAL,1024,16,1.110223e-15,1.0002e+00,0,PASS
2026-09-29T02:07:37.084499,244,RUST_BETTI_FLAT_DSU,3,1,0.000000e+00,1.0000e+00,0,"B0=1,B1=1_PASS"
2026-09-29T02:08:22.221877,245,DSYRK_GRAMIAN,8192,32,6.252776e-13,1.0000e+00,0,PASS
2026-09-29T02:08:22.223441,245,DYNAMIC_FWHT,8192,1,1.110223e-16,1.0000e+00,0,PASS
2026-09-29T02:08:22.235903,245,CAYLEY_BILATERAL,1024,32,1.110223e-15,1.0006e+00,0,PASS
2026-09-29T02:08:22.236460,245,RUST_BETTI_FLAT_DSU,3,1,0.000000e+00,1.0000e+00,0,"B0=1,B1=1_PASS"
2026-09-29T02:09:07.281804,246,DSYRK_GRAMIAN,2048,8,4.547474e-13,1.0000e+00,0,PASS
2026-09-29T02:09:07.282550,246,DYNAMIC_FWHT,2048,1,4.440892e-16,1.0000e+00,0,PASS
2026-09-29T02:09:07.288438,246,CAYLEY_BILATERAL,1024,8,6.661338e-16,1.0001e+00,0,PASS
2026-09-29T02:09:07.288903,246,RUST_BETTI_FLAT_DSU,3,1,0.000000e+00,1.0000e+00,0,"B0=1,B1=1_PASS"
2026-09-29T02:09:52.358701,247,DSYRK_GRAMIAN,4096,16,4.547474e-13,1.0000e+00,0,PASS
2026-09-29T02:09:52.359928,247,DYNAMIC_FWHT,4096,1,0.000000e+00,1.0000e+00,0,PASS
2026-09-29T02:09:52.363673,247,CAYLEY_BILATERAL,1024,16,1.332268e-15,1.0002e+00,0,PASS
2026-09-29T02:09:52.364173,247,RUST_BETTI_FLAT_DSU,3,1,0.000000e+00,1.0000e+00,0,"B0=1,B1=1_PASS"
2026-09-29T02:10:37.518424,248,DSYRK_GRAMIAN,8192,32,6.821210e-13,1.0000e+00,0,PASS
2026-09-29T02:10:37.519922,248,DYNAMIC_FWHT,8192,1,0.000000e+00,1.0000e+00,0,PASS
2026-09-29T02:10:37.534314,248,CAYLEY_BILATERAL,1024,32,1.776357e-15,1.0006e+00,0,PASS
2026-09-29T02:10:37.534871,248,RUST_BETTI_FLAT_DSU,3,1,0.000000e+00,1.0000e+00,0,"B0=1,B1=1_PASS"
2026-09-29T02:11:22.575527,249,DSYRK_GRAMIAN,2048,8,5.115908e-13,1.0000e+00,0,PASS
2026-09-29T02:11:22.576198,249,DYNAMIC_FWHT,2048,1,0.000000e+00,1.0000e+00,0,PASS
2026-09-29T02:11:22.577852,249,CAYLEY_BILATERAL,1024,8,8.881784e-16,1.0001e+00,0,PASS
2026-09-29T02:11:22.578239,249,RUST_BETTI_FLAT_DSU,3,1,0.000000e+00,1.0000e+00,0,"B0=1,B1=1_PASS"
2026-09-29T02:12:07.649880,250,DSYRK_GRAMIAN,4096,16,3.126388e-13,1.0000e+00,0,PASS
2026-09-29T02:12:07.650967,250,DYNAMIC_FWHT,4096,1,0.000000e+00,1.0000e+00,0,PASS
2026-09-29T02:12:07.659347,250,CAYLEY_BILATERAL,1024,16,9.992007e-16,1.0003e+00,0,PASS
2026-09-29T02:12:07.659853,250,RUST_BETTI_FLAT_DSU,3,1,0.000000e+00,1.0000e+00,0,"B0=1,B1=1_PASS"
2026-09-29T02:12:52.798931,251,DSYRK_GRAMIAN,8192,32,5.968559e-13,1.0000e+00,0,PASS
2026-09-29T02:12:52.800617,251,DYNAMIC_FWHT,8192,1,2.220446e-16,1.0000e+00,0,PASS
2026-09-29T02:12:52.814532,251,CAYLEY_BILATERAL,1024,32,1.998401e-15,1.0007e+00,0,PASS
2026-09-29T02:12:52.815418,251,RUST_BETTI_FLAT_DSU,3,1,0.000000e+00,1.0000e+00,0,"B0=1,B1=1_PASS"
2026-09-29T02:13:37.852339,252,DSYRK_GRAMIAN,2048,8,4.547474e-13,1.0000e+00,0,PASS
2026-09-29T02:13:37.853058,252,DYNAMIC_FWHT,2048,1,0.000000e+00,1.0000e+00,0,PASS
2026-09-29T02:13:37.854975,252,CAYLEY_BILATERAL,1024,8,8.881784e-16,1.0001e+00,0,PASS
2026-09-29T02:13:37.855380,252,RUST_BETTI_FLAT_DSU,3,1,0.000000e+00,1.0000e+00,0,"B0=1,B1=1_PASS"
2026-09-29T02:14:22.915732,253,DSYRK_GRAMIAN,4096,16,2.842171e-13,1.0000e+00,0,PASS
2026-09-29T02:14:22.921157,253,DYNAMIC_FWHT,4096,1,1.110223e-16,1.0000e+00,0,PASS
2026-09-29T02:14:22.925246,253,CAYLEY_BILATERAL,1024,16,1.110223e-15,1.0003e+00,0,PASS
2026-09-29T02:14:22.925728,253,RUST_BETTI_FLAT_DSU,3,1,0.000000e+00,1.0000e+00,0,"B0=1,B1=1_PASS"
2026-09-29T02:15:08.061608,254,DSYRK_GRAMIAN,8192,32,7.105427e-13,1.0000e+00,0,PASS
2026-09-29T02:15:08.063107,254,DYNAMIC_FWHT,8192,1,0.000000e+00,1.0000e+00,0,PASS
2026-09-29T02:15:08.077191,254,CAYLEY_BILATERAL,1024,32,1.998401e-15,1.0007e+00,0,PASS
2026-09-29T02:15:08.077771,254,RUST_BETTI_FLAT_DSU,3,1,0.000000e+00,1.0000e+00,0,"B0=1,B1=1_PASS"
2026-09-29T02:15:53.124462,255,DSYRK_GRAMIAN,2048,8,6.252776e-13,1.0000e+00,0,PASS
2026-09-29T02:15:53.125149,255,DYNAMIC_FWHT,2048,1,0.000000e+00,1.0000e+00,0,PASS
2026-09-29T02:15:53.131944,255,CAYLEY_BILATERAL,1024,8,8.881784e-16,1.0001e+00,0,PASS
2026-09-29T02:15:53.132340,255,RUST_BETTI_FLAT_DSU,3,1,0.000000e+00,1.0000e+00,0,"B0=1,B1=1_PASS"
2026-09-29T02:16:38.196594,256,DSYRK_GRAMIAN,4096,16,5.684342e-13,1.0000e+00,0,PASS
2026-09-29T02:16:38.197885,256,DYNAMIC_FWHT,4096,1,1.110223e-16,1.0000e+00,0,PASS
2026-09-29T02:16:38.204971,256,CAYLEY_BILATERAL,1024,16,9.992007e-16,1.0002e+00,0,PASS
2026-09-29T02:16:38.205367,256,RUST_BETTI_FLAT_DSU,3,1,0.000000e+00,1.0000e+00,0,"B0=1,B1=1_PASS"
2026-09-29T02:17:23.344477,257,DSYRK_GRAMIAN,8192,32,8.526513e-13,1.0000e+00,0,PASS
2026-09-29T02:17:23.345832,257,DYNAMIC_FWHT,8192,1,2.220446e-16,1.0000e+00,0,PASS
2026-09-29T02:17:23.358732,257,CAYLEY_BILATERAL,1024,32,1.776357e-15,1.0007e+00,0,PASS
2026-09-29T02:17:23.359350,257,RUST_BETTI_FLAT_DSU,3,1,0.000000e+00,1.0000e+00,0,"B0=1,B1=1_PASS"
2026-09-29T02:18:08.398156,258,DSYRK_GRAMIAN,2048,8,8.242296e-13,1.0000e+00,0,PASS
2026-09-29T02:18:08.398883,258,DYNAMIC_FWHT,2048,1,2.220446e-16,1.0000e+00,0,PASS
2026-09-29T02:18:08.400668,258,CAYLEY_BILATERAL,1024,8,1.332268e-15,1.0002e+00,0,PASS
2026-09-29T02:18:08.401094,258,RUST_BETTI_FLAT_DSU,3,1,0.000000e+00,1.0000e+00,0,"B0=1,B1=1_PASS"
2026-09-29T02:18:53.473071,259,DSYRK_GRAMIAN,4096,16,4.547474e-13,1.0000e+00,0,PASS
2026-09-29T02:18:53.474148,259,DYNAMIC_FWHT,4096,1,0.000000e+00,1.0000e+00,0,PASS
2026-09-29T02:18:53.478358,259,CAYLEY_BILATERAL,1024,16,8.881784e-16,1.0002e+00,0,PASS
2026-09-29T02:18:53.478856,259,RUST_BETTI_FLAT_DSU,3,1,0.000000e+00,1.0000e+00,0,"B0=1,B1=1_PASS"
2026-09-29T02:19:38.613150,260,DSYRK_GRAMIAN,8192,32,7.389644e-13,1.0000e+00,0,PASS
2026-09-29T02:19:38.614539,260,DYNAMIC_FWHT,8192,1,2.220446e-16,1.0000e+00,0,PASS
2026-09-29T02:19:38.628187,260,CAYLEY_BILATERAL,1024,32,1.332268e-15,1.0007e+00,0,PASS
2026-09-29T02:19:38.628770,260,RUST_BETTI_FLAT_DSU,3,1,0.000000e+00,1.0000e+00,0,"B0=1,B1=1_PASS"
2026-09-29T02:20:23.669042,261,DSYRK_GRAMIAN,2048,8,8.526513e-13,1.0000e+00,0,PASS
2026-09-29T02:20:23.669750,261,DYNAMIC_FWHT,2048,1,2.220446e-16,1.0000e+00,0,PASS
2026-09-29T02:20:23.677020,261,CAYLEY_BILATERAL,1024,8,6.661338e-16,1.0001e+00,0,PASS
2026-09-29T02:20:23.677442,261,RUST_BETTI_FLAT_DSU,3,1,0.000000e+00,1.0000e+00,0,"B0=1,B1=1_PASS"
2026-09-29T02:21:08.756872,262,DSYRK_GRAMIAN,4096,16,5.400125e-13,1.0000e+00,0,PASS
2026-09-29T02:21:08.758001,262,DYNAMIC_FWHT,4096,1,1.110223e-16,1.0000e+00,0,PASS
2026-09-29T02:21:08.765006,262,CAYLEY_BILATERAL,1024,16,1.110223e-15,1.0002e+00,0,PASS
2026-09-29T02:21:08.765570,262,RUST_BETTI_FLAT_DSU,3,1,0.000000e+00,1.0000e+00,0,"B0=1,B1=1_PASS"
2026-09-29T02:21:53.908989,263,DSYRK_GRAMIAN,8192,32,6.536993e-13,1.0000e+00,0,PASS
2026-09-29T02:21:53.910477,263,DYNAMIC_FWHT,8192,1,3.330669e-16,1.0000e+00,0,PASS
2026-09-29T02:21:53.924180,263,CAYLEY_BILATERAL,1024,32,1.776357e-15,1.0006e+00,0,PASS
2026-09-29T02:21:53.924730,263,RUST_BETTI_FLAT_DSU,3,1,0.000000e+00,1.0000e+00,0,"B0=1,B1=1_PASS"
2026-09-29T02:22:38.966168,264,DSYRK_GRAMIAN,2048,8,5.968559e-13,1.0000e+00,0,PASS
2026-09-29T02:22:38.966879,264,DYNAMIC_FWHT,2048,1,2.220446e-16,1.0000e+00,0,PASS
2026-09-29T02:22:38.973295,264,CAYLEY_BILATERAL,1024,8,8.881784e-16,1.0001e+00,0,PASS
2026-09-29T02:22:38.973751,264,RUST_BETTI_FLAT_DSU,3,1,0.000000e+00,1.0000e+00,0,"B0=1,B1=1_PASS"
2026-09-29T02:23:24.050774,265,DSYRK_GRAMIAN,4096,16,5.400125e-13,1.0000e+00,0,PASS
2026-09-29T02:23:24.051615,265,DYNAMIC_FWHT,4096,1,0.000000e+00,1.0000e+00,0,PASS
2026-09-29T02:23:24.054937,265,CAYLEY_BILATERAL,1024,16,8.881784e-16,1.0002e+00,0,PASS
2026-09-29T02:23:24.055408,265,RUST_BETTI_FLAT_DSU,3,1,0.000000e+00,1.0000e+00,0,"B0=1,B1=1_PASS"
2026-09-29T02:24:09.206407,266,DSYRK_GRAMIAN,8192,32,6.252776e-13,1.0000e+00,0,PASS
2026-09-29T02:24:09.207821,266,DYNAMIC_FWHT,8192,1,2.220446e-16,1.0000e+00,0,PASS
2026-09-29T02:24:09.222349,266,CAYLEY_BILATERAL,1024,32,1.110223e-15,1.0007e+00,0,PASS
2026-09-29T02:24:09.222883,266,RUST_BETTI_FLAT_DSU,3,1,0.000000e+00,1.0000e+00,0,"B0=1,B1=1_PASS"
2026-09-29T02:24:54.263158,267,DSYRK_GRAMIAN,2048,8,7.389644e-13,1.0000e+00,0,PASS
2026-09-29T02:24:54.263877,267,DYNAMIC_FWHT,2048,1,0.000000e+00,1.0000e+00,0,PASS
2026-09-29T02:24:54.269579,267,CAYLEY_BILATERAL,1024,8,8.881784e-16,1.0001e+00,0,PASS
2026-09-29T02:24:54.270077,267,RUST_BETTI_FLAT_DSU,3,1,0.000000e+00,1.0000e+00,0,"B0=1,B1=1_PASS"
2026-09-29T02:25:39.343176,268,DSYRK_GRAMIAN,4096,16,2.842171e-13,1.0000e+00,0,PASS
2026-09-29T02:25:39.344039,268,DYNAMIC_FWHT,4096,1,0.000000e+00,1.0000e+00,0,PASS
2026-09-29T02:25:39.347504,268,CAYLEY_BILATERAL,1024,16,8.881784e-16,1.0002e+00,0,PASS
2026-09-29T02:25:39.347897,268,RUST_BETTI_FLAT_DSU,3,1,0.000000e+00,1.0000e+00,0,"B0=1,B1=1_PASS"
2026-09-29T02:26:24.480895,269,DSYRK_GRAMIAN,8192,32,6.252776e-13,1.0000e+00,0,PASS
2026-09-29T02:26:24.482281,269,DYNAMIC_FWHT,8192,1,2.220446e-16,1.0000e+00,0,PASS
2026-09-29T02:26:24.490894,269,CAYLEY_BILATERAL,1024,32,1.554312e-15,1.0006e+00,0,PASS
2026-09-29T02:26:24.491558,269,RUST_BETTI_FLAT_DSU,3,1,0.000000e+00,1.0000e+00,0,"B0=1,B1=1_PASS"
2026-09-29T02:27:09.542360,270,DSYRK_GRAMIAN,2048,8,4.547474e-13,1.0000e+00,0,PASS
2026-09-29T02:27:09.543066,270,DYNAMIC_FWHT,2048,1,2.220446e-16,1.0000e+00,0,PASS
2026-09-29T02:27:09.544890,270,CAYLEY_BILATERAL,1024,8,8.881784e-16,1.0001e+00,0,PASS
2026-09-29T02:27:09.545399,270,RUST_BETTI_FLAT_DSU,3,1,0.000000e+00,1.0000e+00,0,"B0=1,B1=1_PASS"
2026-09-29T02:27:54.627752,271,DSYRK_GRAMIAN,4096,16,3.694822e-13,1.0000e+00,0,PASS
2026-09-29T02:27:54.628834,271,DYNAMIC_FWHT,4096,1,1.110223e-16,1.0000e+00,0,PASS
2026-09-29T02:27:54.632568,271,CAYLEY_BILATERAL,1024,16,8.881784e-16,1.0002e+00,0,PASS
2026-09-29T02:27:54.633066,271,RUST_BETTI_FLAT_DSU,3,1,0.000000e+00,1.0000e+00,0,"B0=1,B1=1_PASS"
2026-09-29T02:28:39.780596,272,DSYRK_GRAMIAN,8192,32,6.536993e-13,1.0000e+00,0,PASS
2026-09-29T02:28:39.782062,272,DYNAMIC_FWHT,8192,1,2.220446e-16,1.0000e+00,0,PASS
2026-09-29T02:28:39.795436,272,CAYLEY_BILATERAL,1024,32,1.776357e-15,1.0006e+00,0,PASS
2026-09-29T02:28:39.796102,272,RUST_BETTI_FLAT_DSU,3,1,0.000000e+00,1.0000e+00,0,"B0=1,B1=1_PASS"
2026-09-29T02:29:24.829545,273,DSYRK_GRAMIAN,2048,8,2.842171e-13,1.0000e+00,0,PASS
2026-09-29T02:29:24.830346,273,DYNAMIC_FWHT,2048,1,1.110223e-16,1.0000e+00,0,PASS
2026-09-29T02:29:24.833019,273,CAYLEY_BILATERAL,1024,8,6.661338e-16,1.0001e+00,0,PASS
2026-09-29T02:29:24.833551,273,RUST_BETTI_FLAT_DSU,3,1,0.000000e+00,1.0000e+00,0,"B0=1,B1=1_PASS"
2026-09-29T02:30:09.887181,274,DSYRK_GRAMIAN,4096,16,5.115908e-13,1.0000e+00,0,PASS
2026-09-29T02:30:09.888251,274,DYNAMIC_FWHT,4096,1,0.000000e+00,1.0000e+00,0,PASS
2026-09-29T02:30:09.891908,274,CAYLEY_BILATERAL,1024,16,1.554312e-15,1.0002e+00,0,PASS
2026-09-29T02:30:09.892413,274,RUST_BETTI_FLAT_DSU,3,1,0.000000e+00,1.0000e+00,0,"B0=1,B1=1_PASS"
2026-09-29T02:30:55.015154,275,DSYRK_GRAMIAN,8192,32,7.673862e-13,1.0000e+00,0,PASS
2026-09-29T02:30:55.016670,275,DYNAMIC_FWHT,8192,1,2.220446e-16,1.0000e+00,0,PASS
2026-09-29T02:30:55.031215,275,CAYLEY_BILATERAL,1024,32,1.332268e-15,1.0006e+00,0,PASS
2026-09-29T02:30:55.031767,275,RUST_BETTI_FLAT_DSU,3,1,0.000000e+00,1.0000e+00,0,"B0=1,B1=1_PASS"
2026-09-29T02:31:40.068901,276,DSYRK_GRAMIAN,2048,8,2.842171e-13,1.0000e+00,0,PASS
2026-09-29T02:31:40.069559,276,DYNAMIC_FWHT,2048,1,2.220446e-16,1.0000e+00,0,PASS
2026-09-29T02:31:40.071226,276,CAYLEY_BILATERAL,1024,8,1.332268e-15,1.0001e+00,0,PASS
2026-09-29T02:31:40.071621,276,RUST_BETTI_FLAT_DSU,3,1,0.000000e+00,1.0000e+00,0,"B0=1,B1=1_PASS"
2026-09-29T02:32:25.152024,277,DSYRK_GRAMIAN,4096,16,3.979039e-13,1.0000e+00,0,PASS
2026-09-29T02:32:25.153206,277,DYNAMIC_FWHT,4096,1,0.000000e+00,1.0000e+00,0,PASS
2026-09-29T02:32:25.156986,277,CAYLEY_BILATERAL,1024,16,1.332268e-15,1.0003e+00,0,PASS
2026-09-29T02:32:25.157490,277,RUST_BETTI_FLAT_DSU,3,1,0.000000e+00,1.0000e+00,0,"B0=1,B1=1_PASS"
2026-09-29T02:33:10.299089,278,DSYRK_GRAMIAN,8192,32,6.821210e-13,1.0000e+00,0,PASS
2026-09-29T02:33:10.300769,278,DYNAMIC_FWHT,8192,1,1.110223e-16,1.0000e+00,0,PASS
2026-09-29T02:33:10.312881,278,CAYLEY_BILATERAL,1024,32,1.776357e-15,1.0007e+00,0,PASS
2026-09-29T02:33:10.313442,278,RUST_BETTI_FLAT_DSU,3,1,0.000000e+00,1.0000e+00,0,"B0=1,B1=1_PASS"
2026-09-29T02:33:55.351230,279,DSYRK_GRAMIAN,2048,8,6.821210e-13,1.0000e+00,0,PASS
2026-09-29T02:33:55.352019,279,DYNAMIC_FWHT,2048,1,2.220446e-16,1.0000e+00,0,PASS
2026-09-29T02:33:55.353953,279,CAYLEY_BILATERAL,1024,8,8.881784e-16,1.0001e+00,0,PASS
2026-09-29T02:33:55.354436,279,RUST_BETTI_FLAT_DSU,3,1,0.000000e+00,1.0000e+00,0,"B0=1,B1=1_PASS"
2026-09-29T02:34:40.425775,280,DSYRK_GRAMIAN,4096,16,3.410605e-13,1.0000e+00,0,PASS
2026-09-29T02:34:40.427083,280,DYNAMIC_FWHT,4096,1,0.000000e+00,1.0000e+00,0,PASS
2026-09-29T02:34:40.433247,280,CAYLEY_BILATERAL,1024,16,8.881784e-16,1.0003e+00,0,PASS
2026-09-29T02:34:40.433752,280,RUST_BETTI_FLAT_DSU,3,1,0.000000e+00,1.0000e+00,0,"B0=1,B1=1_PASS"
2026-09-29T02:35:25.578436,281,DSYRK_GRAMIAN,8192,32,3.979039e-13,1.0000e+00,0,PASS
2026-09-29T02:35:25.579940,281,DYNAMIC_FWHT,8192,1,2.220446e-16,1.0000e+00,0,PASS
2026-09-29T02:35:25.593220,281,CAYLEY_BILATERAL,1024,32,1.110223e-15,1.0005e+00,0,PASS
2026-09-29T02:35:25.593798,281,RUST_BETTI_FLAT_DSU,3,1,0.000000e+00,1.0000e+00,0,"B0=1,B1=1_PASS"
2026-09-29T02:36:10.633956,282,DSYRK_GRAMIAN,2048,8,4.547474e-13,1.0000e+00,0,PASS
2026-09-29T02:36:10.634710,282,DYNAMIC_FWHT,2048,1,0.000000e+00,1.0000e+00,0,PASS
2026-09-29T02:36:10.641367,282,CAYLEY_BILATERAL,1024,8,8.881784e-16,1.0001e+00,0,PASS
2026-09-29T02:36:10.641844,282,RUST_BETTI_FLAT_DSU,3,1,0.000000e+00,1.0000e+00,0,"B0=1,B1=1_PASS"
2026-09-29T02:36:55.708659,283,DSYRK_GRAMIAN,4096,16,2.842171e-13,1.0000e+00,0,PASS
2026-09-29T02:36:55.710305,283,DYNAMIC_FWHT,4096,1,2.220446e-16,1.0000e+00,0,PASS
2026-09-29T02:36:55.716464,283,CAYLEY_BILATERAL,1024,16,8.881784e-16,1.0003e+00,0,PASS
2026-09-29T02:36:55.717078,283,RUST_BETTI_FLAT_DSU,3,1,0.000000e+00,1.0000e+00,0,"B0=1,B1=1_PASS"
2026-09-29T02:37:40.858995,284,DSYRK_GRAMIAN,8192,32,6.821210e-13,1.0000e+00,0,PASS
2026-09-29T02:37:40.860379,284,DYNAMIC_FWHT,8192,1,0.000000e+00,1.0000e+00,0,PASS
2026-09-29T02:37:40.872645,284,CAYLEY_BILATERAL,1024,32,1.776357e-15,1.0006e+00,0,PASS
2026-09-29T02:37:40.873222,284,RUST_BETTI_FLAT_DSU,3,1,0.000000e+00,1.0000e+00,0,"B0=1,B1=1_PASS"
2026-09-29T02:38:25.916339,285,DSYRK_GRAMIAN,2048,8,3.979039e-13,1.0000e+00,0,PASS
2026-09-29T02:38:25.921439,285,DYNAMIC_FWHT,2048,1,0.000000e+00,1.0000e+00,0,PASS
2026-09-29T02:38:25.923485,285,CAYLEY_BILATERAL,1024,8,6.661338e-16,1.0001e+00,0,PASS
2026-09-29T02:38:25.923895,285,RUST_BETTI_FLAT_DSU,3,1,0.000000e+00,1.0000e+00,0,"B0=1,B1=1_PASS"
2026-09-29T02:39:10.995343,286,DSYRK_GRAMIAN,4096,16,3.979039e-13,1.0000e+00,0,PASS
2026-09-29T02:39:10.996466,286,DYNAMIC_FWHT,4096,1,2.220446e-16,1.0000e+00,0,PASS
2026-09-29T02:39:11.000205,286,CAYLEY_BILATERAL,1024,16,8.881784e-16,1.0002e+00,0,PASS
2026-09-29T02:39:11.000597,286,RUST_BETTI_FLAT_DSU,3,1,0.000000e+00,1.0000e+00,0,"B0=1,B1=1_PASS"
2026-09-29T02:39:56.150903,287,DSYRK_GRAMIAN,8192,32,9.379164e-13,1.0000e+00,0,PASS
2026-09-29T02:39:56.152337,287,DYNAMIC_FWHT,8192,1,1.110223e-16,1.0000e+00,0,PASS
2026-09-29T02:39:56.167170,287,CAYLEY_BILATERAL,1024,32,1.554312e-15,1.0007e+00,0,PASS
2026-09-29T02:39:56.167745,287,RUST_BETTI_FLAT_DSU,3,1,0.000000e+00,1.0000e+00,0,"B0=1,B1=1_PASS"
2026-09-29T02:40:41.213423,288,DSYRK_GRAMIAN,2048,8,4.547474e-13,1.0000e+00,0,PASS
2026-09-29T02:40:41.218852,288,DYNAMIC_FWHT,2048,1,3.330669e-16,1.0000e+00,0,PASS
2026-09-29T02:40:41.221388,288,CAYLEY_BILATERAL,1024,8,6.661338e-16,1.0001e+00,0,PASS
2026-09-29T02:40:41.221785,288,RUST_BETTI_FLAT_DSU,3,1,0.000000e+00,1.0000e+00,0,"B0=1,B1=1_PASS"
2026-09-29T02:41:26.290432,289,DSYRK_GRAMIAN,4096,16,3.694822e-13,1.0000e+00,0,PASS
2026-09-29T02:41:26.291599,289,DYNAMIC_FWHT,4096,1,1.110223e-16,1.0000e+00,0,PASS
2026-09-29T02:41:26.295425,289,CAYLEY_BILATERAL,1024,16,1.110223e-15,1.0002e+00,0,PASS
2026-09-29T02:41:26.295823,289,RUST_BETTI_FLAT_DSU,3,1,0.000000e+00,1.0000e+00,0,"B0=1,B1=1_PASS"
2026-09-29T02:42:11.422076,290,DSYRK_GRAMIAN,8192,32,7.958079e-13,1.0000e+00,0,PASS
2026-09-29T02:42:11.423561,290,DYNAMIC_FWHT,8192,1,2.220446e-16,1.0000e+00,0,PASS
2026-09-29T02:42:11.435686,290,CAYLEY_BILATERAL,1024,32,1.554312e-15,1.0006e+00,0,PASS
2026-09-29T02:42:11.436252,290,RUST_BETTI_FLAT_DSU,3,1,0.000000e+00,1.0000e+00,0,"B0=1,B1=1_PASS"
2026-09-29T02:42:56.484857,291,DSYRK_GRAMIAN,2048,8,5.684342e-13,1.0000e+00,0,PASS
2026-09-29T02:42:56.485669,291,DYNAMIC_FWHT,2048,1,2.220446e-16,1.0000e+00,0,PASS
2026-09-29T02:42:56.487744,291,CAYLEY_BILATERAL,1024,8,4.440892e-16,1.0001e+00,0,PASS
2026-09-29T02:42:56.488182,291,RUST_BETTI_FLAT_DSU,3,1,0.000000e+00,1.0000e+00,0,"B0=1,B1=1_PASS"
2026-09-29T02:43:41.559533,292,DSYRK_GRAMIAN,4096,16,2.842171e-13,1.0000e+00,0,PASS
2026-09-29T02:43:41.560611,292,DYNAMIC_FWHT,4096,1,2.220446e-16,1.0000e+00,0,PASS
2026-09-29T02:43:41.564302,292,CAYLEY_BILATERAL,1024,16,1.332268e-15,1.0003e+00,0,PASS
2026-09-29T02:43:41.564804,292,RUST_BETTI_FLAT_DSU,3,1,0.000000e+00,1.0000e+00,0,"B0=1,B1=1_PASS"
2026-09-29T02:44:26.714652,293,DSYRK_GRAMIAN,8192,32,7.105427e-13,1.0000e+00,0,PASS
2026-09-29T02:44:26.716309,293,DYNAMIC_FWHT,8192,1,2.220446e-16,1.0000e+00,0,PASS
2026-09-29T02:44:26.729798,293,CAYLEY_BILATERAL,1024,32,1.110223e-15,1.0007e+00,0,PASS
2026-09-29T02:44:26.730371,293,RUST_BETTI_FLAT_DSU,3,1,0.000000e+00,1.0000e+00,0,"B0=1,B1=1_PASS"
2026-09-29T02:45:11.773368,294,DSYRK_GRAMIAN,2048,8,3.979039e-13,1.0000e+00,0,PASS
2026-09-29T02:45:11.774014,294,DYNAMIC_FWHT,2048,1,2.220446e-16,1.0000e+00,0,PASS
2026-09-29T02:45:11.780604,294,CAYLEY_BILATERAL,1024,8,4.440892e-16,1.0001e+00,0,PASS
2026-09-29T02:45:11.781019,294,RUST_BETTI_FLAT_DSU,3,1,0.000000e+00,1.0000e+00,0,"B0=1,B1=1_PASS"
2026-09-29T02:45:56.858161,295,DSYRK_GRAMIAN,4096,16,4.831691e-13,1.0000e+00,0,PASS
2026-09-29T02:45:56.858988,295,DYNAMIC_FWHT,4096,1,0.000000e+00,1.0000e+00,0,PASS
2026-09-29T02:45:56.862238,295,CAYLEY_BILATERAL,1024,16,1.554312e-15,1.0003e+00,0,PASS
2026-09-29T02:45:56.862786,295,RUST_BETTI_FLAT_DSU,3,1,0.000000e+00,1.0000e+00,0,"B0=1,B1=1_PASS"
2026-09-29T02:46:42.000530,296,DSYRK_GRAMIAN,8192,32,6.536993e-13,1.0000e+00,0,PASS
2026-09-29T02:46:42.006659,296,DYNAMIC_FWHT,8192,1,0.000000e+00,1.0000e+00,0,PASS
2026-09-29T02:46:42.015328,296,CAYLEY_BILATERAL,1024,32,1.221245e-15,1.0006e+00,0,PASS
2026-09-29T02:46:42.015856,296,RUST_BETTI_FLAT_DSU,3,1,0.000000e+00,1.0000e+00,0,"B0=1,B1=1_PASS"
2026-09-29T02:47:27.050412,297,DSYRK_GRAMIAN,2048,8,3.979039e-13,1.0000e+00,0,PASS
2026-09-29T02:47:27.069474,297,DYNAMIC_FWHT,2048,1,0.000000e+00,1.0000e+00,0,PASS
2026-09-29T02:47:27.072389,297,CAYLEY_BILATERAL,1024,8,4.440892e-16,1.0001e+00,0,PASS
2026-09-29T02:47:27.073065,297,RUST_BETTI_FLAT_DSU,3,1,0.000000e+00,1.0000e+00,0,"B0=1,B1=1_PASS"
2026-09-29T02:48:12.150390,298,DSYRK_GRAMIAN,4096,16,6.252776e-13,1.0000e+00,0,PASS
2026-09-29T02:48:12.151236,298,DYNAMIC_FWHT,4096,1,0.000000e+00,1.0000e+00,0,PASS
2026-09-29T02:48:12.154657,298,CAYLEY_BILATERAL,1024,16,1.332268e-15,1.0002e+00,0,PASS
2026-09-29T02:48:12.155052,298,RUST_BETTI_FLAT_DSU,3,1,0.000000e+00,1.0000e+00,0,"B0=1,B1=1_PASS"
2026-09-29T02:48:57.296260,299,DSYRK_GRAMIAN,8192,32,5.684342e-13,1.0000e+00,0,PASS
2026-09-29T02:48:57.297717,299,DYNAMIC_FWHT,8192,1,0.000000e+00,1.0000e+00,0,PASS
2026-09-29T02:48:57.309763,299,CAYLEY_BILATERAL,1024,32,1.332268e-15,1.0007e+00,0,PASS
2026-09-29T02:48:57.310304,299,RUST_BETTI_FLAT_DSU,3,1,0.000000e+00,1.0000e+00,0,"B0=1,B1=1_PASS"
2026-09-29T02:49:42.481990,300,DSYRK_GRAMIAN,2048,8,8.242296e-13,1.0000e+00,0,PASS
2026-09-29T02:49:42.483278,300,DYNAMIC_FWHT,2048,1,2.220446e-16,1.0000e+00,0,PASS
2026-09-29T02:49:42.535573,300,CAYLEY_BILATERAL,1024,8,8.881784e-16,1.0001e+00,0,PASS
2026-09-29T02:49:42.541163,300,RUST_BETTI_FLAT_DSU,3,1,0.000000e+00,1.0000e+00,0,"B0=1,B1=1_PASS"
2026-09-29T02:50:27.618222,301,DSYRK_GRAMIAN,4096,16,2.842171e-13,1.0000e+00,0,PASS
2026-09-29T02:50:27.619363,301,DYNAMIC_FWHT,4096,1,0.000000e+00,1.0000e+00,0,PASS
2026-09-29T02:50:27.623002,301,CAYLEY_BILATERAL,1024,16,1.332268e-15,1.0003e+00,0,PASS
2026-09-29T02:50:27.623502,301,RUST_BETTI_FLAT_DSU,3,1,0.000000e+00,1.0000e+00,0,"B0=1,B1=1_PASS"
2026-09-29T02:51:12.772939,302,DSYRK_GRAMIAN,8192,32,7.105427e-13,1.0000e+00,0,PASS
2026-09-29T02:51:12.774463,302,DYNAMIC_FWHT,8192,1,1.110223e-16,1.0000e+00,0,PASS
2026-09-29T02:51:12.789235,302,CAYLEY_BILATERAL,1024,32,1.998401e-15,1.0007e+00,0,PASS
2026-09-29T02:51:12.789888,302,RUST_BETTI_FLAT_DSU,3,1,0.000000e+00,1.0000e+00,0,"B0=1,B1=1_PASS"
2026-09-29T02:51:57.840074,303,DSYRK_GRAMIAN,2048,8,2.842171e-13,1.0000e+00,0,PASS
2026-09-29T02:51:57.840822,303,DYNAMIC_FWHT,2048,1,1.110223e-16,1.0000e+00,0,PASS
2026-09-29T02:51:57.842642,303,CAYLEY_BILATERAL,1024,8,4.440892e-16,1.0001e+00,0,PASS
2026-09-29T02:51:57.843086,303,RUST_BETTI_FLAT_DSU,3,1,0.000000e+00,1.0000e+00,0,"B0=1,B1=1_PASS"
2026-09-29T02:52:42.897782,304,DSYRK_GRAMIAN,4096,16,4.547474e-13,1.0000e+00,0,PASS
2026-09-29T02:52:42.898870,304,DYNAMIC_FWHT,4096,1,0.000000e+00,1.0000e+00,0,PASS
2026-09-29T02:52:42.902464,304,CAYLEY_BILATERAL,1024,16,9.992007e-16,1.0004e+00,0,PASS
2026-09-29T02:52:42.902960,304,RUST_BETTI_FLAT_DSU,3,1,0.000000e+00,1.0000e+00,0,"B0=1,B1=1_PASS"
2026-09-29T02:53:28.047721,305,DSYRK_GRAMIAN,8192,32,5.115908e-13,1.0000e+00,0,PASS
2026-09-29T02:53:28.049327,305,DYNAMIC_FWHT,8192,1,0.000000e+00,1.0000e+00,0,PASS
2026-09-29T02:53:28.058226,305,CAYLEY_BILATERAL,1024,32,1.776357e-15,1.0006e+00,0,PASS
2026-09-29T02:53:28.058783,305,RUST_BETTI_FLAT_DSU,3,1,0.000000e+00,1.0000e+00,0,"B0=1,B1=1_PASS"
2026-09-29T02:54:13.096638,306,DSYRK_GRAMIAN,2048,8,7.105427e-13,1.0000e+00,0,PASS
2026-09-29T02:54:13.097303,306,DYNAMIC_FWHT,2048,1,2.220446e-16,1.0000e+00,0,PASS
2026-09-29T02:54:13.141337,306,CAYLEY_BILATERAL,1024,8,1.554312e-15,1.0001e+00,0,PASS
2026-09-29T02:54:13.141847,306,RUST_BETTI_FLAT_DSU,3,1,0.000000e+00,1.0000e+00,0,"B0=1,B1=1_PASS"
2026-09-29T02:54:58.216416,307,DSYRK_GRAMIAN,4096,16,3.979039e-13,1.0000e+00,0,PASS
2026-09-29T02:54:58.217491,307,DYNAMIC_FWHT,4096,1,1.110223e-16,1.0000e+00,0,PASS
2026-09-29T02:54:58.226898,307,CAYLEY_BILATERAL,1024,16,8.881784e-16,1.0002e+00,0,PASS
2026-09-29T02:54:58.227422,307,RUST_BETTI_FLAT_DSU,3,1,0.000000e+00,1.0000e+00,0,"B0=1,B1=1_PASS"
2026-09-29T02:55:43.363763,308,DSYRK_GRAMIAN,8192,32,7.673862e-13,1.0000e+00,0,PASS
2026-09-29T02:55:43.365370,308,DYNAMIC_FWHT,8192,1,0.000000e+00,1.0000e+00,0,PASS
2026-09-29T02:55:43.378889,308,CAYLEY_BILATERAL,1024,32,1.665335e-15,1.0006e+00,0,PASS
2026-09-29T02:55:43.379487,308,RUST_BETTI_FLAT_DSU,3,1,0.000000e+00,1.0000e+00,0,"B0=1,B1=1_PASS"
2026-09-29T02:56:28.421090,309,DSYRK_GRAMIAN,2048,8,4.547474e-13,1.0000e+00,0,PASS
2026-09-29T02:56:28.421916,309,DYNAMIC_FWHT,2048,1,0.000000e+00,1.0000e+00,0,PASS
2026-09-29T02:56:28.423578,309,CAYLEY_BILATERAL,1024,8,8.881784e-16,1.0001e+00,0,PASS
2026-09-29T02:56:28.423963,309,RUST_BETTI_FLAT_DSU,3,1,0.000000e+00,1.0000e+00,0,"B0=1,B1=1_PASS"
2026-09-29T02:57:13.493247,310,DSYRK_GRAMIAN,4096,16,5.400125e-13,1.0000e+00,0,PASS
2026-09-29T02:57:13.494321,310,DYNAMIC_FWHT,4096,1,0.000000e+00,1.0000e+00,0,PASS
2026-09-29T02:57:13.498006,310,CAYLEY_BILATERAL,1024,16,1.554312e-15,1.0003e+00,0,PASS
2026-09-29T02:57:13.498508,310,RUST_BETTI_FLAT_DSU,3,1,0.000000e+00,1.0000e+00,0,"B0=1,B1=1_PASS"
2026-09-29T02:57:58.647185,311,DSYRK_GRAMIAN,8192,32,5.400125e-13,1.0000e+00,0,PASS
2026-09-29T02:57:58.648708,311,DYNAMIC_FWHT,8192,1,1.110223e-16,1.0000e+00,0,PASS
2026-09-29T02:57:58.662950,311,CAYLEY_BILATERAL,1024,32,1.998401e-15,1.0006e+00,0,PASS
2026-09-29T02:57:58.663601,311,RUST_BETTI_FLAT_DSU,3,1,0.000000e+00,1.0000e+00,0,"B0=1,B1=1_PASS"
2026-09-29T02:58:43.715366,312,DSYRK_GRAMIAN,2048,8,4.831691e-13,1.0000e+00,0,PASS
2026-09-29T02:58:43.716129,312,DYNAMIC_FWHT,2048,1,0.000000e+00,1.0000e+00,0,PASS
2026-09-29T02:58:43.718096,312,CAYLEY_BILATERAL,1024,8,8.881784e-16,1.0001e+00,0,PASS
2026-09-29T02:58:43.718548,312,RUST_BETTI_FLAT_DSU,3,1,0.000000e+00,1.0000e+00,0,"B0=1,B1=1_PASS"
2026-09-29T02:59:28.795022,313,DSYRK_GRAMIAN,4096,16,4.263256e-13,1.0000e+00,0,PASS
2026-09-29T02:59:28.796268,313,DYNAMIC_FWHT,4096,1,1.110223e-16,1.0000e+00,0,PASS
2026-09-29T02:59:28.805070,313,CAYLEY_BILATERAL,1024,16,8.881784e-16,1.0004e+00,0,PASS
2026-09-29T02:59:28.806483,313,RUST_BETTI_FLAT_DSU,3,1,0.000000e+00,1.0000e+00,0,"B0=1,B1=1_PASS"
2026-09-29T03:00:13.967538,314,DSYRK_GRAMIAN,8192,32,5.684342e-13,1.0000e+00,0,PASS
2026-09-29T03:00:13.969224,314,DYNAMIC_FWHT,8192,1,2.220446e-16,1.0000e+00,0,PASS
2026-09-29T03:00:13.982491,314,CAYLEY_BILATERAL,1024,32,1.776357e-15,1.0007e+00,0,PASS
2026-09-29T03:00:13.983064,314,RUST_BETTI_FLAT_DSU,3,1,0.000000e+00,1.0000e+00,0,"B0=1,B1=1_PASS"
2026-09-29T03:00:59.033008,315,DSYRK_GRAMIAN,2048,8,7.958079e-13,1.0000e+00,0,PASS
2026-09-29T03:00:59.033783,315,DYNAMIC_FWHT,2048,1,0.000000e+00,1.0000e+00,0,PASS
2026-09-29T03:00:59.035881,315,CAYLEY_BILATERAL,1024,8,8.881784e-16,1.0001e+00,0,PASS
2026-09-29T03:00:59.036319,315,RUST_BETTI_FLAT_DSU,3,1,0.000000e+00,1.0000e+00,0,"B0=1,B1=1_PASS"
2026-09-29T03:01:44.105762,316,DSYRK_GRAMIAN,4096,16,4.547474e-13,1.0000e+00,0,PASS
2026-09-29T03:01:44.106833,316,DYNAMIC_FWHT,4096,1,1.110223e-16,1.0000e+00,0,PASS
2026-09-29T03:01:44.110471,316,CAYLEY_BILATERAL,1024,16,1.110223e-15,1.0003e+00,0,PASS
2026-09-29T03:01:44.110929,316,RUST_BETTI_FLAT_DSU,3,1,0.000000e+00,1.0000e+00,0,"B0=1,B1=1_PASS"
2026-09-29T03:02:29.357415,317,DSYRK_GRAMIAN,8192,32,9.379164e-13,1.0000e+00,0,PASS
2026-09-29T03:02:29.359224,317,DYNAMIC_FWHT,8192,1,0.000000e+00,1.0000e+00,0,PASS
2026-09-29T03:02:29.375895,317,CAYLEY_BILATERAL,1024,32,1.554312e-15,1.0007e+00,0,PASS
2026-09-29T03:02:29.376826,317,RUST_BETTI_FLAT_DSU,3,1,0.000000e+00,1.0000e+00,0,"B0=1,B1=1_PASS"
2026-09-29T03:03:14.409716,318,DSYRK_GRAMIAN,2048,8,4.547474e-13,1.0000e+00,0,PASS
2026-09-29T03:03:14.410493,318,DYNAMIC_FWHT,2048,1,0.000000e+00,1.0000e+00,0,PASS
2026-09-29T03:03:14.412820,318,CAYLEY_BILATERAL,1024,8,1.110223e-15,1.0001e+00,0,PASS
2026-09-29T03:03:14.413285,318,RUST_BETTI_FLAT_DSU,3,1,0.000000e+00,1.0000e+00,0,"B0=1,B1=1_PASS"
2026-09-29T03:03:59.484363,319,DSYRK_GRAMIAN,4096,16,6.252776e-13,1.0000e+00,0,PASS
2026-09-29T03:03:59.485483,319,DYNAMIC_FWHT,4096,1,1.110223e-16,1.0000e+00,0,PASS
2026-09-29T03:03:59.489140,319,CAYLEY_BILATERAL,1024,16,1.110223e-15,1.0003e+00,0,PASS
2026-09-29T03:03:59.489536,319,RUST_BETTI_FLAT_DSU,3,1,0.000000e+00,1.0000e+00,0,"B0=1,B1=1_PASS"
2026-09-29T03:04:44.629323,320,DSYRK_GRAMIAN,8192,32,7.958079e-13,1.0000e+00,0,PASS
2026-09-29T03:04:44.634203,320,DYNAMIC_FWHT,8192,1,1.110223e-16,1.0000e+00,0,PASS
2026-09-29T03:04:44.643370,320,CAYLEY_BILATERAL,1024,32,1.110223e-15,1.0006e+00,0,PASS
2026-09-29T03:04:44.643948,320,RUST_BETTI_FLAT_DSU,3,1,0.000000e+00,1.0000e+00,0,"B0=1,B1=1_PASS"
2026-09-29T03:05:29.674558,321,DSYRK_GRAMIAN,2048,8,4.547474e-13,1.0000e+00,0,PASS
2026-09-29T03:05:29.675785,321,DYNAMIC_FWHT,2048,1,1.110223e-16,1.0000e+00,0,PASS
2026-09-29T03:05:29.678058,321,CAYLEY_BILATERAL,1024,8,7.771561e-16,1.0001e+00,0,PASS
2026-09-29T03:05:29.678526,321,RUST_BETTI_FLAT_DSU,3,1,0.000000e+00,1.0000e+00,0,"B0=1,B1=1_PASS"
2026-09-29T03:06:14.751986,322,DSYRK_GRAMIAN,4096,16,2.842171e-13,1.0000e+00,0,PASS
2026-09-29T03:06:14.753070,322,DYNAMIC_FWHT,4096,1,1.110223e-16,1.0000e+00,0,PASS
2026-09-29T03:06:14.761830,322,CAYLEY_BILATERAL,1024,16,1.110223e-15,1.0003e+00,0,PASS
2026-09-29T03:06:14.762424,322,RUST_BETTI_FLAT_DSU,3,1,0.000000e+00,1.0000e+00,0,"B0=1,B1=1_PASS"
2026-09-29T03:06:59.917695,323,DSYRK_GRAMIAN,8192,32,4.831691e-13,1.0000e+00,0,PASS
2026-09-29T03:06:59.919302,323,DYNAMIC_FWHT,8192,1,4.440892e-16,1.0000e+00,0,PASS
2026-09-29T03:06:59.934227,323,CAYLEY_BILATERAL,1024,32,1.332268e-15,1.0007e+00,0,PASS
2026-09-29T03:06:59.934785,323,RUST_BETTI_FLAT_DSU,3,1,0.000000e+00,1.0000e+00,0,"B0=1,B1=1_PASS"
2026-09-29T03:07:44.961297,324,DSYRK_GRAMIAN,2048,8,5.684342e-13,1.0000e+00,0,PASS
2026-09-29T03:07:44.961982,324,DYNAMIC_FWHT,2048,1,2.220446e-16,1.0000e+00,0,PASS
2026-09-29T03:07:44.963856,324,CAYLEY_BILATERAL,1024,8,7.771561e-16,1.0001e+00,0,PASS
2026-09-29T03:07:44.964253,324,RUST_BETTI_FLAT_DSU,3,1,0.000000e+00,1.0000e+00,0,"B0=1,B1=1_PASS"
2026-09-29T03:08:30.031217,325,DSYRK_GRAMIAN,4096,16,4.547474e-13,1.0000e+00,0,PASS
2026-09-29T03:08:30.032040,325,DYNAMIC_FWHT,4096,1,1.110223e-16,1.0000e+00,0,PASS
2026-09-29T03:08:30.035386,325,CAYLEY_BILATERAL,1024,16,1.332268e-15,1.0003e+00,0,PASS
2026-09-29T03:08:30.035787,325,RUST_BETTI_FLAT_DSU,3,1,0.000000e+00,1.0000e+00,0,"B0=1,B1=1_PASS"
2026-09-29T03:09:15.171816,326,DSYRK_GRAMIAN,8192,32,8.526513e-13,1.0000e+00,0,PASS
2026-09-29T03:09:15.173200,326,DYNAMIC_FWHT,8192,1,1.110223e-16,1.0000e+00,0,PASS
2026-09-29T03:09:15.186234,326,CAYLEY_BILATERAL,1024,32,1.776357e-15,1.0006e+00,0,PASS
2026-09-29T03:09:15.186762,326,RUST_BETTI_FLAT_DSU,3,1,0.000000e+00,1.0000e+00,0,"B0=1,B1=1_PASS"
2026-09-29T03:10:00.233148,327,DSYRK_GRAMIAN,2048,8,6.821210e-13,1.0000e+00,0,PASS
2026-09-29T03:10:00.234217,327,DYNAMIC_FWHT,2048,1,4.440892e-16,1.0000e+00,0,PASS
2026-09-29T03:10:00.236368,327,CAYLEY_BILATERAL,1024,8,6.661338e-16,1.0001e+00,0,PASS
2026-09-29T03:10:00.236814,327,RUST_BETTI_FLAT_DSU,3,1,0.000000e+00,1.0000e+00,0,"B0=1,B1=1_PASS"
2026-09-29T03:10:45.309748,328,DSYRK_GRAMIAN,4096,16,4.547474e-13,1.0000e+00,0,PASS
2026-09-29T03:10:45.310593,328,DYNAMIC_FWHT,4096,1,1.110223e-16,1.0000e+00,0,PASS
2026-09-29T03:10:45.314084,328,CAYLEY_BILATERAL,1024,16,1.110223e-15,1.0003e+00,0,PASS
2026-09-29T03:10:45.314481,328,RUST_BETTI_FLAT_DSU,3,1,0.000000e+00,1.0000e+00,0,"B0=1,B1=1_PASS"
2026-09-29T03:11:30.452891,329,DSYRK_GRAMIAN,8192,32,5.968559e-13,1.0000e+00,0,PASS
2026-09-29T03:11:30.454276,329,DYNAMIC_FWHT,8192,1,2.220446e-16,1.0000e+00,0,PASS
2026-09-29T03:11:30.467802,329,CAYLEY_BILATERAL,1024,32,1.332268e-15,1.0008e+00,0,PASS
2026-09-29T03:11:30.468335,329,RUST_BETTI_FLAT_DSU,3,1,0.000000e+00,1.0000e+00,0,"B0=1,B1=1_PASS"
2026-09-29T03:12:15.507147,330,DSYRK_GRAMIAN,2048,8,4.547474e-13,1.0000e+00,0,PASS
2026-09-29T03:12:15.507859,330,DYNAMIC_FWHT,2048,1,0.000000e+00,1.0000e+00,0,PASS
2026-09-29T03:12:15.509764,330,CAYLEY_BILATERAL,1024,8,5.551115e-16,1.0001e+00,0,PASS
2026-09-29T03:12:15.510282,330,RUST_BETTI_FLAT_DSU,3,1,0.000000e+00,1.0000e+00,0,"B0=1,B1=1_PASS"
2026-09-29T03:13:00.589040,331,DSYRK_GRAMIAN,4096,16,4.547474e-13,1.0000e+00,0,PASS
2026-09-29T03:13:00.590682,331,DYNAMIC_FWHT,4096,1,0.000000e+00,1.0000e+00,0,PASS
2026-09-29T03:13:00.594634,331,CAYLEY_BILATERAL,1024,16,1.110223e-15,1.0002e+00,0,PASS
2026-09-29T03:13:00.595258,331,RUST_BETTI_FLAT_DSU,3,1,0.000000e+00,1.0000e+00,0,"B0=1,B1=1_PASS"
2026-09-29T03:13:45.732394,332,DSYRK_GRAMIAN,8192,32,9.947598e-13,1.0000e+00,0,PASS
2026-09-29T03:13:45.733902,332,DYNAMIC_FWHT,8192,1,0.000000e+00,1.0000e+00,0,PASS
2026-09-29T03:13:45.746429,332,CAYLEY_BILATERAL,1024,32,1.332268e-15,1.0007e+00,0,PASS
2026-09-29T03:13:45.746988,332,RUST_BETTI_FLAT_DSU,3,1,0.000000e+00,1.0000e+00,0,"B0=1,B1=1_PASS"
2026-09-29T03:14:30.789988,333,DSYRK_GRAMIAN,2048,8,1.080025e-12,1.0000e+00,0,PASS
2026-09-29T03:14:30.796142,333,DYNAMIC_FWHT,2048,1,2.220446e-16,1.0000e+00,0,PASS
2026-09-29T03:14:30.798051,333,CAYLEY_BILATERAL,1024,8,1.110223e-15,1.0001e+00,0,PASS
2026-09-29T03:14:30.798453,333,RUST_BETTI_FLAT_DSU,3,1,0.000000e+00,1.0000e+00,0,"B0=1,B1=1_PASS"
2026-09-29T03:15:15.868373,334,DSYRK_GRAMIAN,4096,16,4.263256e-13,1.0000e+00,0,PASS
2026-09-29T03:15:15.869461,334,DYNAMIC_FWHT,4096,1,1.110223e-16,1.0000e+00,0,PASS
2026-09-29T03:15:15.873048,334,CAYLEY_BILATERAL,1024,16,1.110223e-15,1.0003e+00,0,PASS
2026-09-29T03:15:15.873620,334,RUST_BETTI_FLAT_DSU,3,1,0.000000e+00,1.0000e+00,0,"B0=1,B1=1_PASS"
2026-09-29T03:16:00.999144,335,DSYRK_GRAMIAN,8192,32,5.968559e-13,1.0000e+00,0,PASS
2026-09-29T03:16:01.005324,335,DYNAMIC_FWHT,8192,1,2.220446e-16,1.0000e+00,0,PASS
2026-09-29T03:16:01.014109,335,CAYLEY_BILATERAL,1024,32,1.998401e-15,1.0006e+00,0,PASS
2026-09-29T03:16:01.014663,335,RUST_BETTI_FLAT_DSU,3,1,0.000000e+00,1.0000e+00,0,"B0=1,B1=1_PASS"
2026-09-29T03:16:46.052671,336,DSYRK_GRAMIAN,2048,8,5.115908e-13,1.0000e+00,0,PASS
2026-09-29T03:16:46.053428,336,DYNAMIC_FWHT,2048,1,2.220446e-16,1.0000e+00,0,PASS
2026-09-29T03:16:46.059520,336,CAYLEY_BILATERAL,1024,8,6.661338e-16,1.0001e+00,0,PASS
2026-09-29T03:16:46.059990,336,RUST_BETTI_FLAT_DSU,3,1,0.000000e+00,1.0000e+00,0,"B0=1,B1=1_PASS"
2026-09-29T03:17:31.138486,337,DSYRK_GRAMIAN,4096,16,2.842171e-13,1.0000e+00,0,PASS
2026-09-29T03:17:31.139595,337,DYNAMIC_FWHT,4096,1,0.000000e+00,1.0000e+00,0,PASS
2026-09-29T03:17:31.146697,337,CAYLEY_BILATERAL,1024,16,8.881784e-16,1.0003e+00,0,PASS
2026-09-29T03:17:31.147463,337,RUST_BETTI_FLAT_DSU,3,1,0.000000e+00,1.0000e+00,0,"B0=1,B1=1_PASS"
2026-09-29T03:18:16.266620,338,DSYRK_GRAMIAN,8192,32,6.821210e-13,1.0000e+00,0,PASS
2026-09-29T03:18:16.268128,338,DYNAMIC_FWHT,8192,1,0.000000e+00,1.0000e+00,0,PASS
2026-09-29T03:18:16.280258,338,CAYLEY_BILATERAL,1024,32,1.554312e-15,1.0007e+00,0,PASS
2026-09-29T03:18:16.280843,338,RUST_BETTI_FLAT_DSU,3,1,0.000000e+00,1.0000e+00,0,"B0=1,B1=1_PASS"
2026-09-29T03:19:01.316884,339,DSYRK_GRAMIAN,2048,8,5.115908e-13,1.0000e+00,0,PASS
2026-09-29T03:19:01.317547,339,DYNAMIC_FWHT,2048,1,2.220446e-16,1.0000e+00,0,PASS
2026-09-29T03:19:01.325074,339,CAYLEY_BILATERAL,1024,8,1.110223e-15,1.0002e+00,0,PASS
2026-09-29T03:19:01.325480,339,RUST_BETTI_FLAT_DSU,3,1,0.000000e+00,1.0000e+00,0,"B0=1,B1=1_PASS"
2026-09-29T03:19:46.414125,340,DSYRK_GRAMIAN,4096,16,4.263256e-13,1.0000e+00,0,PASS
2026-09-29T03:19:46.415303,340,DYNAMIC_FWHT,4096,1,2.220446e-16,1.0000e+00,0,PASS
2026-09-29T03:19:46.419083,340,CAYLEY_BILATERAL,1024,16,1.332268e-15,1.0002e+00,0,PASS
2026-09-29T03:19:46.419625,340,RUST_BETTI_FLAT_DSU,3,1,0.000000e+00,1.0000e+00,0,"B0=1,B1=1_PASS"
2026-09-29T03:20:31.555682,341,DSYRK_GRAMIAN,8192,32,7.958079e-13,1.0000e+00,0,PASS
2026-09-29T03:20:31.557197,341,DYNAMIC_FWHT,8192,1,1.110223e-16,1.0000e+00,0,PASS
2026-09-29T03:20:31.569912,341,CAYLEY_BILATERAL,1024,32,1.110223e-15,1.0006e+00,0,PASS
2026-09-29T03:20:31.570492,341,RUST_BETTI_FLAT_DSU,3,1,0.000000e+00,1.0000e+00,0,"B0=1,B1=1_PASS"
2026-09-29T03:21:16.611914,342,DSYRK_GRAMIAN,2048,8,4.547474e-13,1.0000e+00,0,PASS
2026-09-29T03:21:16.612594,342,DYNAMIC_FWHT,2048,1,2.220446e-16,1.0000e+00,0,PASS
2026-09-29T03:21:16.614410,342,CAYLEY_BILATERAL,1024,8,6.661338e-16,1.0001e+00,0,PASS
2026-09-29T03:21:16.614851,342,RUST_BETTI_FLAT_DSU,3,1,0.000000e+00,1.0000e+00,0,"B0=1,B1=1_PASS"
2026-09-29T03:22:01.709999,343,DSYRK_GRAMIAN,4096,16,4.547474e-13,1.0000e+00,0,PASS
2026-09-29T03:22:01.711228,343,DYNAMIC_FWHT,4096,1,0.000000e+00,1.0000e+00,0,PASS
2026-09-29T03:22:01.716021,343,CAYLEY_BILATERAL,1024,16,6.661338e-16,1.0003e+00,0,PASS
2026-09-29T03:22:01.716459,343,RUST_BETTI_FLAT_DSU,3,1,0.000000e+00,1.0000e+00,0,"B0=1,B1=1_PASS"
2026-09-29T03:22:46.870374,344,DSYRK_GRAMIAN,8192,32,6.536993e-13,1.0000e+00,0,PASS
2026-09-29T03:22:46.871782,344,DYNAMIC_FWHT,8192,1,2.220446e-16,1.0000e+00,0,PASS
2026-09-29T03:22:46.885985,344,CAYLEY_BILATERAL,1024,32,1.554312e-15,1.0007e+00,0,PASS
2026-09-29T03:22:46.886558,344,RUST_BETTI_FLAT_DSU,3,1,0.000000e+00,1.0000e+00,0,"B0=1,B1=1_PASS"
2026-09-29T03:23:31.911643,345,DSYRK_GRAMIAN,2048,8,5.115908e-13,1.0000e+00,0,PASS
2026-09-29T03:23:31.912318,345,DYNAMIC_FWHT,2048,1,0.000000e+00,1.0000e+00,0,PASS
2026-09-29T03:23:31.914108,345,CAYLEY_BILATERAL,1024,8,8.881784e-16,1.0002e+00,0,PASS
2026-09-29T03:23:31.914715,345,RUST_BETTI_FLAT_DSU,3,1,0.000000e+00,1.0000e+00,0,"B0=1,B1=1_PASS"
2026-09-29T03:24:17.049430,346,DSYRK_GRAMIAN,4096,16,3.410605e-13,1.0000e+00,0,PASS
2026-09-29T03:24:17.050642,346,DYNAMIC_FWHT,4096,1,0.000000e+00,1.0000e+00,0,PASS
2026-09-29T03:24:17.061141,346,CAYLEY_BILATERAL,1024,16,9.992007e-16,1.0003e+00,0,PASS
2026-09-29T03:24:17.061722,346,RUST_BETTI_FLAT_DSU,3,1,0.000000e+00,1.0000e+00,0,"B0=1,B1=1_PASS"
2026-09-29T03:25:02.198456,347,DSYRK_GRAMIAN,8192,32,7.958079e-13,1.0000e+00,0,PASS
2026-09-29T03:25:02.199835,347,DYNAMIC_FWHT,8192,1,1.110223e-16,1.0000e+00,0,PASS
2026-09-29T03:25:02.213169,347,CAYLEY_BILATERAL,1024,32,1.776357e-15,1.0007e+00,0,PASS
2026-09-29T03:25:02.213788,347,RUST_BETTI_FLAT_DSU,3,1,0.000000e+00,1.0000e+00,0,"B0=1,B1=1_PASS"
2026-09-29T03:25:47.257490,348,DSYRK_GRAMIAN,2048,8,3.410605e-13,1.0000e+00,0,PASS
2026-09-29T03:25:47.258330,348,DYNAMIC_FWHT,2048,1,1.110223e-16,1.0000e+00,0,PASS
2026-09-29T03:25:47.260681,348,CAYLEY_BILATERAL,1024,8,5.551115e-16,1.0001e+00,0,PASS
2026-09-29T03:25:47.261254,348,RUST_BETTI_FLAT_DSU,3,1,0.000000e+00,1.0000e+00,0,"B0=1,B1=1_PASS"
2026-09-29T03:26:32.339834,349,DSYRK_GRAMIAN,4096,16,2.842171e-13,1.0000e+00,0,PASS
2026-09-29T03:26:32.340914,349,DYNAMIC_FWHT,4096,1,1.110223e-16,1.0000e+00,0,PASS
2026-09-29T03:26:32.344522,349,CAYLEY_BILATERAL,1024,16,1.554312e-15,1.0002e+00,0,PASS
2026-09-29T03:26:32.344952,349,RUST_BETTI_FLAT_DSU,3,1,0.000000e+00,1.0000e+00,0,"B0=1,B1=1_PASS"
2026-09-29T03:27:17.493948,350,DSYRK_GRAMIAN,8192,32,6.252776e-13,1.0000e+00,0,PASS
2026-09-29T03:27:17.495381,350,DYNAMIC_FWHT,8192,1,2.220446e-16,1.0000e+00,0,PASS
2026-09-29T03:27:17.509604,350,CAYLEY_BILATERAL,1024,32,1.554312e-15,1.0006e+00,0,PASS
2026-09-29T03:27:17.510154,350,RUST_BETTI_FLAT_DSU,3,1,0.000000e+00,1.0000e+00,0,"B0=1,B1=1_PASS"
2026-09-29T03:28:02.554834,351,DSYRK_GRAMIAN,2048,8,6.821210e-13,1.0000e+00,0,PASS
2026-09-29T03:28:02.555669,351,DYNAMIC_FWHT,2048,1,2.220446e-16,1.0000e+00,0,PASS
2026-09-29T03:28:02.557833,351,CAYLEY_BILATERAL,1024,8,8.881784e-16,1.0001e+00,0,PASS
2026-09-29T03:28:02.558418,351,RUST_BETTI_FLAT_DSU,3,1,0.000000e+00,1.0000e+00,0,"B0=1,B1=1_PASS"
2026-09-29T03:28:47.629713,352,DSYRK_GRAMIAN,4096,16,3.979039e-13,1.0000e+00,0,PASS
2026-09-29T03:28:47.631065,352,DYNAMIC_FWHT,4096,1,0.000000e+00,1.0000e+00,0,PASS
2026-09-29T03:28:47.637226,352,CAYLEY_BILATERAL,1024,16,8.881784e-16,1.0003e+00,0,PASS
2026-09-29T03:28:47.637640,352,RUST_BETTI_FLAT_DSU,3,1,0.000000e+00,1.0000e+00,0,"B0=1,B1=1_PASS"
2026-09-29T03:29:32.766697,353,DSYRK_GRAMIAN,8192,32,5.115908e-13,1.0000e+00,0,PASS
2026-09-29T03:29:32.771041,353,DYNAMIC_FWHT,8192,1,2.220446e-16,1.0000e+00,0,PASS
2026-09-29T03:29:32.780589,353,CAYLEY_BILATERAL,1024,32,1.332268e-15,1.0007e+00,0,PASS
2026-09-29T03:29:32.781099,353,RUST_BETTI_FLAT_DSU,3,1,0.000000e+00,1.0000e+00,0,"B0=1,B1=1_PASS"
2026-09-29T03:30:17.831427,354,DSYRK_GRAMIAN,2048,8,4.547474e-13,1.0000e+00,0,PASS
2026-09-29T03:30:17.832558,354,DYNAMIC_FWHT,2048,1,2.220446e-16,1.0000e+00,0,PASS
2026-09-29T03:30:17.835544,354,CAYLEY_BILATERAL,1024,8,7.771561e-16,1.0001e+00,0,PASS
2026-09-29T03:30:17.836315,354,RUST_BETTI_FLAT_DSU,3,1,0.000000e+00,1.0000e+00,0,"B0=1,B1=1_PASS"
2026-09-29T03:31:02.904715,355,DSYRK_GRAMIAN,4096,16,5.115908e-13,1.0000e+00,0,PASS
2026-09-29T03:31:02.905575,355,DYNAMIC_FWHT,4096,1,0.000000e+00,1.0000e+00,0,PASS
2026-09-29T03:31:02.908990,355,CAYLEY_BILATERAL,1024,16,1.554312e-15,1.0003e+00,0,PASS
2026-09-29T03:31:02.909392,355,RUST_BETTI_FLAT_DSU,3,1,0.000000e+00,1.0000e+00,0,"B0=1,B1=1_PASS"
2026-09-29T03:31:48.061961,356,DSYRK_GRAMIAN,8192,32,7.673862e-13,1.0000e+00,0,PASS
2026-09-29T03:31:48.063390,356,DYNAMIC_FWHT,8192,1,1.110223e-16,1.0000e+00,0,PASS
2026-09-29T03:31:48.076637,356,CAYLEY_BILATERAL,1024,32,1.332268e-15,1.0006e+00,0,PASS
2026-09-29T03:31:48.077155,356,RUST_BETTI_FLAT_DSU,3,1,0.000000e+00,1.0000e+00,0,"B0=1,B1=1_PASS"
2026-09-29T03:32:33.115804,357,DSYRK_GRAMIAN,2048,8,5.684342e-13,1.0000e+00,0,PASS
2026-09-29T03:32:33.116529,357,DYNAMIC_FWHT,2048,1,2.220446e-16,1.0000e+00,0,PASS
2026-09-29T03:32:33.118410,357,CAYLEY_BILATERAL,1024,8,6.661338e-16,1.0001e+00,0,PASS
2026-09-29T03:32:33.118853,357,RUST_BETTI_FLAT_DSU,3,1,0.000000e+00,1.0000e+00,0,"B0=1,B1=1_PASS"
2026-09-29T03:33:18.190035,358,DSYRK_GRAMIAN,4096,16,2.842171e-13,1.0000e+00,0,PASS
2026-09-29T03:33:18.195418,358,DYNAMIC_FWHT,4096,1,0.000000e+00,1.0000e+00,0,PASS
2026-09-29T03:33:18.199166,358,CAYLEY_BILATERAL,1024,16,8.881784e-16,1.0003e+00,0,PASS
2026-09-29T03:33:18.199563,358,RUST_BETTI_FLAT_DSU,3,1,0.000000e+00,1.0000e+00,0,"B0=1,B1=1_PASS"
2026-09-29T03:34:03.336237,359,DSYRK_GRAMIAN,8192,32,7.389644e-13,1.0000e+00,0,PASS
2026-09-29T03:34:03.337642,359,DYNAMIC_FWHT,8192,1,2.220446e-16,1.0000e+00,0,PASS
2026-09-29T03:34:03.350718,359,CAYLEY_BILATERAL,1024,32,1.332268e-15,1.0007e+00,0,PASS
2026-09-29T03:34:03.351264,359,RUST_BETTI_FLAT_DSU,3,1,0.000000e+00,1.0000e+00,0,"B0=1,B1=1_PASS"
2026-09-29T03:34:48.383610,360,DSYRK_GRAMIAN,2048,8,5.968559e-13,1.0000e+00,0,PASS
2026-09-29T03:34:48.389258,360,DYNAMIC_FWHT,2048,1,2.220446e-16,1.0000e+00,0,PASS
2026-09-29T03:34:48.391094,360,CAYLEY_BILATERAL,1024,8,8.881784e-16,1.0001e+00,0,PASS
2026-09-29T03:34:48.391488,360,RUST_BETTI_FLAT_DSU,3,1,0.000000e+00,1.0000e+00,0,"B0=1,B1=1_PASS"
2026-09-29T03:35:33.461316,361,DSYRK_GRAMIAN,4096,16,5.115908e-13,1.0000e+00,0,PASS
2026-09-29T03:35:33.462417,361,DYNAMIC_FWHT,4096,1,0.000000e+00,1.0000e+00,0,PASS
2026-09-29T03:35:33.466167,361,CAYLEY_BILATERAL,1024,16,1.554312e-15,1.0003e+00,0,PASS
2026-09-29T03:35:33.466656,361,RUST_BETTI_FLAT_DSU,3,1,0.000000e+00,1.0000e+00,0,"B0=1,B1=1_PASS"
2026-09-29T03:36:18.605012,362,DSYRK_GRAMIAN,8192,32,5.968559e-13,1.0000e+00,0,PASS
2026-09-29T03:36:18.606522,362,DYNAMIC_FWHT,8192,1,1.110223e-16,1.0000e+00,0,PASS
2026-09-29T03:36:18.620213,362,CAYLEY_BILATERAL,1024,32,1.332268e-15,1.0007e+00,0,PASS
2026-09-29T03:36:18.620745,362,RUST_BETTI_FLAT_DSU,3,1,0.000000e+00,1.0000e+00,0,"B0=1,B1=1_PASS"
2026-09-29T03:37:03.658312,363,DSYRK_GRAMIAN,2048,8,3.694822e-13,1.0000e+00,0,PASS
2026-09-29T03:37:03.659003,363,DYNAMIC_FWHT,2048,1,0.000000e+00,1.0000e+00,0,PASS
2026-09-29T03:37:03.660760,363,CAYLEY_BILATERAL,1024,8,7.771561e-16,1.0001e+00,0,PASS
2026-09-29T03:37:03.661182,363,RUST_BETTI_FLAT_DSU,3,1,0.000000e+00,1.0000e+00,0,"B0=1,B1=1_PASS"
2026-09-29T03:37:48.740820,364,DSYRK_GRAMIAN,4096,16,5.115908e-13,1.0000e+00,0,PASS
2026-09-29T03:37:48.741998,364,DYNAMIC_FWHT,4096,1,1.110223e-16,1.0000e+00,0,PASS
2026-09-29T03:37:48.745928,364,CAYLEY_BILATERAL,1024,16,8.881784e-16,1.0003e+00,0,PASS
2026-09-29T03:37:48.746467,364,RUST_BETTI_FLAT_DSU,3,1,0.000000e+00,1.0000e+00,0,"B0=1,B1=1_PASS"
2026-09-29T03:38:33.886130,365,DSYRK_GRAMIAN,8192,32,5.684342e-13,1.0000e+00,0,PASS
2026-09-29T03:38:33.887669,365,DYNAMIC_FWHT,8192,1,2.220446e-16,1.0000e+00,0,PASS
2026-09-29T03:38:33.901303,365,CAYLEY_BILATERAL,1024,32,1.110223e-15,1.0006e+00,0,PASS
2026-09-29T03:38:33.901832,365,RUST_BETTI_FLAT_DSU,3,1,0.000000e+00,1.0000e+00,0,"B0=1,B1=1_PASS"
2026-09-29T03:39:18.927638,366,DSYRK_GRAMIAN,2048,8,6.252776e-13,1.0000e+00,0,PASS
2026-09-29T03:39:18.928435,366,DYNAMIC_FWHT,2048,1,2.220446e-16,1.0000e+00,0,PASS
2026-09-29T03:39:18.935138,366,CAYLEY_BILATERAL,1024,8,8.881784e-16,1.0001e+00,0,PASS
2026-09-29T03:39:18.935533,366,RUST_BETTI_FLAT_DSU,3,1,0.000000e+00,1.0000e+00,0,"B0=1,B1=1_PASS"
2026-09-29T03:40:03.993037,367,DSYRK_GRAMIAN,4096,16,4.831691e-13,1.0000e+00,0,PASS
2026-09-29T03:40:03.994102,367,DYNAMIC_FWHT,4096,1,1.110223e-16,1.0000e+00,0,PASS
2026-09-29T03:40:03.997904,367,CAYLEY_BILATERAL,1024,16,8.881784e-16,1.0003e+00,0,PASS
2026-09-29T03:40:03.998379,367,RUST_BETTI_FLAT_DSU,3,1,0.000000e+00,1.0000e+00,0,"B0=1,B1=1_PASS"
2026-09-29T03:40:49.137286,368,DSYRK_GRAMIAN,8192,32,6.252776e-13,1.0000e+00,0,PASS
2026-09-29T03:40:49.142224,368,DYNAMIC_FWHT,8192,1,0.000000e+00,1.0000e+00,0,PASS
2026-09-29T03:40:49.151411,368,CAYLEY_BILATERAL,1024,32,1.776357e-15,1.0007e+00,0,PASS
2026-09-29T03:40:49.152002,368,RUST_BETTI_FLAT_DSU,3,1,0.000000e+00,1.0000e+00,0,"B0=1,B1=1_PASS"
2026-09-29T03:41:34.194401,369,DSYRK_GRAMIAN,2048,8,3.979039e-13,1.0000e+00,0,PASS
2026-09-29T03:41:34.195474,369,DYNAMIC_FWHT,2048,1,1.110223e-16,1.0000e+00,0,PASS
2026-09-29T03:41:34.199596,369,CAYLEY_BILATERAL,1024,8,8.881784e-16,1.0001e+00,0,PASS
2026-09-29T03:41:34.200381,369,RUST_BETTI_FLAT_DSU,3,1,0.000000e+00,1.0000e+00,0,"B0=1,B1=1_PASS"
2026-09-29T03:42:19.270923,370,DSYRK_GRAMIAN,4096,16,7.389644e-13,1.0000e+00,0,PASS
2026-09-29T03:42:19.272016,370,DYNAMIC_FWHT,4096,1,0.000000e+00,1.0000e+00,0,PASS
2026-09-29T03:42:19.275673,370,CAYLEY_BILATERAL,1024,16,1.110223e-15,1.0003e+00,0,PASS
2026-09-29T03:42:19.276180,370,RUST_BETTI_FLAT_DSU,3,1,0.000000e+00,1.0000e+00,0,"B0=1,B1=1_PASS"
2026-09-29T03:43:05.081503,371,DSYRK_GRAMIAN,8192,32,6.252776e-13,1.0000e+00,0,PASS
2026-09-29T03:43:05.084052,371,DYNAMIC_FWHT,8192,1,2.220446e-16,1.0000e+00,0,PASS
2026-09-29T03:43:05.107508,371,CAYLEY_BILATERAL,1024,32,1.554312e-15,1.0007e+00,0,PASS
2026-09-29T03:43:05.108208,371,RUST_BETTI_FLAT_DSU,3,1,0.000000e+00,1.0000e+00,0,"B0=1,B1=1_PASS"
2026-09-29T03:43:50.151990,372,DSYRK_GRAMIAN,2048,8,4.547474e-13,1.0000e+00,0,PASS
2026-09-29T03:43:50.152689,372,DYNAMIC_FWHT,2048,1,0.000000e+00,1.0000e+00,0,PASS
2026-09-29T03:43:50.154382,372,CAYLEY_BILATERAL,1024,8,5.551115e-16,1.0001e+00,0,PASS
2026-09-29T03:43:50.154775,372,RUST_BETTI_FLAT_DSU,3,1,0.000000e+00,1.0000e+00,0,"B0=1,B1=1_PASS"
2026-09-29T03:44:35.231927,373,DSYRK_GRAMIAN,4096,16,6.252776e-13,1.0000e+00,0,PASS
2026-09-29T03:44:35.233080,373,DYNAMIC_FWHT,4096,1,0.000000e+00,1.0000e+00,0,PASS
2026-09-29T03:44:35.236953,373,CAYLEY_BILATERAL,1024,16,8.881784e-16,1.0003e+00,0,PASS
2026-09-29T03:44:35.237350,373,RUST_BETTI_FLAT_DSU,3,1,0.000000e+00,1.0000e+00,0,"B0=1,B1=1_PASS"
2026-09-29T03:45:20.389809,374,DSYRK_GRAMIAN,8192,32,5.115908e-13,1.0000e+00,0,PASS
2026-09-29T03:45:20.391274,374,DYNAMIC_FWHT,8192,1,2.220446e-16,1.0000e+00,0,PASS
2026-09-29T03:45:20.406431,374,CAYLEY_BILATERAL,1024,32,1.332268e-15,1.0007e+00,0,PASS
2026-09-29T03:45:20.407008,374,RUST_BETTI_FLAT_DSU,3,1,0.000000e+00,1.0000e+00,0,"B0=1,B1=1_PASS"
2026-09-29T03:46:05.453515,375,DSYRK_GRAMIAN,2048,8,5.684342e-13,1.0000e+00,0,PASS
2026-09-29T03:46:05.459058,375,DYNAMIC_FWHT,2048,1,0.000000e+00,1.0000e+00,0,PASS
2026-09-29T03:46:05.460935,375,CAYLEY_BILATERAL,1024,8,8.881784e-16,1.0001e+00,0,PASS
2026-09-29T03:46:05.461333,375,RUST_BETTI_FLAT_DSU,3,1,0.000000e+00,1.0000e+00,0,"B0=1,B1=1_PASS"
2026-09-29T03:46:50.516222,376,DSYRK_GRAMIAN,4096,16,5.968559e-13,1.0000e+00,0,PASS
2026-09-29T03:46:50.517362,376,DYNAMIC_FWHT,4096,1,1.110223e-16,1.0000e+00,0,PASS
2026-09-29T03:46:50.521977,376,CAYLEY_BILATERAL,1024,16,1.332268e-15,1.0003e+00,0,PASS
2026-09-29T03:46:50.522402,376,RUST_BETTI_FLAT_DSU,3,1,0.000000e+00,1.0000e+00,0,"B0=1,B1=1_PASS"
2026-09-29T03:47:35.658787,377,DSYRK_GRAMIAN,8192,32,5.684342e-13,1.0000e+00,0,PASS
2026-09-29T03:47:35.660190,377,DYNAMIC_FWHT,8192,1,0.000000e+00,1.0000e+00,0,PASS
2026-09-29T03:47:35.672740,377,CAYLEY_BILATERAL,1024,32,1.554312e-15,1.0007e+00,0,PASS
2026-09-29T03:47:35.673293,377,RUST_BETTI_FLAT_DSU,3,1,0.000000e+00,1.0000e+00,0,"B0=1,B1=1_PASS"
2026-09-29T03:48:20.714314,378,DSYRK_GRAMIAN,2048,8,4.547474e-13,1.0000e+00,0,PASS
2026-09-29T03:48:20.715010,378,DYNAMIC_FWHT,2048,1,1.110223e-16,1.0000e+00,0,PASS
2026-09-29T03:48:20.716799,378,CAYLEY_BILATERAL,1024,8,9.992007e-16,1.0001e+00,0,PASS
2026-09-29T03:48:20.717222,378,RUST_BETTI_FLAT_DSU,3,1,0.000000e+00,1.0000e+00,0,"B0=1,B1=1_PASS"
2026-09-29T03:49:05.796783,379,DSYRK_GRAMIAN,4096,16,4.547474e-13,1.0000e+00,0,PASS
2026-09-29T03:49:05.797987,379,DYNAMIC_FWHT,4096,1,1.110223e-16,1.0000e+00,0,PASS
2026-09-29T03:49:05.801789,379,CAYLEY_BILATERAL,1024,16,8.881784e-16,1.0002e+00,0,PASS
2026-09-29T03:49:05.802216,379,RUST_BETTI_FLAT_DSU,3,1,0.000000e+00,1.0000e+00,0,"B0=1,B1=1_PASS"
2026-09-29T03:49:50.939151,380,DSYRK_GRAMIAN,8192,32,6.252776e-13,1.0000e+00,0,PASS
2026-09-29T03:49:50.940500,380,DYNAMIC_FWHT,8192,1,2.220446e-16,1.0000e+00,0,PASS
2026-09-29T03:49:50.953766,380,CAYLEY_BILATERAL,1024,32,1.332268e-15,1.0006e+00,0,PASS
2026-09-29T03:49:50.954330,380,RUST_BETTI_FLAT_DSU,3,1,0.000000e+00,1.0000e+00,0,"B0=1,B1=1_PASS"
2026-09-29T03:50:35.994003,381,DSYRK_GRAMIAN,2048,8,6.252776e-13,1.0000e+00,0,PASS
2026-09-29T03:50:35.994709,381,DYNAMIC_FWHT,2048,1,0.000000e+00,1.0000e+00,0,PASS
2026-09-29T03:50:35.996570,381,CAYLEY_BILATERAL,1024,8,6.661338e-16,1.0001e+00,0,PASS
2026-09-29T03:50:35.996975,381,RUST_BETTI_FLAT_DSU,3,1,0.000000e+00,1.0000e+00,0,"B0=1,B1=1_PASS"
2026-09-29T03:51:21.064717,382,DSYRK_GRAMIAN,4096,16,5.684342e-13,1.0000e+00,0,PASS
2026-09-29T03:51:21.065619,382,DYNAMIC_FWHT,4096,1,0.000000e+00,1.0000e+00,0,PASS
2026-09-29T03:51:21.069038,382,CAYLEY_BILATERAL,1024,16,1.110223e-15,1.0003e+00,0,PASS
2026-09-29T03:51:21.069475,382,RUST_BETTI_FLAT_DSU,3,1,0.000000e+00,1.0000e+00,0,"B0=1,B1=1_PASS"
2026-09-29T03:52:06.216021,383,DSYRK_GRAMIAN,8192,32,6.252776e-13,1.0000e+00,0,PASS
2026-09-29T03:52:06.217362,383,DYNAMIC_FWHT,8192,1,2.220446e-16,1.0000e+00,0,PASS
2026-09-29T03:52:06.229904,383,CAYLEY_BILATERAL,1024,32,1.998401e-15,1.0008e+00,0,PASS
2026-09-29T03:52:06.230474,383,RUST_BETTI_FLAT_DSU,3,1,0.000000e+00,1.0000e+00,0,"B0=1,B1=1_PASS"
2026-09-29T03:52:51.275801,384,DSYRK_GRAMIAN,2048,8,5.115908e-13,1.0000e+00,0,PASS
2026-09-29T03:52:51.276584,384,DYNAMIC_FWHT,2048,1,2.220446e-16,1.0000e+00,0,PASS
2026-09-29T03:52:51.278697,384,CAYLEY_BILATERAL,1024,8,8.881784e-16,1.0001e+00,0,PASS
2026-09-29T03:52:51.279283,384,RUST_BETTI_FLAT_DSU,3,1,0.000000e+00,1.0000e+00,0,"B0=1,B1=1_PASS"
2026-09-29T03:53:36.361529,385,DSYRK_GRAMIAN,4096,16,3.979039e-13,1.0000e+00,0,PASS
2026-09-29T03:53:36.362363,385,DYNAMIC_FWHT,4096,1,1.110223e-16,1.0000e+00,0,PASS
2026-09-29T03:53:36.365880,385,CAYLEY_BILATERAL,1024,16,1.332268e-15,1.0003e+00,0,PASS
2026-09-29T03:53:36.366463,385,RUST_BETTI_FLAT_DSU,3,1,0.000000e+00,1.0000e+00,0,"B0=1,B1=1_PASS"
2026-09-29T03:54:21.513931,386,DSYRK_GRAMIAN,8192,32,6.821210e-13,1.0000e+00,0,PASS
2026-09-29T03:54:21.515386,386,DYNAMIC_FWHT,8192,1,0.000000e+00,1.0000e+00,0,PASS
2026-09-29T03:54:21.528670,386,CAYLEY_BILATERAL,1024,32,1.443290e-15,1.0008e+00,0,PASS
2026-09-29T03:54:21.529197,386,RUST_BETTI_FLAT_DSU,3,1,0.000000e+00,1.0000e+00,0,"B0=1,B1=1_PASS"
2026-09-29T03:55:06.570010,387,DSYRK_GRAMIAN,2048,8,3.694822e-13,1.0000e+00,0,PASS
2026-09-29T03:55:06.570773,387,DYNAMIC_FWHT,2048,1,0.000000e+00,1.0000e+00,0,PASS
2026-09-29T03:55:06.572808,387,CAYLEY_BILATERAL,1024,8,1.332268e-15,1.0001e+00,0,PASS
2026-09-29T03:55:06.573254,387,RUST_BETTI_FLAT_DSU,3,1,0.000000e+00,1.0000e+00,0,"B0=1,B1=1_PASS"
2026-09-29T03:55:51.645029,388,DSYRK_GRAMIAN,4096,16,5.115908e-13,1.0000e+00,0,PASS
2026-09-29T03:55:51.645994,388,DYNAMIC_FWHT,4096,1,1.110223e-16,1.0000e+00,0,PASS
2026-09-29T03:55:51.653214,388,CAYLEY_BILATERAL,1024,16,1.110223e-15,1.0002e+00,0,PASS
2026-09-29T03:55:51.653635,388,RUST_BETTI_FLAT_DSU,3,1,0.000000e+00,1.0000e+00,0,"B0=1,B1=1_PASS"
2026-09-29T03:56:36.795332,389,DSYRK_GRAMIAN,8192,32,7.105427e-13,1.0000e+00,0,PASS
2026-09-29T03:56:36.796981,389,DYNAMIC_FWHT,8192,1,1.110223e-16,1.0000e+00,0,PASS
2026-09-29T03:56:36.810435,389,CAYLEY_BILATERAL,1024,32,1.110223e-15,1.0007e+00,0,PASS
2026-09-29T03:56:36.810960,389,RUST_BETTI_FLAT_DSU,3,1,0.000000e+00,1.0000e+00,0,"B0=1,B1=1_PASS"
2026-09-29T03:57:21.846602,390,DSYRK_GRAMIAN,2048,8,4.547474e-13,1.0000e+00,0,PASS
2026-09-29T03:57:21.847282,390,DYNAMIC_FWHT,2048,1,0.000000e+00,1.0000e+00,0,PASS
2026-09-29T03:57:21.848993,390,CAYLEY_BILATERAL,1024,8,8.881784e-16,1.0001e+00,0,PASS
2026-09-29T03:57:21.849418,390,RUST_BETTI_FLAT_DSU,3,1,0.000000e+00,1.0000e+00,0,"B0=1,B1=1_PASS"
2026-09-29T03:58:06.905352,391,DSYRK_GRAMIAN,4096,16,3.410605e-13,1.0000e+00,0,PASS
2026-09-29T03:58:06.906458,391,DYNAMIC_FWHT,4096,1,0.000000e+00,1.0000e+00,0,PASS
2026-09-29T03:58:06.910078,391,CAYLEY_BILATERAL,1024,16,1.110223e-15,1.0003e+00,0,PASS
2026-09-29T03:58:06.910593,391,RUST_BETTI_FLAT_DSU,3,1,0.000000e+00,1.0000e+00,0,"B0=1,B1=1_PASS"
2026-09-29T03:58:52.043577,392,DSYRK_GRAMIAN,8192,32,7.389644e-13,1.0000e+00,0,PASS
2026-09-29T03:58:52.045076,392,DYNAMIC_FWHT,8192,1,0.000000e+00,1.0000e+00,0,PASS
2026-09-29T03:58:52.057644,392,CAYLEY_BILATERAL,1024,32,1.110223e-15,1.0006e+00,0,PASS
2026-09-29T03:58:52.058195,392,RUST_BETTI_FLAT_DSU,3,1,0.000000e+00,1.0000e+00,0,"B0=1,B1=1_PASS"
2026-09-29T03:59:37.081064,393,DSYRK_GRAMIAN,2048,8,3.410605e-13,1.0000e+00,0,PASS
2026-09-29T03:59:37.081725,393,DYNAMIC_FWHT,2048,1,0.000000e+00,1.0000e+00,0,PASS
2026-09-29T03:59:37.083370,393,CAYLEY_BILATERAL,1024,8,6.661338e-16,1.0001e+00,0,PASS
2026-09-29T03:59:37.083751,393,RUST_BETTI_FLAT_DSU,3,1,0.000000e+00,1.0000e+00,0,"B0=1,B1=1_PASS"
2026-09-29T04:00:22.155229,394,DSYRK_GRAMIAN,4096,16,1.989520e-13,1.0000e+00,0,PASS
2026-09-29T04:00:22.156368,394,DYNAMIC_FWHT,4096,1,0.000000e+00,1.0000e+00,0,PASS
2026-09-29T04:00:22.164625,394,CAYLEY_BILATERAL,1024,16,1.110223e-15,1.0003e+00,0,PASS
2026-09-29T04:00:22.165411,394,RUST_BETTI_FLAT_DSU,3,1,0.000000e+00,1.0000e+00,0,"B0=1,B1=1_PASS"
2026-09-29T04:01:07.309562,395,DSYRK_GRAMIAN,8192,32,8.242296e-13,1.0000e+00,0,PASS
2026-09-29T04:01:07.311028,395,DYNAMIC_FWHT,8192,1,0.000000e+00,1.0000e+00,0,PASS
2026-09-29T04:01:07.324801,395,CAYLEY_BILATERAL,1024,32,1.332268e-15,1.0006e+00,0,PASS
2026-09-29T04:01:07.325357,395,RUST_BETTI_FLAT_DSU,3,1,0.000000e+00,1.0000e+00,0,"B0=1,B1=1_PASS"
2026-09-29T04:01:52.364099,396,DSYRK_GRAMIAN,2048,8,6.821210e-13,1.0000e+00,0,PASS
2026-09-29T04:01:52.364775,396,DYNAMIC_FWHT,2048,1,2.220446e-16,1.0000e+00,0,PASS
2026-09-29T04:01:52.366465,396,CAYLEY_BILATERAL,1024,8,8.881784e-16,1.0001e+00,0,PASS
2026-09-29T04:01:52.366853,396,RUST_BETTI_FLAT_DSU,3,1,0.000000e+00,1.0000e+00,0,"B0=1,B1=1_PASS"
2026-09-29T04:02:37.436269,397,DSYRK_GRAMIAN,4096,16,4.547474e-13,1.0000e+00,0,PASS
2026-09-29T04:02:37.437362,397,DYNAMIC_FWHT,4096,1,2.220446e-16,1.0000e+00,0,PASS
2026-09-29T04:02:37.444712,397,CAYLEY_BILATERAL,1024,16,8.881784e-16,1.0003e+00,0,PASS
2026-09-29T04:02:37.445366,397,RUST_BETTI_FLAT_DSU,3,1,0.000000e+00,1.0000e+00,0,"B0=1,B1=1_PASS"
2026-09-29T04:03:22.584102,398,DSYRK_GRAMIAN,8192,32,3.694822e-13,1.0000e+00,0,PASS
2026-09-29T04:03:22.585859,398,DYNAMIC_FWHT,8192,1,0.000000e+00,1.0000e+00,0,PASS
2026-09-29T04:03:22.599468,398,CAYLEY_BILATERAL,1024,32,1.110223e-15,1.0006e+00,0,PASS
2026-09-29T04:03:22.600053,398,RUST_BETTI_FLAT_DSU,3,1,0.000000e+00,1.0000e+00,0,"B0=1,B1=1_PASS"
2026-09-29T04:04:07.647590,399,DSYRK_GRAMIAN,2048,8,5.115908e-13,1.0000e+00,0,PASS
2026-09-29T04:04:07.648409,399,DYNAMIC_FWHT,2048,1,2.220446e-16,1.0000e+00,0,PASS
2026-09-29T04:04:07.654628,399,CAYLEY_BILATERAL,1024,8,1.110223e-15,1.0001e+00,0,PASS
2026-09-29T04:04:07.655118,399,RUST_BETTI_FLAT_DSU,3,1,0.000000e+00,1.0000e+00,0,"B0=1,B1=1_PASS"
2026-09-29T04:04:52.723340,400,DSYRK_GRAMIAN,4096,16,3.979039e-13,1.0000e+00,0,PASS
2026-09-29T04:04:52.725078,400,DYNAMIC_FWHT,4096,1,0.000000e+00,1.0000e+00,0,PASS
2026-09-29T04:04:52.728872,400,CAYLEY_BILATERAL,1024,16,1.110223e-15,1.0004e+00,0,PASS
2026-09-29T04:04:52.729366,400,RUST_BETTI_FLAT_DSU,3,1,0.000000e+00,1.0000e+00,0,"B0=1,B1=1_PASS"
2026-09-29T04:05:37.886057,401,DSYRK_GRAMIAN,8192,32,6.252776e-13,1.0000e+00,0,PASS
2026-09-29T04:05:37.887551,401,DYNAMIC_FWHT,8192,1,2.220446e-16,1.0000e+00,0,PASS
2026-09-29T04:05:37.902153,401,CAYLEY_BILATERAL,1024,32,1.554312e-15,1.0006e+00,0,PASS
2026-09-29T04:05:37.902745,401,RUST_BETTI_FLAT_DSU,3,1,0.000000e+00,1.0000e+00,0,"B0=1,B1=1_PASS"
2026-09-29T04:06:22.940466,402,DSYRK_GRAMIAN,2048,8,3.979039e-13,1.0000e+00,0,PASS
2026-09-29T04:06:22.941132,402,DYNAMIC_FWHT,2048,1,2.220446e-16,1.0000e+00,0,PASS
2026-09-29T04:06:22.942818,402,CAYLEY_BILATERAL,1024,8,9.992007e-16,1.0001e+00,0,PASS
2026-09-29T04:06:22.943207,402,RUST_BETTI_FLAT_DSU,3,1,0.000000e+00,1.0000e+00,0,"B0=1,B1=1_PASS"
2026-09-29T04:07:08.013754,403,DSYRK_GRAMIAN,4096,16,6.252776e-13,1.0000e+00,0,PASS
2026-09-29T04:07:08.014822,403,DYNAMIC_FWHT,4096,1,0.000000e+00,1.0000e+00,0,PASS
2026-09-29T04:07:08.022297,403,CAYLEY_BILATERAL,1024,16,1.554312e-15,1.0003e+00,0,PASS
2026-09-29T04:07:08.022731,403,RUST_BETTI_FLAT_DSU,3,1,0.000000e+00,1.0000e+00,0,"B0=1,B1=1_PASS"
2026-09-29T04:07:53.163043,404,DSYRK_GRAMIAN,8192,32,8.526513e-13,1.0000e+00,0,PASS
2026-09-29T04:07:53.164439,404,DYNAMIC_FWHT,8192,1,2.220446e-16,1.0000e+00,0,PASS
2026-09-29T04:07:53.178296,404,CAYLEY_BILATERAL,1024,32,1.776357e-15,1.0007e+00,0,PASS
2026-09-29T04:07:53.178944,404,RUST_BETTI_FLAT_DSU,3,1,0.000000e+00,1.0000e+00,0,"B0=1,B1=1_PASS"
2026-09-29T04:08:38.223626,405,DSYRK_GRAMIAN,2048,8,5.400125e-13,1.0000e+00,0,PASS
2026-09-29T04:08:38.224389,405,DYNAMIC_FWHT,2048,1,0.000000e+00,1.0000e+00,0,PASS
2026-09-29T04:08:38.226487,405,CAYLEY_BILATERAL,1024,8,6.661338e-16,1.0001e+00,0,PASS
2026-09-29T04:08:38.226938,405,RUST_BETTI_FLAT_DSU,3,1,0.000000e+00,1.0000e+00,0,"B0=1,B1=1_PASS"
2026-09-29T04:09:23.297327,406,DSYRK_GRAMIAN,4096,16,3.979039e-13,1.0000e+00,0,PASS
2026-09-29T04:09:23.298476,406,DYNAMIC_FWHT,4096,1,2.220446e-16,1.0000e+00,0,PASS
2026-09-29T04:09:23.307135,406,CAYLEY_BILATERAL,1024,16,8.881784e-16,1.0004e+00,0,PASS
2026-09-29T04:09:23.307549,406,RUST_BETTI_FLAT_DSU,3,1,0.000000e+00,1.0000e+00,0,"B0=1,B1=1_PASS"
2026-09-29T04:10:08.448036,407,DSYRK_GRAMIAN,8192,32,6.821210e-13,1.0000e+00,0,PASS
2026-09-29T04:10:08.449449,407,DYNAMIC_FWHT,8192,1,2.220446e-16,1.0000e+00,0,PASS
2026-09-29T04:10:08.463211,407,CAYLEY_BILATERAL,1024,32,1.554312e-15,1.0006e+00,0,PASS
2026-09-29T04:10:08.463805,407,RUST_BETTI_FLAT_DSU,3,1,0.000000e+00,1.0000e+00,0,"B0=1,B1=1_PASS"
2026-09-29T04:10:53.504581,408,DSYRK_GRAMIAN,2048,8,2.842171e-13,1.0000e+00,0,PASS
2026-09-29T04:10:53.505259,408,DYNAMIC_FWHT,2048,1,2.220446e-16,1.0000e+00,0,PASS
2026-09-29T04:10:53.507058,408,CAYLEY_BILATERAL,1024,8,1.110223e-15,1.0001e+00,0,PASS
2026-09-29T04:10:53.507538,408,RUST_BETTI_FLAT_DSU,3,1,0.000000e+00,1.0000e+00,0,"B0=1,B1=1_PASS"
2026-09-29T04:11:38.577280,409,DSYRK_GRAMIAN,4096,16,3.694822e-13,1.0000e+00,0,PASS
2026-09-29T04:11:38.578539,409,DYNAMIC_FWHT,4096,1,0.000000e+00,1.0000e+00,0,PASS
2026-09-29T04:11:38.585970,409,CAYLEY_BILATERAL,1024,16,1.110223e-15,1.0003e+00,0,PASS
2026-09-29T04:11:38.586370,409,RUST_BETTI_FLAT_DSU,3,1,0.000000e+00,1.0000e+00,0,"B0=1,B1=1_PASS"
2026-09-29T04:12:23.723488,410,DSYRK_GRAMIAN,8192,32,5.968559e-13,1.0000e+00,0,PASS
2026-09-29T04:12:23.724890,410,DYNAMIC_FWHT,8192,1,1.110223e-16,1.0000e+00,0,PASS
2026-09-29T04:12:23.733573,410,CAYLEY_BILATERAL,1024,32,1.554312e-15,1.0007e+00,0,PASS
2026-09-29T04:12:23.734378,410,RUST_BETTI_FLAT_DSU,3,1,0.000000e+00,1.0000e+00,0,"B0=1,B1=1_PASS"
2026-09-29T04:13:08.788234,411,DSYRK_GRAMIAN,2048,8,4.263256e-13,1.0000e+00,0,PASS
2026-09-29T04:13:08.794596,411,DYNAMIC_FWHT,2048,1,2.220446e-16,1.0000e+00,0,PASS
2026-09-29T04:13:08.796512,411,CAYLEY_BILATERAL,1024,8,7.771561e-16,1.0002e+00,0,PASS
2026-09-29T04:13:08.796901,411,RUST_BETTI_FLAT_DSU,3,1,0.000000e+00,1.0000e+00,0,"B0=1,B1=1_PASS"
2026-09-29T04:13:53.868343,412,DSYRK_GRAMIAN,4096,16,2.842171e-13,1.0000e+00,0,PASS
2026-09-29T04:13:53.869177,412,DYNAMIC_FWHT,4096,1,0.000000e+00,1.0000e+00,0,PASS
2026-09-29T04:13:53.872566,412,CAYLEY_BILATERAL,1024,16,1.332268e-15,1.0003e+00,0,PASS
2026-09-29T04:13:53.872963,412,RUST_BETTI_FLAT_DSU,3,1,0.000000e+00,1.0000e+00,0,"B0=1,B1=1_PASS"
2026-09-29T04:14:39.005960,413,DSYRK_GRAMIAN,8192,32,7.105427e-13,1.0000e+00,0,PASS
2026-09-29T04:14:39.007362,413,DYNAMIC_FWHT,8192,1,1.110223e-16,1.0000e+00,0,PASS
2026-09-29T04:14:39.019979,413,CAYLEY_BILATERAL,1024,32,1.110223e-15,1.0006e+00,0,PASS
2026-09-29T04:14:39.020551,413,RUST_BETTI_FLAT_DSU,3,1,0.000000e+00,1.0000e+00,0,"B0=1,B1=1_PASS"
2026-09-29T04:15:24.061567,414,DSYRK_GRAMIAN,2048,8,5.115908e-13,1.0000e+00,0,PASS
2026-09-29T04:15:24.062331,414,DYNAMIC_FWHT,2048,1,2.220446e-16,1.0000e+00,0,PASS
2026-09-29T04:15:24.064316,414,CAYLEY_BILATERAL,1024,8,1.110223e-15,1.0002e+00,0,PASS
2026-09-29T04:15:24.064743,414,RUST_BETTI_FLAT_DSU,3,1,0.000000e+00,1.0000e+00,0,"B0=1,B1=1_PASS"
2026-09-29T04:16:09.145042,415,DSYRK_GRAMIAN,4096,16,4.547474e-13,1.0000e+00,0,PASS
2026-09-29T04:16:09.146234,415,DYNAMIC_FWHT,4096,1,0.000000e+00,1.0000e+00,0,PASS
2026-09-29T04:16:09.149685,415,CAYLEY_BILATERAL,1024,16,1.332268e-15,1.0003e+00,0,PASS
2026-09-29T04:16:09.150084,415,RUST_BETTI_FLAT_DSU,3,1,0.000000e+00,1.0000e+00,0,"B0=1,B1=1_PASS"
2026-09-29T04:16:54.291183,416,DSYRK_GRAMIAN,8192,32,8.242296e-13,1.0000e+00,0,PASS
2026-09-29T04:16:54.292566,416,DYNAMIC_FWHT,8192,1,2.220446e-16,1.0000e+00,0,PASS
2026-09-29T04:16:54.306401,416,CAYLEY_BILATERAL,1024,32,1.332268e-15,1.0007e+00,0,PASS
2026-09-29T04:16:54.306933,416,RUST_BETTI_FLAT_DSU,3,1,0.000000e+00,1.0000e+00,0,"B0=1,B1=1_PASS"
2026-09-29T04:17:39.346430,417,DSYRK_GRAMIAN,2048,8,4.547474e-13,1.0000e+00,0,PASS
2026-09-29T04:17:39.347128,417,DYNAMIC_FWHT,2048,1,2.220446e-16,1.0000e+00,0,PASS
2026-09-29T04:17:39.348827,417,CAYLEY_BILATERAL,1024,8,6.661338e-16,1.0001e+00,0,PASS
2026-09-29T04:17:39.349214,417,RUST_BETTI_FLAT_DSU,3,1,0.000000e+00,1.0000e+00,0,"B0=1,B1=1_PASS"
2026-09-29T04:18:24.428837,418,DSYRK_GRAMIAN,4096,16,4.547474e-13,1.0000e+00,0,PASS
2026-09-29T04:18:24.429682,418,DYNAMIC_FWHT,4096,1,0.000000e+00,1.0000e+00,0,PASS
2026-09-29T04:18:24.433064,418,CAYLEY_BILATERAL,1024,16,8.881784e-16,1.0003e+00,0,PASS
2026-09-29T04:18:24.433465,418,RUST_BETTI_FLAT_DSU,3,1,0.000000e+00,1.0000e+00,0,"B0=1,B1=1_PASS"
2026-09-29T04:19:09.568791,419,DSYRK_GRAMIAN,8192,32,5.968559e-13,1.0000e+00,0,PASS
2026-09-29T04:19:09.570154,419,DYNAMIC_FWHT,8192,1,4.440892e-16,1.0000e+00,0,PASS
2026-09-29T04:19:09.582938,419,CAYLEY_BILATERAL,1024,32,1.776357e-15,1.0006e+00,0,PASS
2026-09-29T04:19:09.583552,419,RUST_BETTI_FLAT_DSU,3,1,0.000000e+00,1.0000e+00,0,"B0=1,B1=1_PASS"
2026-09-29T04:19:54.624046,420,DSYRK_GRAMIAN,2048,8,5.968559e-13,1.0000e+00,0,PASS
2026-09-29T04:19:54.624711,420,DYNAMIC_FWHT,2048,1,2.220446e-16,1.0000e+00,0,PASS
2026-09-29T04:19:54.626700,420,CAYLEY_BILATERAL,1024,8,8.881784e-16,1.0001e+00,0,PASS
2026-09-29T04:19:54.627108,420,RUST_BETTI_FLAT_DSU,3,1,0.000000e+00,1.0000e+00,0,"B0=1,B1=1_PASS"
2026-09-29T04:20:39.686721,421,DSYRK_GRAMIAN,4096,16,5.115908e-13,1.0000e+00,0,PASS
2026-09-29T04:20:39.691081,421,DYNAMIC_FWHT,4096,1,0.000000e+00,1.0000e+00,0,PASS
2026-09-29T04:20:39.696570,421,CAYLEY_BILATERAL,1024,16,1.554312e-15,1.0002e+00,0,PASS
2026-09-29T04:20:39.697116,421,RUST_BETTI_FLAT_DSU,3,1,0.000000e+00,1.0000e+00,0,"B0=1,B1=1_PASS"
2026-09-29T04:21:24.839157,422,DSYRK_GRAMIAN,8192,32,6.252776e-13,1.0000e+00,0,PASS
2026-09-29T04:21:24.846289,422,DYNAMIC_FWHT,8192,1,1.110223e-16,1.0000e+00,0,PASS
2026-09-29T04:21:24.855125,422,CAYLEY_BILATERAL,1024,32,1.554312e-15,1.0006e+00,0,PASS
2026-09-29T04:21:24.855665,422,RUST_BETTI_FLAT_DSU,3,1,0.000000e+00,1.0000e+00,0,"B0=1,B1=1_PASS"
2026-09-29T04:22:09.890573,423,DSYRK_GRAMIAN,2048,8,3.979039e-13,1.0000e+00,0,PASS
2026-09-29T04:22:09.891336,423,DYNAMIC_FWHT,2048,1,2.220446e-16,1.0000e+00,0,PASS
2026-09-29T04:22:09.893531,423,CAYLEY_BILATERAL,1024,8,1.332268e-15,1.0001e+00,0,PASS
2026-09-29T04:22:09.893927,423,RUST_BETTI_FLAT_DSU,3,1,0.000000e+00,1.0000e+00,0,"B0=1,B1=1_PASS"
2026-09-29T04:22:54.945488,424,DSYRK_GRAMIAN,4096,16,3.979039e-13,1.0000e+00,0,PASS
2026-09-29T04:22:54.946729,424,DYNAMIC_FWHT,4096,1,2.220446e-16,1.0000e+00,0,PASS
2026-09-29T04:22:54.952825,424,CAYLEY_BILATERAL,1024,16,9.992007e-16,1.0002e+00,0,PASS
2026-09-29T04:22:54.953509,424,RUST_BETTI_FLAT_DSU,3,1,0.000000e+00,1.0000e+00,0,"B0=1,B1=1_PASS"
2026-09-29T04:23:40.092493,425,DSYRK_GRAMIAN,8192,32,7.389644e-13,1.0000e+00,0,PASS
2026-09-29T04:23:40.094102,425,DYNAMIC_FWHT,8192,1,0.000000e+00,1.0000e+00,0,PASS
2026-09-29T04:23:40.103121,425,CAYLEY_BILATERAL,1024,32,1.110223e-15,1.0007e+00,0,PASS
2026-09-29T04:23:40.103673,425,RUST_BETTI_FLAT_DSU,3,1,0.000000e+00,1.0000e+00,0,"B0=1,B1=1_PASS"
2026-09-29T04:24:25.148166,426,DSYRK_GRAMIAN,2048,8,7.389644e-13,1.0000e+00,0,PASS
2026-09-29T04:24:25.149019,426,DYNAMIC_FWHT,2048,1,0.000000e+00,1.0000e+00,0,PASS
2026-09-29T04:24:25.151537,426,CAYLEY_BILATERAL,1024,8,1.554312e-15,1.0000e+00,0,PASS
2026-09-29T04:24:25.152025,426,RUST_BETTI_FLAT_DSU,3,1,0.000000e+00,1.0000e+00,0,"B0=1,B1=1_PASS"
2026-09-29T04:25:10.224577,427,DSYRK_GRAMIAN,4096,16,2.842171e-13,1.0000e+00,0,PASS
2026-09-29T04:25:10.225692,427,DYNAMIC_FWHT,4096,1,0.000000e+00,1.0000e+00,0,PASS
2026-09-29T04:25:10.229339,427,CAYLEY_BILATERAL,1024,16,7.771561e-16,1.0003e+00,0,PASS
2026-09-29T04:25:10.229959,427,RUST_BETTI_FLAT_DSU,3,1,0.000000e+00,1.0000e+00,0,"B0=1,B1=1_PASS"
2026-09-29T04:25:55.377827,428,DSYRK_GRAMIAN,8192,32,8.526513e-13,1.0000e+00,0,PASS
2026-09-29T04:25:55.379307,428,DYNAMIC_FWHT,8192,1,2.220446e-16,1.0000e+00,0,PASS
2026-09-29T04:25:55.393069,428,CAYLEY_BILATERAL,1024,32,1.332268e-15,1.0008e+00,0,PASS
2026-09-29T04:25:55.393628,428,RUST_BETTI_FLAT_DSU,3,1,0.000000e+00,1.0000e+00,0,"B0=1,B1=1_PASS"
2026-09-29T04:26:40.437312,429,DSYRK_GRAMIAN,2048,8,5.684342e-13,1.0000e+00,0,PASS
2026-09-29T04:26:40.437956,429,DYNAMIC_FWHT,2048,1,0.000000e+00,1.0000e+00,0,PASS
2026-09-29T04:26:40.439881,429,CAYLEY_BILATERAL,1024,8,9.992007e-16,1.0001e+00,0,PASS
2026-09-29T04:26:40.444863,429,RUST_BETTI_FLAT_DSU,3,1,0.000000e+00,1.0000e+00,0,"B0=1,B1=1_PASS"
2026-09-29T04:27:25.518243,430,DSYRK_GRAMIAN,4096,16,6.536993e-13,1.0000e+00,0,PASS
2026-09-29T04:27:25.519331,430,DYNAMIC_FWHT,4096,1,0.000000e+00,1.0000e+00,0,PASS
2026-09-29T04:27:25.523044,430,CAYLEY_BILATERAL,1024,16,1.332268e-15,1.0003e+00,0,PASS
2026-09-29T04:27:25.523540,430,RUST_BETTI_FLAT_DSU,3,1,0.000000e+00,1.0000e+00,0,"B0=1,B1=1_PASS"
2026-09-29T04:28:10.655005,431,DSYRK_GRAMIAN,8192,32,7.389644e-13,1.0000e+00,0,PASS
2026-09-29T04:28:10.656510,431,DYNAMIC_FWHT,8192,1,0.000000e+00,1.0000e+00,0,PASS
2026-09-29T04:28:10.670583,431,CAYLEY_BILATERAL,1024,32,1.554312e-15,1.0007e+00,0,PASS
2026-09-29T04:28:10.671185,431,RUST_BETTI_FLAT_DSU,3,1,0.000000e+00,1.0000e+00,0,"B0=1,B1=1_PASS"
2026-09-29T04:28:55.715342,432,DSYRK_GRAMIAN,2048,8,5.400125e-13,1.0000e+00,0,PASS
2026-09-29T04:28:55.716197,432,DYNAMIC_FWHT,2048,1,2.220446e-16,1.0000e+00,0,PASS
2026-09-29T04:28:55.718528,432,CAYLEY_BILATERAL,1024,8,7.771561e-16,1.0001e+00,0,PASS
2026-09-29T04:28:55.718995,432,RUST_BETTI_FLAT_DSU,3,1,0.000000e+00,1.0000e+00,0,"B0=1,B1=1_PASS"
2026-09-29T04:29:40.800041,433,DSYRK_GRAMIAN,4096,16,4.831691e-13,1.0000e+00,0,PASS
2026-09-29T04:29:40.801123,433,DYNAMIC_FWHT,4096,1,0.000000e+00,1.0000e+00,0,PASS
2026-09-29T04:29:40.804738,433,CAYLEY_BILATERAL,1024,16,8.881784e-16,1.0002e+00,0,PASS
2026-09-29T04:29:40.805145,433,RUST_BETTI_FLAT_DSU,3,1,0.000000e+00,1.0000e+00,0,"B0=1,B1=1_PASS"
2026-09-29T04:30:25.944252,434,DSYRK_GRAMIAN,8192,32,7.389644e-13,1.0000e+00,0,PASS
2026-09-29T04:30:25.945674,434,DYNAMIC_FWHT,8192,1,2.220446e-16,1.0000e+00,0,PASS
2026-09-29T04:30:25.959290,434,CAYLEY_BILATERAL,1024,32,1.776357e-15,1.0006e+00,0,PASS
2026-09-29T04:30:25.959879,434,RUST_BETTI_FLAT_DSU,3,1,0.000000e+00,1.0000e+00,0,"B0=1,B1=1_PASS"
2026-09-29T04:31:10.996273,435,DSYRK_GRAMIAN,2048,8,5.115908e-13,1.0000e+00,0,PASS
2026-09-29T04:31:10.997054,435,DYNAMIC_FWHT,2048,1,4.440892e-16,1.0000e+00,0,PASS
2026-09-29T04:31:10.998796,435,CAYLEY_BILATERAL,1024,8,4.440892e-16,1.0001e+00,0,PASS
2026-09-29T04:31:10.999191,435,RUST_BETTI_FLAT_DSU,3,1,0.000000e+00,1.0000e+00,0,"B0=1,B1=1_PASS"
2026-09-29T04:31:56.075514,436,DSYRK_GRAMIAN,4096,16,3.410605e-13,1.0000e+00,0,PASS
2026-09-29T04:31:56.076996,436,DYNAMIC_FWHT,4096,1,0.000000e+00,1.0000e+00,0,PASS
2026-09-29T04:31:56.080783,436,CAYLEY_BILATERAL,1024,16,1.110223e-15,1.0003e+00,0,PASS
2026-09-29T04:31:56.081178,436,RUST_BETTI_FLAT_DSU,3,1,0.000000e+00,1.0000e+00,0,"B0=1,B1=1_PASS"
2026-09-29T04:32:41.226390,437,DSYRK_GRAMIAN,8192,32,6.821210e-13,1.0000e+00,0,PASS
2026-09-29T04:32:41.231261,437,DYNAMIC_FWHT,8192,1,0.000000e+00,1.0000e+00,0,PASS
2026-09-29T04:32:41.240204,437,CAYLEY_BILATERAL,1024,32,1.332268e-15,1.0006e+00,0,PASS
2026-09-29T04:32:41.240772,437,RUST_BETTI_FLAT_DSU,3,1,0.000000e+00,1.0000e+00,0,"B0=1,B1=1_PASS"
2026-09-29T04:33:26.289669,438,DSYRK_GRAMIAN,2048,8,6.821210e-13,1.0000e+00,0,PASS
2026-09-29T04:33:26.290455,438,DYNAMIC_FWHT,2048,1,2.220446e-16,1.0000e+00,0,PASS
2026-09-29T04:33:26.292353,438,CAYLEY_BILATERAL,1024,8,8.881784e-16,1.0001e+00,0,PASS
2026-09-29T04:33:26.292762,438,RUST_BETTI_FLAT_DSU,3,1,0.000000e+00,1.0000e+00,0,"B0=1,B1=1_PASS"
2026-09-29T04:34:11.363240,439,DSYRK_GRAMIAN,4096,16,3.410605e-13,1.0000e+00,0,PASS
2026-09-29T04:34:11.364382,439,DYNAMIC_FWHT,4096,1,0.000000e+00,1.0000e+00,0,PASS
2026-09-29T04:34:11.368069,439,CAYLEY_BILATERAL,1024,16,1.332268e-15,1.0003e+00,0,PASS
2026-09-29T04:34:11.368488,439,RUST_BETTI_FLAT_DSU,3,1,0.000000e+00,1.0000e+00,0,"B0=1,B1=1_PASS"
2026-09-29T04:34:56.531884,440,DSYRK_GRAMIAN,8192,32,7.389644e-13,1.0000e+00,0,PASS
2026-09-29T04:34:56.533493,440,DYNAMIC_FWHT,8192,1,0.000000e+00,1.0000e+00,0,PASS
2026-09-29T04:34:56.550194,440,CAYLEY_BILATERAL,1024,32,1.332268e-15,1.0007e+00,0,PASS
2026-09-29T04:34:56.550882,440,RUST_BETTI_FLAT_DSU,3,1,0.000000e+00,1.0000e+00,0,"B0=1,B1=1_PASS"
2026-09-29T04:35:41.597532,441,DSYRK_GRAMIAN,2048,8,5.115908e-13,1.0000e+00,0,PASS
2026-09-29T04:35:41.598273,441,DYNAMIC_FWHT,2048,1,0.000000e+00,1.0000e+00,0,PASS
2026-09-29T04:35:41.600215,441,CAYLEY_BILATERAL,1024,8,6.661338e-16,1.0001e+00,0,PASS
2026-09-29T04:35:41.600843,441,RUST_BETTI_FLAT_DSU,3,1,0.000000e+00,1.0000e+00,0,"B0=1,B1=1_PASS"
2026-09-29T04:36:26.675241,442,DSYRK_GRAMIAN,4096,16,3.979039e-13,1.0000e+00,0,PASS
2026-09-29T04:36:26.676115,442,DYNAMIC_FWHT,4096,1,1.110223e-16,1.0000e+00,0,PASS
2026-09-29T04:36:26.679465,442,CAYLEY_BILATERAL,1024,16,8.881784e-16,1.0004e+00,0,PASS
2026-09-29T04:36:26.679858,442,RUST_BETTI_FLAT_DSU,3,1,0.000000e+00,1.0000e+00,0,"B0=1,B1=1_PASS"
2026-09-29T04:37:11.828037,443,DSYRK_GRAMIAN,8192,32,7.958079e-13,1.0000e+00,0,PASS
2026-09-29T04:37:11.830085,443,DYNAMIC_FWHT,8192,1,0.000000e+00,1.0000e+00,0,PASS
2026-09-29T04:37:11.851607,443,CAYLEY_BILATERAL,1024,32,1.332268e-15,1.0006e+00,0,PASS
2026-09-29T04:37:11.852341,443,RUST_BETTI_FLAT_DSU,3,1,0.000000e+00,1.0000e+00,0,"B0=1,B1=1_PASS"
2026-09-29T04:37:56.882416,444,DSYRK_GRAMIAN,2048,8,1.080025e-12,1.0000e+00,0,PASS
2026-09-29T04:37:56.883097,444,DYNAMIC_FWHT,2048,1,0.000000e+00,1.0000e+00,0,PASS
2026-09-29T04:37:56.885011,444,CAYLEY_BILATERAL,1024,8,8.881784e-16,1.0001e+00,0,PASS
2026-09-29T04:37:56.885431,444,RUST_BETTI_FLAT_DSU,3,1,0.000000e+00,1.0000e+00,0,"B0=1,B1=1_PASS"
2026-09-29T04:38:41.954941,445,DSYRK_GRAMIAN,4096,16,3.410605e-13,1.0000e+00,0,PASS
2026-09-29T04:38:41.955775,445,DYNAMIC_FWHT,4096,1,0.000000e+00,1.0000e+00,0,PASS
2026-09-29T04:38:41.959154,445,CAYLEY_BILATERAL,1024,16,8.881784e-16,1.0003e+00,0,PASS
2026-09-29T04:38:41.959547,445,RUST_BETTI_FLAT_DSU,3,1,0.000000e+00,1.0000e+00,0,"B0=1,B1=1_PASS"
2026-09-29T04:39:27.110809,446,DSYRK_GRAMIAN,8192,32,9.094947e-13,1.0000e+00,0,PASS
2026-09-29T04:39:27.112198,446,DYNAMIC_FWHT,8192,1,2.220446e-16,1.0000e+00,0,PASS
2026-09-29T04:39:27.125401,446,CAYLEY_BILATERAL,1024,32,1.776357e-15,1.0006e+00,0,PASS
2026-09-29T04:39:27.126012,446,RUST_BETTI_FLAT_DSU,3,1,0.000000e+00,1.0000e+00,0,"B0=1,B1=1_PASS"
2026-09-29T04:40:12.170842,447,DSYRK_GRAMIAN,2048,8,3.410605e-13,1.0000e+00,0,PASS
2026-09-29T04:40:12.171519,447,DYNAMIC_FWHT,2048,1,2.220446e-16,1.0000e+00,0,PASS
2026-09-29T04:40:12.173202,447,CAYLEY_BILATERAL,1024,8,6.661338e-16,1.0001e+00,0,PASS
2026-09-29T04:40:12.173780,447,RUST_BETTI_FLAT_DSU,3,1,0.000000e+00,1.0000e+00,0,"B0=1,B1=1_PASS"
2026-09-29T04:40:57.241377,448,DSYRK_GRAMIAN,4096,16,3.979039e-13,1.0000e+00,0,PASS
2026-09-29T04:40:57.242216,448,DYNAMIC_FWHT,4096,1,0.000000e+00,1.0000e+00,0,PASS
2026-09-29T04:40:57.247575,448,CAYLEY_BILATERAL,1024,16,1.110223e-15,1.0002e+00,0,PASS
2026-09-29T04:40:57.248131,448,RUST_BETTI_FLAT_DSU,3,1,0.000000e+00,1.0000e+00,0,"B0=1,B1=1_PASS"
2026-09-29T04:41:42.409060,449,DSYRK_GRAMIAN,8192,32,7.389644e-13,1.0000e+00,0,PASS
2026-09-29T04:41:42.410440,449,DYNAMIC_FWHT,8192,1,2.220446e-16,1.0000e+00,0,PASS
2026-09-29T04:41:42.424257,449,CAYLEY_BILATERAL,1024,32,1.998401e-15,1.0006e+00,0,PASS
2026-09-29T04:41:42.424821,449,RUST_BETTI_FLAT_DSU,3,1,0.000000e+00,1.0000e+00,0,"B0=1,B1=1_PASS"
2026-09-29T04:42:27.469029,450,DSYRK_GRAMIAN,2048,8,5.684342e-13,1.0000e+00,0,PASS
2026-09-29T04:42:27.469714,450,DYNAMIC_FWHT,2048,1,2.220446e-16,1.0000e+00,0,PASS
2026-09-29T04:42:27.476628,450,CAYLEY_BILATERAL,1024,8,8.881784e-16,1.0001e+00,0,PASS
2026-09-29T04:42:27.477165,450,RUST_BETTI_FLAT_DSU,3,1,0.000000e+00,1.0000e+00,0,"B0=1,B1=1_PASS"
2026-09-29T04:43:12.553262,451,DSYRK_GRAMIAN,4096,16,3.979039e-13,1.0000e+00,0,PASS
2026-09-29T04:43:12.554332,451,DYNAMIC_FWHT,4096,1,2.220446e-16,1.0000e+00,0,PASS
2026-09-29T04:43:12.557999,451,CAYLEY_BILATERAL,1024,16,8.881784e-16,1.0002e+00,0,PASS
2026-09-29T04:43:12.558500,451,RUST_BETTI_FLAT_DSU,3,1,0.000000e+00,1.0000e+00,0,"B0=1,B1=1_PASS"
2026-09-29T04:43:57.692775,452,DSYRK_GRAMIAN,8192,32,5.684342e-13,1.0000e+00,0,PASS
2026-09-29T04:43:57.694246,452,DYNAMIC_FWHT,8192,1,0.000000e+00,1.0000e+00,0,PASS
2026-09-29T04:43:57.706856,452,CAYLEY_BILATERAL,1024,32,1.332268e-15,1.0009e+00,0,PASS
2026-09-29T04:43:57.707406,452,RUST_BETTI_FLAT_DSU,3,1,0.000000e+00,1.0000e+00,0,"B0=1,B1=1_PASS"
2026-09-29T04:44:42.746981,453,DSYRK_GRAMIAN,2048,8,6.252776e-13,1.0000e+00,0,PASS
2026-09-29T04:44:42.747661,453,DYNAMIC_FWHT,2048,1,0.000000e+00,1.0000e+00,0,PASS
2026-09-29T04:44:42.749383,453,CAYLEY_BILATERAL,1024,8,2.220446e-15,1.0001e+00,0,PASS
2026-09-29T04:44:42.749781,453,RUST_BETTI_FLAT_DSU,3,1,0.000000e+00,1.0000e+00,0,"B0=1,B1=1_PASS"
2026-09-29T04:45:27.823286,454,DSYRK_GRAMIAN,4096,16,4.263256e-13,1.0000e+00,0,PASS
2026-09-29T04:45:27.828990,454,DYNAMIC_FWHT,4096,1,0.000000e+00,1.0000e+00,0,PASS
2026-09-29T04:45:27.868159,454,CAYLEY_BILATERAL,1024,16,8.881784e-16,1.0003e+00,0,PASS
2026-09-29T04:45:27.868786,454,RUST_BETTI_FLAT_DSU,3,1,0.000000e+00,1.0000e+00,0,"B0=1,B1=1_PASS"
2026-09-29T04:46:13.001017,455,DSYRK_GRAMIAN,8192,32,6.821210e-13,1.0000e+00,0,PASS
2026-09-29T04:46:13.002552,455,DYNAMIC_FWHT,8192,1,1.110223e-16,1.0000e+00,0,PASS
2026-09-29T04:46:13.016776,455,CAYLEY_BILATERAL,1024,32,1.110223e-15,1.0007e+00,0,PASS
2026-09-29T04:46:13.017320,455,RUST_BETTI_FLAT_DSU,3,1,0.000000e+00,1.0000e+00,0,"B0=1,B1=1_PASS"
2026-09-29T04:46:58.059721,456,DSYRK_GRAMIAN,2048,8,3.979039e-13,1.0000e+00,0,PASS
2026-09-29T04:46:58.060547,456,DYNAMIC_FWHT,2048,1,2.220446e-16,1.0000e+00,0,PASS
2026-09-29T04:46:58.062645,456,CAYLEY_BILATERAL,1024,8,8.881784e-16,1.0001e+00,0,PASS
2026-09-29T04:46:58.063026,456,RUST_BETTI_FLAT_DSU,3,1,0.000000e+00,1.0000e+00,0,"B0=1,B1=1_PASS"
2026-09-29T04:47:43.132397,457,DSYRK_GRAMIAN,4096,16,4.547474e-13,1.0000e+00,0,PASS
2026-09-29T04:47:43.133466,457,DYNAMIC_FWHT,4096,1,0.000000e+00,1.0000e+00,0,PASS
2026-09-29T04:47:43.140185,457,CAYLEY_BILATERAL,1024,16,1.776357e-15,1.0002e+00,0,PASS
2026-09-29T04:47:43.140820,457,RUST_BETTI_FLAT_DSU,3,1,0.000000e+00,1.0000e+00,0,"B0=1,B1=1_PASS"
2026-09-29T04:48:28.299743,458,DSYRK_GRAMIAN,8192,32,9.094947e-13,1.0000e+00,0,PASS
2026-09-29T04:48:28.301253,458,DYNAMIC_FWHT,8192,1,1.110223e-16,1.0000e+00,0,PASS
2026-09-29T04:48:28.316746,458,CAYLEY_BILATERAL,1024,32,1.776357e-15,1.0006e+00,0,PASS
2026-09-29T04:48:28.317311,458,RUST_BETTI_FLAT_DSU,3,1,0.000000e+00,1.0000e+00,0,"B0=1,B1=1_PASS"
2026-09-29T04:49:13.361392,459,DSYRK_GRAMIAN,2048,8,5.684342e-13,1.0000e+00,0,PASS
2026-09-29T04:49:13.362222,459,DYNAMIC_FWHT,2048,1,0.000000e+00,1.0000e+00,0,PASS
2026-09-29T04:49:13.368470,459,CAYLEY_BILATERAL,1024,8,5.551115e-16,1.0001e+00,0,PASS
2026-09-29T04:49:13.369537,459,RUST_BETTI_FLAT_DSU,3,1,0.000000e+00,1.0000e+00,0,"B0=1,B1=1_PASS"
2026-09-29T04:49:58.446575,460,DSYRK_GRAMIAN,4096,16,3.979039e-13,1.0000e+00,0,PASS
2026-09-29T04:49:58.447645,460,DYNAMIC_FWHT,4096,1,0.000000e+00,1.0000e+00,0,PASS
2026-09-29T04:49:58.451549,460,CAYLEY_BILATERAL,1024,16,8.881784e-16,1.0002e+00,0,PASS
2026-09-29T04:49:58.456710,460,RUST_BETTI_FLAT_DSU,3,1,0.000000e+00,1.0000e+00,0,"B0=1,B1=1_PASS"
2026-09-29T04:50:43.587053,461,DSYRK_GRAMIAN,8192,32,9.663381e-13,1.0000e+00,0,PASS
2026-09-29T04:50:43.588567,461,DYNAMIC_FWHT,8192,1,2.220446e-16,1.0000e+00,0,PASS
2026-09-29T04:50:43.600546,461,CAYLEY_BILATERAL,1024,32,1.221245e-15,1.0008e+00,0,PASS
2026-09-29T04:50:43.601798,461,RUST_BETTI_FLAT_DSU,3,1,0.000000e+00,1.0000e+00,0,"B0=1,B1=1_PASS"
2026-09-29T04:51:28.641542,462,DSYRK_GRAMIAN,2048,8,3.126388e-13,1.0000e+00,0,PASS
2026-09-29T04:51:28.642299,462,DYNAMIC_FWHT,2048,1,0.000000e+00,1.0000e+00,0,PASS
2026-09-29T04:51:28.647274,462,CAYLEY_BILATERAL,1024,8,1.332268e-15,1.0001e+00,0,PASS
2026-09-29T04:51:28.648112,462,RUST_BETTI_FLAT_DSU,3,1,0.000000e+00,1.0000e+00,0,"B0=1,B1=1_PASS"
2026-09-29T04:52:13.727604,463,DSYRK_GRAMIAN,4096,16,3.979039e-13,1.0000e+00,0,PASS
2026-09-29T04:52:13.728690,463,DYNAMIC_FWHT,4096,1,0.000000e+00,1.0000e+00,0,PASS
2026-09-29T04:52:13.735990,463,CAYLEY_BILATERAL,1024,16,8.881784e-16,1.0003e+00,0,PASS
2026-09-29T04:52:13.736431,463,RUST_BETTI_FLAT_DSU,3,1,0.000000e+00,1.0000e+00,0,"B0=1,B1=1_PASS"
2026-09-29T04:52:59.277634,464,DSYRK_GRAMIAN,8192,32,5.400125e-13,1.0000e+00,0,PASS
2026-09-29T04:52:59.279434,464,DYNAMIC_FWHT,8192,1,1.110223e-16,1.0000e+00,0,PASS
2026-09-29T04:52:59.293687,464,CAYLEY_BILATERAL,1024,32,1.665335e-15,1.0007e+00,0,PASS
2026-09-29T04:52:59.294255,464,RUST_BETTI_FLAT_DSU,3,1,0.000000e+00,1.0000e+00,0,"B0=1,B1=1_PASS"
2026-09-29T04:53:44.336889,465,DSYRK_GRAMIAN,2048,8,6.821210e-13,1.0000e+00,0,PASS
2026-09-29T04:53:44.337650,465,DYNAMIC_FWHT,2048,1,2.220446e-16,1.0000e+00,0,PASS
2026-09-29T04:53:44.339661,465,CAYLEY_BILATERAL,1024,8,5.551115e-16,1.0001e+00,0,PASS
2026-09-29T04:53:44.340091,465,RUST_BETTI_FLAT_DSU,3,1,0.000000e+00,1.0000e+00,0,"B0=1,B1=1_PASS"
2026-09-29T04:54:29.417481,466,DSYRK_GRAMIAN,4096,16,3.410605e-13,1.0000e+00,0,PASS
2026-09-29T04:54:29.418635,466,DYNAMIC_FWHT,4096,1,2.220446e-16,1.0000e+00,0,PASS
2026-09-29T04:54:29.422309,466,CAYLEY_BILATERAL,1024,16,1.110223e-15,1.0003e+00,0,PASS
2026-09-29T04:54:29.422700,466,RUST_BETTI_FLAT_DSU,3,1,0.000000e+00,1.0000e+00,0,"B0=1,B1=1_PASS"
2026-09-29T04:55:14.556687,467,DSYRK_GRAMIAN,8192,32,7.389644e-13,1.0000e+00,0,PASS
2026-09-29T04:55:14.558101,467,DYNAMIC_FWHT,8192,1,2.220446e-16,1.0000e+00,0,PASS
2026-09-29T04:55:14.571152,467,CAYLEY_BILATERAL,1024,32,1.554312e-15,1.0006e+00,0,PASS
2026-09-29T04:55:14.571857,467,RUST_BETTI_FLAT_DSU,3,1,0.000000e+00,1.0000e+00,0,"B0=1,B1=1_PASS"
2026-09-29T04:55:59.604415,468,DSYRK_GRAMIAN,2048,8,4.547474e-13,1.0000e+00,0,PASS
2026-09-29T04:55:59.605319,468,DYNAMIC_FWHT,2048,1,1.110223e-16,1.0000e+00,0,PASS
2026-09-29T04:55:59.612156,468,CAYLEY_BILATERAL,1024,8,6.661338e-16,1.0001e+00,0,PASS
2026-09-29T04:55:59.612577,468,RUST_BETTI_FLAT_DSU,3,1,0.000000e+00,1.0000e+00,0,"B0=1,B1=1_PASS"
2026-09-29T04:56:44.686365,469,DSYRK_GRAMIAN,4096,16,3.979039e-13,1.0000e+00,0,PASS
2026-09-29T04:56:44.687470,469,DYNAMIC_FWHT,4096,1,0.000000e+00,1.0000e+00,0,PASS
2026-09-29T04:56:44.691081,469,CAYLEY_BILATERAL,1024,16,1.776357e-15,1.0003e+00,0,PASS
2026-09-29T04:56:44.691579,469,RUST_BETTI_FLAT_DSU,3,1,0.000000e+00,1.0000e+00,0,"B0=1,B1=1_PASS"
2026-09-29T04:57:29.839716,470,DSYRK_GRAMIAN,8192,32,9.094947e-13,1.0000e+00,0,PASS
2026-09-29T04:57:29.841186,470,DYNAMIC_FWHT,8192,1,3.330669e-16,1.0000e+00,0,PASS
2026-09-29T04:57:29.854402,470,CAYLEY_BILATERAL,1024,32,1.554312e-15,1.0007e+00,0,PASS
2026-09-29T04:57:29.855057,470,RUST_BETTI_FLAT_DSU,3,1,0.000000e+00,1.0000e+00,0,"B0=1,B1=1_PASS"
2026-09-29T04:58:14.878314,471,DSYRK_GRAMIAN,2048,8,2.842171e-13,1.0000e+00,0,PASS
2026-09-29T04:58:14.878972,471,DYNAMIC_FWHT,2048,1,1.110223e-16,1.0000e+00,0,PASS
2026-09-29T04:58:14.880619,471,CAYLEY_BILATERAL,1024,8,8.881784e-16,1.0001e+00,0,PASS
2026-09-29T04:58:14.881004,471,RUST_BETTI_FLAT_DSU,3,1,0.000000e+00,1.0000e+00,0,"B0=1,B1=1_PASS"
2026-09-29T04:58:59.943453,472,DSYRK_GRAMIAN,4096,16,4.263256e-13,1.0000e+00,0,PASS
2026-09-29T04:58:59.944570,472,DYNAMIC_FWHT,4096,1,1.110223e-16,1.0000e+00,0,PASS
2026-09-29T04:58:59.950506,472,CAYLEY_BILATERAL,1024,16,1.554312e-15,1.0003e+00,0,PASS
2026-09-29T04:58:59.950994,472,RUST_BETTI_FLAT_DSU,3,1,0.000000e+00,1.0000e+00,0,"B0=1,B1=1_PASS"
2026-09-29T04:59:45.107340,473,DSYRK_GRAMIAN,8192,32,9.663381e-13,1.0000e+00,0,PASS
2026-09-29T04:59:45.108685,473,DYNAMIC_FWHT,8192,1,1.110223e-16,1.0000e+00,0,PASS
2026-09-29T04:59:45.122894,473,CAYLEY_BILATERAL,1024,32,8.881784e-16,1.0005e+00,0,PASS
2026-09-29T04:59:45.123426,473,RUST_BETTI_FLAT_DSU,3,1,0.000000e+00,1.0000e+00,0,"B0=1,B1=1_PASS"
2026-09-29T05:00:30.172039,474,DSYRK_GRAMIAN,2048,8,5.684342e-13,1.0000e+00,0,PASS
2026-09-29T05:00:30.172898,474,DYNAMIC_FWHT,2048,1,2.220446e-16,1.0000e+00,0,PASS
2026-09-29T05:00:30.174969,474,CAYLEY_BILATERAL,1024,8,4.440892e-16,1.0001e+00,0,PASS
2026-09-29T05:00:30.175373,474,RUST_BETTI_FLAT_DSU,3,1,0.000000e+00,1.0000e+00,0,"B0=1,B1=1_PASS"
2026-09-29T05:01:15.249101,475,DSYRK_GRAMIAN,4096,16,3.410605e-13,1.0000e+00,0,PASS
2026-09-29T05:01:15.249943,475,DYNAMIC_FWHT,4096,1,0.000000e+00,1.0000e+00,0,PASS
2026-09-29T05:01:15.253288,475,CAYLEY_BILATERAL,1024,16,1.110223e-15,1.0003e+00,0,PASS
2026-09-29T05:01:15.253682,475,RUST_BETTI_FLAT_DSU,3,1,0.000000e+00,1.0000e+00,0,"B0=1,B1=1_PASS"
2026-09-29T05:02:00.390330,476,DSYRK_GRAMIAN,8192,32,6.821210e-13,1.0000e+00,0,PASS
2026-09-29T05:02:00.391707,476,DYNAMIC_FWHT,8192,1,4.440892e-16,1.0000e+00,0,PASS
2026-09-29T05:02:00.402443,476,CAYLEY_BILATERAL,1024,32,2.220446e-15,1.0006e+00,0,PASS
2026-09-29T05:02:00.402972,476,RUST_BETTI_FLAT_DSU,3,1,0.000000e+00,1.0000e+00,0,"B0=1,B1=1_PASS"
2026-09-29T05:02:45.445542,477,DSYRK_GRAMIAN,2048,8,3.979039e-13,1.0000e+00,0,PASS
2026-09-29T05:02:45.446258,477,DYNAMIC_FWHT,2048,1,2.220446e-16,1.0000e+00,0,PASS
2026-09-29T05:02:45.453273,477,CAYLEY_BILATERAL,1024,8,5.551115e-16,1.0001e+00,0,PASS
2026-09-29T05:02:45.453700,477,RUST_BETTI_FLAT_DSU,3,1,0.000000e+00,1.0000e+00,0,"B0=1,B1=1_PASS"
2026-09-29T05:03:30.532278,478,DSYRK_GRAMIAN,4096,16,4.263256e-13,1.0000e+00,0,PASS
2026-09-29T05:03:30.533127,478,DYNAMIC_FWHT,4096,1,2.220446e-16,1.0000e+00,0,PASS
2026-09-29T05:03:30.541550,478,CAYLEY_BILATERAL,1024,16,6.661338e-16,1.0003e+00,0,PASS
2026-09-29T05:03:30.541947,478,RUST_BETTI_FLAT_DSU,3,1,0.000000e+00,1.0000e+00,0,"B0=1,B1=1_PASS"
2026-09-29T05:04:15.662360,479,DSYRK_GRAMIAN,8192,32,5.684342e-13,1.0000e+00,0,PASS
2026-09-29T05:04:15.663751,479,DYNAMIC_FWHT,8192,1,2.220446e-16,1.0000e+00,0,PASS
2026-09-29T05:04:15.677708,479,CAYLEY_BILATERAL,1024,32,1.332268e-15,1.0005e+00,0,PASS
2026-09-29T05:04:15.678301,479,RUST_BETTI_FLAT_DSU,3,1,0.000000e+00,1.0000e+00,0,"B0=1,B1=1_PASS"
2026-09-29T05:05:00.720447,480,DSYRK_GRAMIAN,2048,8,4.263256e-13,1.0000e+00,0,PASS
2026-09-29T05:05:00.721224,480,DYNAMIC_FWHT,2048,1,2.220446e-16,1.0000e+00,0,PASS
2026-09-29T05:05:00.723219,480,CAYLEY_BILATERAL,1024,8,4.440892e-16,1.0001e+00,0,PASS
2026-09-29T05:05:00.723656,480,RUST_BETTI_FLAT_DSU,3,1,0.000000e+00,1.0000e+00,0,"B0=1,B1=1_PASS"
2026-09-29T05:05:45.807086,481,DSYRK_GRAMIAN,4096,16,3.979039e-13,1.0000e+00,0,PASS
2026-09-29T05:05:45.808176,481,DYNAMIC_FWHT,4096,1,0.000000e+00,1.0000e+00,0,PASS
2026-09-29T05:05:45.813410,481,CAYLEY_BILATERAL,1024,16,8.881784e-16,1.0003e+00,0,PASS
2026-09-29T05:05:45.814164,481,RUST_BETTI_FLAT_DSU,3,1,0.000000e+00,1.0000e+00,0,"B0=1,B1=1_PASS"
2026-09-29T05:06:30.949428,482,DSYRK_GRAMIAN,8192,32,7.389644e-13,1.0000e+00,0,PASS
2026-09-29T05:06:30.950928,482,DYNAMIC_FWHT,8192,1,1.110223e-16,1.0000e+00,0,PASS
2026-09-29T05:06:30.965621,482,CAYLEY_BILATERAL,1024,32,1.776357e-15,1.0007e+00,0,PASS
2026-09-29T05:06:30.966177,482,RUST_BETTI_FLAT_DSU,3,1,0.000000e+00,1.0000e+00,0,"B0=1,B1=1_PASS"
2026-09-29T05:07:16.003398,483,DSYRK_GRAMIAN,2048,8,6.252776e-13,1.0000e+00,0,PASS
2026-09-29T05:07:16.004064,483,DYNAMIC_FWHT,2048,1,1.110223e-16,1.0000e+00,0,PASS
2026-09-29T05:07:16.005821,483,CAYLEY_BILATERAL,1024,8,1.110223e-15,1.0001e+00,0,PASS
2026-09-29T05:07:16.006242,483,RUST_BETTI_FLAT_DSU,3,1,0.000000e+00,1.0000e+00,0,"B0=1,B1=1_PASS"
2026-09-29T05:08:01.068364,484,DSYRK_GRAMIAN,4096,16,4.263256e-13,1.0000e+00,0,PASS
2026-09-29T05:08:01.069609,484,DYNAMIC_FWHT,4096,1,0.000000e+00,1.0000e+00,0,PASS
2026-09-29T05:08:01.073304,484,CAYLEY_BILATERAL,1024,16,1.110223e-15,1.0002e+00,0,PASS
2026-09-29T05:08:01.073803,484,RUST_BETTI_FLAT_DSU,3,1,0.000000e+00,1.0000e+00,0,"B0=1,B1=1_PASS"
2026-09-29T05:08:46.211457,485,DSYRK_GRAMIAN,8192,32,4.547474e-13,1.0000e+00,0,PASS
2026-09-29T05:08:46.212967,485,DYNAMIC_FWHT,8192,1,0.000000e+00,1.0000e+00,0,PASS
2026-09-29T05:08:46.226951,485,CAYLEY_BILATERAL,1024,32,1.554312e-15,1.0006e+00,0,PASS
2026-09-29T05:08:46.227503,485,RUST_BETTI_FLAT_DSU,3,1,0.000000e+00,1.0000e+00,0,"B0=1,B1=1_PASS"
2026-09-29T05:09:31.267801,486,DSYRK_GRAMIAN,2048,8,2.842171e-13,1.0000e+00,0,PASS
2026-09-29T05:09:31.268611,486,DYNAMIC_FWHT,2048,1,1.110223e-16,1.0000e+00,0,PASS
2026-09-29T05:09:31.270989,486,CAYLEY_BILATERAL,1024,8,1.110223e-15,1.0001e+00,0,PASS
2026-09-29T05:09:31.271621,486,RUST_BETTI_FLAT_DSU,3,1,0.000000e+00,1.0000e+00,0,"B0=1,B1=1_PASS"
2026-09-29T05:10:16.338962,487,DSYRK_GRAMIAN,4096,16,3.979039e-13,1.0000e+00,0,PASS
2026-09-29T05:10:16.340032,487,DYNAMIC_FWHT,4096,1,0.000000e+00,1.0000e+00,0,PASS
2026-09-29T05:10:16.343659,487,CAYLEY_BILATERAL,1024,16,1.887379e-15,1.0003e+00,0,PASS
2026-09-29T05:10:16.347103,487,RUST_BETTI_FLAT_DSU,3,1,0.000000e+00,1.0000e+00,0,"B0=1,B1=1_PASS"
2026-09-29T05:11:01.494719,488,DSYRK_GRAMIAN,8192,32,7.958079e-13,1.0000e+00,0,PASS
2026-09-29T05:11:01.496295,488,DYNAMIC_FWHT,8192,1,0.000000e+00,1.0000e+00,0,PASS
2026-09-29T05:11:01.510414,488,CAYLEY_BILATERAL,1024,32,1.332268e-15,1.0008e+00,0,PASS
2026-09-29T05:11:01.511002,488,RUST_BETTI_FLAT_DSU,3,1,0.000000e+00,1.0000e+00,0,"B0=1,B1=1_PASS"
2026-09-29T05:11:46.552757,489,DSYRK_GRAMIAN,2048,8,4.547474e-13,1.0000e+00,0,PASS
2026-09-29T05:11:46.553425,489,DYNAMIC_FWHT,2048,1,2.220446e-16,1.0000e+00,0,PASS
2026-09-29T05:11:46.555068,489,CAYLEY_BILATERAL,1024,8,8.881784e-16,1.0001e+00,0,PASS
2026-09-29T05:11:46.555501,489,RUST_BETTI_FLAT_DSU,3,1,0.000000e+00,1.0000e+00,0,"B0=1,B1=1_PASS"
2026-09-29T05:12:31.633990,490,DSYRK_GRAMIAN,4096,16,4.547474e-13,1.0000e+00,0,PASS
2026-09-29T05:12:31.635058,490,DYNAMIC_FWHT,4096,1,2.220446e-16,1.0000e+00,0,PASS
2026-09-29T05:12:31.638806,490,CAYLEY_BILATERAL,1024,16,1.110223e-15,1.0002e+00,0,PASS
2026-09-29T05:12:31.639317,490,RUST_BETTI_FLAT_DSU,3,1,0.000000e+00,1.0000e+00,0,"B0=1,B1=1_PASS"
2026-09-29T05:13:16.775909,491,DSYRK_GRAMIAN,8192,32,6.252776e-13,1.0000e+00,0,PASS
2026-09-29T05:13:16.777432,491,DYNAMIC_FWHT,8192,1,1.110223e-16,1.0000e+00,0,PASS
2026-09-29T05:13:16.790128,491,CAYLEY_BILATERAL,1024,32,1.332268e-15,1.0006e+00,0,PASS
2026-09-29T05:13:16.790803,491,RUST_BETTI_FLAT_DSU,3,1,0.000000e+00,1.0000e+00,0,"B0=1,B1=1_PASS"
2026-09-29T05:14:01.832842,492,DSYRK_GRAMIAN,2048,8,2.842171e-13,1.0000e+00,0,PASS
2026-09-29T05:14:01.833579,492,DYNAMIC_FWHT,2048,1,2.220446e-16,1.0000e+00,0,PASS
2026-09-29T05:14:01.839154,492,CAYLEY_BILATERAL,1024,8,6.661338e-16,1.0001e+00,0,PASS
2026-09-29T05:14:01.839603,492,RUST_BETTI_FLAT_DSU,3,1,0.000000e+00,1.0000e+00,0,"B0=1,B1=1_PASS"
2026-09-29T05:14:46.902147,493,DSYRK_GRAMIAN,4096,16,4.547474e-13,1.0000e+00,0,PASS
2026-09-29T05:14:46.903213,493,DYNAMIC_FWHT,4096,1,1.110223e-16,1.0000e+00,0,PASS
2026-09-29T05:14:46.911548,493,CAYLEY_BILATERAL,1024,16,8.881784e-16,1.0004e+00,0,PASS
2026-09-29T05:14:46.911960,493,RUST_BETTI_FLAT_DSU,3,1,0.000000e+00,1.0000e+00,0,"B0=1,B1=1_PASS"
2026-09-29T05:15:32.051798,494,DSYRK_GRAMIAN,8192,32,7.958079e-13,1.0000e+00,0,PASS
2026-09-29T05:15:32.053197,494,DYNAMIC_FWHT,8192,1,2.220446e-16,1.0000e+00,0,PASS
2026-09-29T05:15:32.066972,494,CAYLEY_BILATERAL,1024,32,1.998401e-15,1.0007e+00,0,PASS
2026-09-29T05:15:32.067544,494,RUST_BETTI_FLAT_DSU,3,1,0.000000e+00,1.0000e+00,0,"B0=1,B1=1_PASS"
2026-09-29T05:16:17.107633,495,DSYRK_GRAMIAN,2048,8,5.684342e-13,1.0000e+00,0,PASS
2026-09-29T05:16:17.108393,495,DYNAMIC_FWHT,2048,1,0.000000e+00,1.0000e+00,0,PASS
2026-09-29T05:16:17.110485,495,CAYLEY_BILATERAL,1024,8,8.881784e-16,1.0001e+00,0,PASS
2026-09-29T05:16:17.110915,495,RUST_BETTI_FLAT_DSU,3,1,0.000000e+00,1.0000e+00,0,"B0=1,B1=1_PASS"
2026-09-29T05:17:02.181074,496,DSYRK_GRAMIAN,4096,16,3.410605e-13,1.0000e+00,0,PASS
2026-09-29T05:17:02.182162,496,DYNAMIC_FWHT,4096,1,0.000000e+00,1.0000e+00,0,PASS
2026-09-29T05:17:02.185896,496,CAYLEY_BILATERAL,1024,16,1.110223e-15,1.0003e+00,0,PASS
2026-09-29T05:17:02.186386,496,RUST_BETTI_FLAT_DSU,3,1,0.000000e+00,1.0000e+00,0,"B0=1,B1=1_PASS"
2026-09-29T05:17:47.371551,497,DSYRK_GRAMIAN,8192,32,8.810730e-13,1.0000e+00,0,PASS
2026-09-29T05:17:47.373103,497,DYNAMIC_FWHT,8192,1,2.220446e-16,1.0000e+00,0,PASS
2026-09-29T05:17:47.420548,497,CAYLEY_BILATERAL,1024,32,2.220446e-15,1.0007e+00,0,PASS
2026-09-29T05:17:47.421230,497,RUST_BETTI_FLAT_DSU,3,1,0.000000e+00,1.0000e+00,0,"B0=1,B1=1_PASS"
2026-09-29T05:18:32.460125,498,DSYRK_GRAMIAN,2048,8,6.252776e-13,1.0000e+00,0,PASS
2026-09-29T05:18:32.460931,498,DYNAMIC_FWHT,2048,1,4.440892e-16,1.0000e+00,0,PASS
2026-09-29T05:18:32.466929,498,CAYLEY_BILATERAL,1024,8,1.110223e-15,1.0001e+00,0,PASS
2026-09-29T05:18:32.467403,498,RUST_BETTI_FLAT_DSU,3,1,0.000000e+00,1.0000e+00,0,"B0=1,B1=1_PASS"
2026-09-29T05:19:17.556078,499,DSYRK_GRAMIAN,4096,16,3.410605e-13,1.0000e+00,0,PASS
2026-09-29T05:19:17.557175,499,DYNAMIC_FWHT,4096,1,2.220446e-16,1.0000e+00,0,PASS
2026-09-29T05:19:17.560764,499,CAYLEY_BILATERAL,1024,16,8.881784e-16,1.0003e+00,0,PASS
2026-09-29T05:19:17.561289,499,RUST_BETTI_FLAT_DSU,3,1,0.000000e+00,1.0000e+00,0,"B0=1,B1=1_PASS"
2026-09-29T05:20:02.716206,500,DSYRK_GRAMIAN,8192,32,5.684342e-13,1.0000e+00,0,PASS
2026-09-29T05:20:02.717716,500,DYNAMIC_FWHT,8192,1,2.220446e-16,1.0000e+00,0,PASS
2026-09-29T05:20:02.731677,500,CAYLEY_BILATERAL,1024,32,1.554312e-15,1.0007e+00,0,PASS
2026-09-29T05:20:02.732230,500,RUST_BETTI_FLAT_DSU,3,1,0.000000e+00,1.0000e+00,0,"B0=1,B1=1_PASS"
2026-09-29T05:20:47.783857,501,DSYRK_GRAMIAN,2048,8,3.694822e-13,1.0000e+00,0,PASS
2026-09-29T05:20:47.784607,501,DYNAMIC_FWHT,2048,1,2.220446e-16,1.0000e+00,0,PASS
2026-09-29T05:20:47.786795,501,CAYLEY_BILATERAL,1024,8,6.661338e-16,1.0001e+00,0,PASS
2026-09-29T05:20:47.787293,501,RUST_BETTI_FLAT_DSU,3,1,0.000000e+00,1.0000e+00,0,"B0=1,B1=1_PASS"
2026-09-29T05:21:32.861762,502,DSYRK_GRAMIAN,4096,16,3.979039e-13,1.0000e+00,0,PASS
2026-09-29T05:21:32.862631,502,DYNAMIC_FWHT,4096,1,0.000000e+00,1.0000e+00,0,PASS
2026-09-29T05:21:32.869885,502,CAYLEY_BILATERAL,1024,16,8.881784e-16,1.0003e+00,0,PASS
2026-09-29T05:21:32.870312,502,RUST_BETTI_FLAT_DSU,3,1,0.000000e+00,1.0000e+00,0,"B0=1,B1=1_PASS"
2026-09-29T05:22:18.012264,503,DSYRK_GRAMIAN,8192,32,7.389644e-13,1.0000e+00,0,PASS
2026-09-29T05:22:18.013842,503,DYNAMIC_FWHT,8192,1,2.220446e-16,1.0000e+00,0,PASS
2026-09-29T05:22:18.026399,503,CAYLEY_BILATERAL,1024,32,1.776357e-15,1.0006e+00,0,PASS
2026-09-29T05:22:18.026962,503,RUST_BETTI_FLAT_DSU,3,1,0.000000e+00,1.0000e+00,0,"B0=1,B1=1_PASS"
2026-09-29T05:23:03.066567,504,DSYRK_GRAMIAN,2048,8,5.115908e-13,1.0000e+00,0,PASS
2026-09-29T05:23:03.067297,504,DYNAMIC_FWHT,2048,1,2.220446e-16,1.0000e+00,0,PASS
2026-09-29T05:23:03.069542,504,CAYLEY_BILATERAL,1024,8,2.220446e-16,1.0001e+00,0,PASS
2026-09-29T05:23:03.069984,504,RUST_BETTI_FLAT_DSU,3,1,0.000000e+00,1.0000e+00,0,"B0=1,B1=1_PASS"
2026-09-29T05:23:48.152821,505,DSYRK_GRAMIAN,4096,16,5.684342e-13,1.0000e+00,0,PASS
2026-09-29T05:23:48.153656,505,DYNAMIC_FWHT,4096,1,1.110223e-16,1.0000e+00,0,PASS
2026-09-29T05:23:48.157027,505,CAYLEY_BILATERAL,1024,16,1.110223e-15,1.0003e+00,0,PASS
2026-09-29T05:23:48.157427,505,RUST_BETTI_FLAT_DSU,3,1,0.000000e+00,1.0000e+00,0,"B0=1,B1=1_PASS"
2026-09-29T05:24:33.305775,506,DSYRK_GRAMIAN,8192,32,9.094947e-13,1.0000e+00,0,PASS
2026-09-29T05:24:33.307177,506,DYNAMIC_FWHT,8192,1,2.220446e-16,1.0000e+00,0,PASS
2026-09-29T05:24:33.316018,506,CAYLEY_BILATERAL,1024,32,1.998401e-15,1.0007e+00,0,PASS
2026-09-29T05:24:33.316726,506,RUST_BETTI_FLAT_DSU,3,1,0.000000e+00,1.0000e+00,0,"B0=1,B1=1_PASS"
2026-09-29T05:25:18.365021,507,DSYRK_GRAMIAN,2048,8,4.547474e-13,1.0000e+00,0,PASS
2026-09-29T05:25:18.365993,507,DYNAMIC_FWHT,2048,1,2.220446e-16,1.0000e+00,0,PASS
2026-09-29T05:25:18.368330,507,CAYLEY_BILATERAL,1024,8,9.992007e-16,1.0002e+00,0,PASS
2026-09-29T05:25:18.368791,507,RUST_BETTI_FLAT_DSU,3,1,0.000000e+00,1.0000e+00,0,"B0=1,B1=1_PASS"
2026-09-29T05:26:03.437884,508,DSYRK_GRAMIAN,4096,16,4.831691e-13,1.0000e+00,0,PASS
2026-09-29T05:26:03.438764,508,DYNAMIC_FWHT,4096,1,0.000000e+00,1.0000e+00,0,PASS
2026-09-29T05:26:03.442523,508,CAYLEY_BILATERAL,1024,16,1.221245e-15,1.0003e+00,0,PASS
2026-09-29T05:26:03.443028,508,RUST_BETTI_FLAT_DSU,3,1,0.000000e+00,1.0000e+00,0,"B0=1,B1=1_PASS"
2026-09-29T05:26:48.588705,509,DSYRK_GRAMIAN,8192,32,6.252776e-13,1.0000e+00,0,PASS
2026-09-29T05:26:48.590056,509,DYNAMIC_FWHT,8192,1,3.330669e-16,1.0000e+00,0,PASS
2026-09-29T05:26:48.603843,509,CAYLEY_BILATERAL,1024,32,1.110223e-15,1.0006e+00,0,PASS
2026-09-29T05:26:48.604349,509,RUST_BETTI_FLAT_DSU,3,1,0.000000e+00,1.0000e+00,0,"B0=1,B1=1_PASS"
2026-09-29T05:27:33.646415,510,DSYRK_GRAMIAN,2048,8,5.684342e-13,1.0000e+00,0,PASS
2026-09-29T05:27:33.647099,510,DYNAMIC_FWHT,2048,1,2.220446e-16,1.0000e+00,0,PASS
2026-09-29T05:27:33.648811,510,CAYLEY_BILATERAL,1024,8,1.110223e-15,1.0001e+00,0,PASS
2026-09-29T05:27:33.649206,510,RUST_BETTI_FLAT_DSU,3,1,0.000000e+00,1.0000e+00,0,"B0=1,B1=1_PASS"
2026-09-29T05:28:18.730705,511,DSYRK_GRAMIAN,4096,16,5.115908e-13,1.0000e+00,0,PASS
2026-09-29T05:28:18.731788,511,DYNAMIC_FWHT,4096,1,1.110223e-16,1.0000e+00,0,PASS
2026-09-29T05:28:18.735369,511,CAYLEY_BILATERAL,1024,16,1.110223e-15,1.0003e+00,0,PASS
2026-09-29T05:28:18.735798,511,RUST_BETTI_FLAT_DSU,3,1,0.000000e+00,1.0000e+00,0,"B0=1,B1=1_PASS"
2026-09-29T05:29:03.874062,512,DSYRK_GRAMIAN,8192,32,6.821210e-13,1.0000e+00,0,PASS
2026-09-29T05:29:03.875408,512,DYNAMIC_FWHT,8192,1,2.220446e-16,1.0000e+00,0,PASS
2026-09-29T05:29:03.888607,512,CAYLEY_BILATERAL,1024,32,1.665335e-15,1.0006e+00,0,PASS
2026-09-29T05:29:03.889175,512,RUST_BETTI_FLAT_DSU,3,1,0.000000e+00,1.0000e+00,0,"B0=1,B1=1_PASS"
2026-09-29T05:29:48.930857,513,DSYRK_GRAMIAN,2048,8,4.547474e-13,1.0000e+00,0,PASS
2026-09-29T05:29:48.931630,513,DYNAMIC_FWHT,2048,1,0.000000e+00,1.0000e+00,0,PASS
2026-09-29T05:29:48.938640,513,CAYLEY_BILATERAL,1024,8,8.881784e-16,1.0001e+00,0,PASS
2026-09-29T05:29:48.939100,513,RUST_BETTI_FLAT_DSU,3,1,0.000000e+00,1.0000e+00,0,"B0=1,B1=1_PASS"
2026-09-29T05:30:34.010699,514,DSYRK_GRAMIAN,4096,16,6.252776e-13,1.0000e+00,0,PASS
2026-09-29T05:30:34.011548,514,DYNAMIC_FWHT,4096,1,2.220446e-16,1.0000e+00,0,PASS
2026-09-29T05:30:34.014934,514,CAYLEY_BILATERAL,1024,16,1.110223e-15,1.0003e+00,0,PASS
2026-09-29T05:30:34.015502,514,RUST_BETTI_FLAT_DSU,3,1,0.000000e+00,1.0000e+00,0,"B0=1,B1=1_PASS"
2026-09-29T05:31:19.157023,515,DSYRK_GRAMIAN,8192,32,8.242296e-13,1.0000e+00,0,PASS
2026-09-29T05:31:19.158684,515,DYNAMIC_FWHT,8192,1,0.000000e+00,1.0000e+00,0,PASS
2026-09-29T05:31:19.172179,515,CAYLEY_BILATERAL,1024,32,1.554312e-15,1.0007e+00,0,PASS
2026-09-29T05:31:19.172728,515,RUST_BETTI_FLAT_DSU,3,1,0.000000e+00,1.0000e+00,0,"B0=1,B1=1_PASS"
2026-09-29T05:32:04.224543,516,DSYRK_GRAMIAN,2048,8,6.821210e-13,1.0000e+00,0,PASS
2026-09-29T05:32:04.225205,516,DYNAMIC_FWHT,2048,1,0.000000e+00,1.0000e+00,0,PASS
2026-09-29T05:32:04.226966,516,CAYLEY_BILATERAL,1024,8,9.992007e-16,1.0001e+00,0,PASS
2026-09-29T05:32:04.227347,516,RUST_BETTI_FLAT_DSU,3,1,0.000000e+00,1.0000e+00,0,"B0=1,B1=1_PASS"
2026-09-29T05:32:49.298083,517,DSYRK_GRAMIAN,4096,16,5.684342e-13,1.0000e+00,0,PASS
2026-09-29T05:32:49.299273,517,DYNAMIC_FWHT,4096,1,0.000000e+00,1.0000e+00,0,PASS
2026-09-29T05:32:49.307158,517,CAYLEY_BILATERAL,1024,16,9.992007e-16,1.0003e+00,0,PASS
2026-09-29T05:32:49.307576,517,RUST_BETTI_FLAT_DSU,3,1,0.000000e+00,1.0000e+00,0,"B0=1,B1=1_PASS"
2026-09-29T05:33:34.436768,518,DSYRK_GRAMIAN,8192,32,5.684342e-13,1.0000e+00,0,PASS
2026-09-29T05:33:34.438116,518,DYNAMIC_FWHT,8192,1,2.220446e-16,1.0000e+00,0,PASS
2026-09-29T05:33:34.450207,518,CAYLEY_BILATERAL,1024,32,1.332268e-15,1.0007e+00,0,PASS
2026-09-29T05:33:34.450801,518,RUST_BETTI_FLAT_DSU,3,1,0.000000e+00,1.0000e+00,0,"B0=1,B1=1_PASS"
2026-09-29T05:34:19.491494,519,DSYRK_GRAMIAN,2048,8,6.252776e-13,1.0000e+00,0,PASS
2026-09-29T05:34:19.492172,519,DYNAMIC_FWHT,2048,1,3.330669e-16,1.0000e+00,0,PASS
2026-09-29T05:34:19.494324,519,CAYLEY_BILATERAL,1024,8,6.661338e-16,1.0001e+00,0,PASS
2026-09-29T05:34:19.497876,519,RUST_BETTI_FLAT_DSU,3,1,0.000000e+00,1.0000e+00,0,"B0=1,B1=1_PASS"
2026-09-29T05:35:04.570196,520,DSYRK_GRAMIAN,4096,16,3.410605e-13,1.0000e+00,0,PASS
2026-09-29T05:35:04.571630,520,DYNAMIC_FWHT,4096,1,2.220446e-16,1.0000e+00,0,PASS
2026-09-29T05:35:04.577801,520,CAYLEY_BILATERAL,1024,16,1.554312e-15,1.0004e+00,0,PASS
2026-09-29T05:35:04.578456,520,RUST_BETTI_FLAT_DSU,3,1,0.000000e+00,1.0000e+00,0,"B0=1,B1=1_PASS"
2026-09-29T05:35:49.726609,521,DSYRK_GRAMIAN,8192,32,7.389644e-13,1.0000e+00,0,PASS
2026-09-29T05:35:49.727983,521,DYNAMIC_FWHT,8192,1,2.220446e-16,1.0000e+00,0,PASS
2026-09-29T05:35:49.741852,521,CAYLEY_BILATERAL,1024,32,1.665335e-15,1.0008e+00,0,PASS
2026-09-29T05:35:49.742424,521,RUST_BETTI_FLAT_DSU,3,1,0.000000e+00,1.0000e+00,0,"B0=1,B1=1_PASS"
2026-09-29T05:36:34.786508,522,DSYRK_GRAMIAN,2048,8,7.958079e-13,1.0000e+00,0,PASS
2026-09-29T05:36:34.787250,522,DYNAMIC_FWHT,2048,1,2.220446e-16,1.0000e+00,0,PASS
2026-09-29T05:36:34.789061,522,CAYLEY_BILATERAL,1024,8,1.332268e-15,1.0001e+00,0,PASS
2026-09-29T05:36:34.789514,522,RUST_BETTI_FLAT_DSU,3,1,0.000000e+00,1.0000e+00,0,"B0=1,B1=1_PASS"
2026-09-29T05:37:19.862368,523,DSYRK_GRAMIAN,4096,16,4.263256e-13,1.0000e+00,0,PASS
2026-09-29T05:37:19.866444,523,DYNAMIC_FWHT,4096,1,0.000000e+00,1.0000e+00,0,PASS
2026-09-29T05:37:19.870466,523,CAYLEY_BILATERAL,1024,16,9.992007e-16,1.0003e+00,0,PASS
2026-09-29T05:37:19.871134,523,RUST_BETTI_FLAT_DSU,3,1,0.000000e+00,1.0000e+00,0,"B0=1,B1=1_PASS"
2026-09-29T05:38:05.009858,524,DSYRK_GRAMIAN,8192,32,6.821210e-13,1.0000e+00,0,PASS
2026-09-29T05:38:05.011340,524,DYNAMIC_FWHT,8192,1,2.220446e-16,1.0000e+00,0,PASS
2026-09-29T05:38:05.023874,524,CAYLEY_BILATERAL,1024,32,1.332268e-15,1.0008e+00,0,PASS
2026-09-29T05:38:05.024434,524,RUST_BETTI_FLAT_DSU,3,1,0.000000e+00,1.0000e+00,0,"B0=1,B1=1_PASS"
2026-09-29T05:38:50.064320,525,DSYRK_GRAMIAN,2048,8,4.547474e-13,1.0000e+00,0,PASS
2026-09-29T05:38:50.064995,525,DYNAMIC_FWHT,2048,1,0.000000e+00,1.0000e+00,0,PASS
2026-09-29T05:38:50.066764,525,CAYLEY_BILATERAL,1024,8,8.881784e-16,1.0001e+00,0,PASS
2026-09-29T05:38:50.067155,525,RUST_BETTI_FLAT_DSU,3,1,0.000000e+00,1.0000e+00,0,"B0=1,B1=1_PASS"
2026-09-29T05:39:35.125849,526,DSYRK_GRAMIAN,4096,16,6.821210e-13,1.0000e+00,0,PASS
2026-09-29T05:39:35.131656,526,DYNAMIC_FWHT,4096,1,0.000000e+00,1.0000e+00,0,PASS
2026-09-29T05:39:35.135533,526,CAYLEY_BILATERAL,1024,16,1.332268e-15,1.0002e+00,0,PASS
2026-09-29T05:39:35.135950,526,RUST_BETTI_FLAT_DSU,3,1,0.000000e+00,1.0000e+00,0,"B0=1,B1=1_PASS"
2026-09-29T05:40:20.260831,527,DSYRK_GRAMIAN,8192,32,6.252776e-13,1.0000e+00,0,PASS
2026-09-29T05:40:20.262379,527,DYNAMIC_FWHT,8192,1,0.000000e+00,1.0000e+00,0,PASS
2026-09-29T05:40:20.275197,527,CAYLEY_BILATERAL,1024,32,1.554312e-15,1.0007e+00,0,PASS
2026-09-29T05:40:20.275989,527,RUST_BETTI_FLAT_DSU,3,1,0.000000e+00,1.0000e+00,0,"B0=1,B1=1_PASS"
2026-09-29T05:41:05.301189,528,DSYRK_GRAMIAN,2048,8,5.115908e-13,1.0000e+00,0,PASS
2026-09-29T05:41:05.301963,528,DYNAMIC_FWHT,2048,1,1.110223e-16,1.0000e+00,0,PASS
2026-09-29T05:41:05.307560,528,CAYLEY_BILATERAL,1024,8,1.110223e-15,1.0001e+00,0,PASS
2026-09-29T05:41:05.307963,528,RUST_BETTI_FLAT_DSU,3,1,0.000000e+00,1.0000e+00,0,"B0=1,B1=1_PASS"
2026-09-29T05:41:50.378852,529,DSYRK_GRAMIAN,4096,16,3.410605e-13,1.0000e+00,0,PASS
2026-09-29T05:41:50.380050,529,DYNAMIC_FWHT,4096,1,1.110223e-16,1.0000e+00,0,PASS
2026-09-29T05:41:50.383696,529,CAYLEY_BILATERAL,1024,16,1.221245e-15,1.0003e+00,0,PASS
2026-09-29T05:41:50.384211,529,RUST_BETTI_FLAT_DSU,3,1,0.000000e+00,1.0000e+00,0,"B0=1,B1=1_PASS"
2026-09-29T05:42:35.516382,530,DSYRK_GRAMIAN,8192,32,7.673862e-13,1.0000e+00,0,PASS
2026-09-29T05:42:35.517974,530,DYNAMIC_FWHT,8192,1,2.220446e-16,1.0000e+00,0,PASS
2026-09-29T05:42:35.526995,530,CAYLEY_BILATERAL,1024,32,1.776357e-15,1.0006e+00,0,PASS
2026-09-29T05:42:35.527542,530,RUST_BETTI_FLAT_DSU,3,1,0.000000e+00,1.0000e+00,0,"B0=1,B1=1_PASS"
2026-09-29T05:43:20.576248,531,DSYRK_GRAMIAN,2048,8,3.410605e-13,1.0000e+00,0,PASS
2026-09-29T05:43:20.576929,531,DYNAMIC_FWHT,2048,1,2.220446e-16,1.0000e+00,0,PASS
2026-09-29T05:43:20.578544,531,CAYLEY_BILATERAL,1024,8,6.661338e-16,1.0001e+00,0,PASS
2026-09-29T05:43:20.578986,531,RUST_BETTI_FLAT_DSU,3,1,0.000000e+00,1.0000e+00,0,"B0=1,B1=1_PASS"
2026-09-29T05:44:05.650301,532,DSYRK_GRAMIAN,4096,16,5.684342e-13,1.0000e+00,0,PASS
2026-09-29T05:44:05.651388,532,DYNAMIC_FWHT,4096,1,0.000000e+00,1.0000e+00,0,PASS
2026-09-29T05:44:05.659339,532,CAYLEY_BILATERAL,1024,16,8.881784e-16,1.0004e+00,0,PASS
2026-09-29T05:44:05.660286,532,RUST_BETTI_FLAT_DSU,3,1,0.000000e+00,1.0000e+00,0,"B0=1,B1=1_PASS"
2026-09-29T05:44:50.808074,533,DSYRK_GRAMIAN,8192,32,7.958079e-13,1.0000e+00,0,PASS
2026-09-29T05:44:50.814115,533,DYNAMIC_FWHT,8192,1,0.000000e+00,1.0000e+00,0,PASS
2026-09-29T05:44:50.832026,533,CAYLEY_BILATERAL,1024,32,1.110223e-15,1.0006e+00,0,PASS
2026-09-29T05:44:50.832824,533,RUST_BETTI_FLAT_DSU,3,1,0.000000e+00,1.0000e+00,0,"B0=1,B1=1_PASS"
2026-09-29T05:45:35.859990,534,DSYRK_GRAMIAN,2048,8,3.410605e-13,1.0000e+00,0,PASS
2026-09-29T05:45:35.860668,534,DYNAMIC_FWHT,2048,1,0.000000e+00,1.0000e+00,0,PASS
2026-09-29T05:45:35.862419,534,CAYLEY_BILATERAL,1024,8,8.881784e-16,1.0001e+00,0,PASS
2026-09-29T05:45:35.862822,534,RUST_BETTI_FLAT_DSU,3,1,0.000000e+00,1.0000e+00,0,"B0=1,B1=1_PASS"
2026-09-29T05:46:20.930551,535,DSYRK_GRAMIAN,4096,16,5.684342e-13,1.0000e+00,0,PASS
2026-09-29T05:46:20.931687,535,DYNAMIC_FWHT,4096,1,1.110223e-16,1.0000e+00,0,PASS
2026-09-29T05:46:20.940341,535,CAYLEY_BILATERAL,1024,16,1.332268e-15,1.0003e+00,0,PASS
2026-09-29T05:46:20.940966,535,RUST_BETTI_FLAT_DSU,3,1,0.000000e+00,1.0000e+00,0,"B0=1,B1=1_PASS"
2026-09-29T05:47:06.083009,536,DSYRK_GRAMIAN,8192,32,4.547474e-13,1.0000e+00,0,PASS
2026-09-29T05:47:06.084508,536,DYNAMIC_FWHT,8192,1,0.000000e+00,1.0000e+00,0,PASS
2026-09-29T05:47:06.098644,536,CAYLEY_BILATERAL,1024,32,1.554312e-15,1.0007e+00,0,PASS
2026-09-29T05:47:06.099154,536,RUST_BETTI_FLAT_DSU,3,1,0.000000e+00,1.0000e+00,0,"B0=1,B1=1_PASS"
2026-09-29T05:47:51.140638,537,DSYRK_GRAMIAN,2048,8,3.410605e-13,1.0000e+00,0,PASS
2026-09-29T05:47:51.141305,537,DYNAMIC_FWHT,2048,1,1.110223e-16,1.0000e+00,0,PASS
2026-09-29T05:47:51.143024,537,CAYLEY_BILATERAL,1024,8,9.992007e-16,1.0001e+00,0,PASS
2026-09-29T05:47:51.143410,537,RUST_BETTI_FLAT_DSU,3,1,0.000000e+00,1.0000e+00,0,"B0=1,B1=1_PASS"
2026-09-29T05:48:36.213424,538,DSYRK_GRAMIAN,4096,16,9.094947e-13,1.0000e+00,0,PASS
2026-09-29T05:48:36.214489,538,DYNAMIC_FWHT,4096,1,2.220446e-16,1.0000e+00,0,PASS
2026-09-29T05:48:36.222567,538,CAYLEY_BILATERAL,1024,16,7.771561e-16,1.0003e+00,0,PASS
2026-09-29T05:48:36.223063,538,RUST_BETTI_FLAT_DSU,3,1,0.000000e+00,1.0000e+00,0,"B0=1,B1=1_PASS"
2026-09-29T05:49:21.361668,539,DSYRK_GRAMIAN,8192,32,5.684342e-13,1.0000e+00,0,PASS
2026-09-29T05:49:21.363139,539,DYNAMIC_FWHT,8192,1,1.110223e-16,1.0000e+00,0,PASS
2026-09-29T05:49:21.378192,539,CAYLEY_BILATERAL,1024,32,1.554312e-15,1.0005e+00,0,PASS
2026-09-29T05:49:21.378749,539,RUST_BETTI_FLAT_DSU,3,1,0.000000e+00,1.0000e+00,0,"B0=1,B1=1_PASS"
2026-09-29T05:50:06.421254,540,DSYRK_GRAMIAN,2048,8,3.979039e-13,1.0000e+00,0,PASS
2026-09-29T05:50:06.421943,540,DYNAMIC_FWHT,2048,1,2.220446e-16,1.0000e+00,0,PASS
2026-09-29T05:50:06.423701,540,CAYLEY_BILATERAL,1024,8,8.881784e-16,1.0002e+00,0,PASS
2026-09-29T05:50:06.424101,540,RUST_BETTI_FLAT_DSU,3,1,0.000000e+00,1.0000e+00,0,"B0=1,B1=1_PASS"
2026-09-29T05:50:51.505139,541,DSYRK_GRAMIAN,4096,16,4.547474e-13,1.0000e+00,0,PASS
2026-09-29T05:50:51.506233,541,DYNAMIC_FWHT,4096,1,2.220446e-16,1.0000e+00,0,PASS
2026-09-29T05:50:51.510009,541,CAYLEY_BILATERAL,1024,16,1.332268e-15,1.0002e+00,0,PASS
2026-09-29T05:50:51.510410,541,RUST_BETTI_FLAT_DSU,3,1,0.000000e+00,1.0000e+00,0,"B0=1,B1=1_PASS"
2026-09-29T05:51:36.660651,542,DSYRK_GRAMIAN,8192,32,4.547474e-13,1.0000e+00,0,PASS
2026-09-29T05:51:36.662058,542,DYNAMIC_FWHT,8192,1,2.220446e-16,1.0000e+00,0,PASS
2026-09-29T05:51:36.674580,542,CAYLEY_BILATERAL,1024,32,1.776357e-15,1.0006e+00,0,PASS
2026-09-29T05:51:36.675173,542,RUST_BETTI_FLAT_DSU,3,1,0.000000e+00,1.0000e+00,0,"B0=1,B1=1_PASS"
2026-09-29T05:52:21.714798,543,DSYRK_GRAMIAN,2048,8,9.663381e-13,1.0000e+00,0,PASS
2026-09-29T05:52:21.715601,543,DYNAMIC_FWHT,2048,1,2.220446e-16,1.0000e+00,0,PASS
2026-09-29T05:52:21.717417,543,CAYLEY_BILATERAL,1024,8,7.771561e-16,1.0001e+00,0,PASS
2026-09-29T05:52:21.717807,543,RUST_BETTI_FLAT_DSU,3,1,0.000000e+00,1.0000e+00,0,"B0=1,B1=1_PASS"
2026-09-29T05:53:06.786111,544,DSYRK_GRAMIAN,4096,16,5.684342e-13,1.0000e+00,0,PASS
2026-09-29T05:53:06.787014,544,DYNAMIC_FWHT,4096,1,0.000000e+00,1.0000e+00,0,PASS
2026-09-29T05:53:06.790715,544,CAYLEY_BILATERAL,1024,16,1.332268e-15,1.0003e+00,0,PASS
2026-09-29T05:53:06.791370,544,RUST_BETTI_FLAT_DSU,3,1,0.000000e+00,1.0000e+00,0,"B0=1,B1=1_PASS"
2026-09-29T05:53:51.943774,545,DSYRK_GRAMIAN,8192,32,5.115908e-13,1.0000e+00,0,PASS
2026-09-29T05:53:51.945277,545,DYNAMIC_FWHT,8192,1,0.000000e+00,1.0000e+00,0,PASS
2026-09-29T05:53:51.959326,545,CAYLEY_BILATERAL,1024,32,1.332268e-15,1.0007e+00,0,PASS
2026-09-29T05:53:51.959875,545,RUST_BETTI_FLAT_DSU,3,1,0.000000e+00,1.0000e+00,0,"B0=1,B1=1_PASS"
2026-09-29T05:54:37.028127,546,DSYRK_GRAMIAN,2048,8,4.263256e-13,1.0000e+00,0,PASS
2026-09-29T05:54:37.028880,546,DYNAMIC_FWHT,2048,1,2.220446e-16,1.0000e+00,0,PASS
2026-09-29T05:54:37.031022,546,CAYLEY_BILATERAL,1024,8,1.110223e-15,1.0001e+00,0,PASS
2026-09-29T05:54:37.031469,546,RUST_BETTI_FLAT_DSU,3,1,0.000000e+00,1.0000e+00,0,"B0=1,B1=1_PASS"
2026-09-29T05:55:22.098857,547,DSYRK_GRAMIAN,4096,16,3.410605e-13,1.0000e+00,0,PASS
2026-09-29T05:55:22.099954,547,DYNAMIC_FWHT,4096,1,0.000000e+00,1.0000e+00,0,PASS
2026-09-29T05:55:22.103494,547,CAYLEY_BILATERAL,1024,16,1.332268e-15,1.0003e+00,0,PASS
2026-09-29T05:55:22.103909,547,RUST_BETTI_FLAT_DSU,3,1,0.000000e+00,1.0000e+00,0,"B0=1,B1=1_PASS"
2026-09-29T05:56:07.239609,548,DSYRK_GRAMIAN,8192,32,7.389644e-13,1.0000e+00,0,PASS
2026-09-29T05:56:07.241094,548,DYNAMIC_FWHT,8192,1,1.110223e-16,1.0000e+00,0,PASS
2026-09-29T05:56:07.253663,548,CAYLEY_BILATERAL,1024,32,1.554312e-15,1.0006e+00,0,PASS
2026-09-29T05:56:07.254320,548,RUST_BETTI_FLAT_DSU,3,1,0.000000e+00,1.0000e+00,0,"B0=1,B1=1_PASS"
2026-09-29T05:56:52.296799,549,DSYRK_GRAMIAN,2048,8,2.273737e-13,1.0000e+00,0,PASS
2026-09-29T05:56:52.297633,549,DYNAMIC_FWHT,2048,1,0.000000e+00,1.0000e+00,0,PASS
2026-09-29T05:56:52.299841,549,CAYLEY_BILATERAL,1024,8,1.332268e-15,1.0002e+00,0,PASS
2026-09-29T05:56:52.300511,549,RUST_BETTI_FLAT_DSU,3,1,0.000000e+00,1.0000e+00,0,"B0=1,B1=1_PASS"
2026-09-29T05:57:37.379133,550,DSYRK_GRAMIAN,4096,16,4.263256e-13,1.0000e+00,0,PASS
2026-09-29T05:57:37.380202,550,DYNAMIC_FWHT,4096,1,2.220446e-16,1.0000e+00,0,PASS
2026-09-29T05:57:37.383750,550,CAYLEY_BILATERAL,1024,16,8.881784e-16,1.0003e+00,0,PASS
2026-09-29T05:57:37.384141,550,RUST_BETTI_FLAT_DSU,3,1,0.000000e+00,1.0000e+00,0,"B0=1,B1=1_PASS"
2026-09-29T05:58:22.520683,551,DSYRK_GRAMIAN,8192,32,5.968559e-13,1.0000e+00,0,PASS
2026-09-29T05:58:22.522095,551,DYNAMIC_FWHT,8192,1,1.110223e-16,1.0000e+00,0,PASS
2026-09-29T05:58:22.534994,551,CAYLEY_BILATERAL,1024,32,1.554312e-15,1.0006e+00,0,PASS
2026-09-29T05:58:22.535575,551,RUST_BETTI_FLAT_DSU,3,1,0.000000e+00,1.0000e+00,0,"B0=1,B1=1_PASS"
2026-09-29T05:59:07.577578,552,DSYRK_GRAMIAN,2048,8,6.536993e-13,1.0000e+00,0,PASS
2026-09-29T05:59:07.578244,552,DYNAMIC_FWHT,2048,1,2.220446e-16,1.0000e+00,0,PASS
2026-09-29T05:59:07.579916,552,CAYLEY_BILATERAL,1024,8,6.661338e-16,1.0001e+00,0,PASS
2026-09-29T05:59:07.580322,552,RUST_BETTI_FLAT_DSU,3,1,0.000000e+00,1.0000e+00,0,"B0=1,B1=1_PASS"
2026-09-29T05:59:52.657764,553,DSYRK_GRAMIAN,4096,16,5.684342e-13,1.0000e+00,0,PASS
2026-09-29T05:59:52.659623,553,DYNAMIC_FWHT,4096,1,0.000000e+00,1.0000e+00,0,PASS
2026-09-29T05:59:52.663519,553,CAYLEY_BILATERAL,1024,16,1.110223e-15,1.0004e+00,0,PASS
2026-09-29T05:59:52.664078,553,RUST_BETTI_FLAT_DSU,3,1,0.000000e+00,1.0000e+00,0,"B0=1,B1=1_PASS"
2026-09-29T06:00:37.815493,554,DSYRK_GRAMIAN,8192,32,6.821210e-13,1.0000e+00,0,PASS
2026-09-29T06:00:37.817437,554,DYNAMIC_FWHT,8192,1,2.220446e-16,1.0000e+00,0,PASS
2026-09-29T06:00:37.832389,554,CAYLEY_BILATERAL,1024,32,1.332268e-15,1.0008e+00,0,PASS
2026-09-29T06:00:37.833419,554,RUST_BETTI_FLAT_DSU,3,1,0.000000e+00,1.0000e+00,0,"B0=1,B1=1_PASS"
2026-09-29T06:01:22.858678,555,DSYRK_GRAMIAN,2048,8,7.389644e-13,1.0000e+00,0,PASS
2026-09-29T06:01:22.859346,555,DYNAMIC_FWHT,2048,1,0.000000e+00,1.0000e+00,0,PASS
2026-09-29T06:01:22.860985,555,CAYLEY_BILATERAL,1024,8,8.881784e-16,1.0001e+00,0,PASS
2026-09-29T06:01:22.861388,555,RUST_BETTI_FLAT_DSU,3,1,0.000000e+00,1.0000e+00,0,"B0=1,B1=1_PASS"
2026-09-29T06:02:07.922227,556,DSYRK_GRAMIAN,4096,16,4.831691e-13,1.0000e+00,0,PASS
2026-09-29T06:02:07.923333,556,DYNAMIC_FWHT,4096,1,0.000000e+00,1.0000e+00,0,PASS
2026-09-29T06:02:07.927180,556,CAYLEY_BILATERAL,1024,16,1.110223e-15,1.0002e+00,0,PASS
2026-09-29T06:02:07.927598,556,RUST_BETTI_FLAT_DSU,3,1,0.000000e+00,1.0000e+00,0,"B0=1,B1=1_PASS"
2026-09-29T06:02:53.069260,557,DSYRK_GRAMIAN,8192,32,6.252776e-13,1.0000e+00,0,PASS
2026-09-29T06:02:53.070776,557,DYNAMIC_FWHT,8192,1,1.110223e-16,1.0000e+00,0,PASS
2026-09-29T06:02:53.084560,557,CAYLEY_BILATERAL,1024,32,1.776357e-15,1.0007e+00,0,PASS
2026-09-29T06:02:53.085160,557,RUST_BETTI_FLAT_DSU,3,1,0.000000e+00,1.0000e+00,0,"B0=1,B1=1_PASS"
2026-09-29T06:03:38.118922,558,DSYRK_GRAMIAN,2048,8,4.263256e-13,1.0000e+00,0,PASS
2026-09-29T06:03:38.119582,558,DYNAMIC_FWHT,2048,1,0.000000e+00,1.0000e+00,0,PASS
2026-09-29T06:03:38.121221,558,CAYLEY_BILATERAL,1024,8,8.881784e-16,1.0000e+00,0,PASS
2026-09-29T06:03:38.121604,558,RUST_BETTI_FLAT_DSU,3,1,0.000000e+00,1.0000e+00,0,"B0=1,B1=1_PASS"
2026-09-29T06:04:23.193165,559,DSYRK_GRAMIAN,4096,16,3.410605e-13,1.0000e+00,0,PASS
2026-09-29T06:04:23.194249,559,DYNAMIC_FWHT,4096,1,0.000000e+00,1.0000e+00,0,PASS
2026-09-29T06:04:23.203756,559,CAYLEY_BILATERAL,1024,16,1.221245e-15,1.0003e+00,0,PASS
2026-09-29T06:04:23.204295,559,RUST_BETTI_FLAT_DSU,3,1,0.000000e+00,1.0000e+00,0,"B0=1,B1=1_PASS"
2026-09-29T06:05:08.345602,560,DSYRK_GRAMIAN,8192,32,9.663381e-13,1.0000e+00,0,PASS
2026-09-29T06:05:08.347098,560,DYNAMIC_FWHT,8192,1,0.000000e+00,1.0000e+00,0,PASS
2026-09-29T06:05:08.360153,560,CAYLEY_BILATERAL,1024,32,1.443290e-15,1.0006e+00,0,PASS
2026-09-29T06:05:08.360705,560,RUST_BETTI_FLAT_DSU,3,1,0.000000e+00,1.0000e+00,0,"B0=1,B1=1_PASS"
2026-09-29T06:05:53.400247,561,DSYRK_GRAMIAN,2048,8,4.547474e-13,1.0000e+00,0,PASS
2026-09-29T06:05:53.401001,561,DYNAMIC_FWHT,2048,1,1.110223e-16,1.0000e+00,0,PASS
2026-09-29T06:05:53.402934,561,CAYLEY_BILATERAL,1024,8,8.881784e-16,1.0001e+00,0,PASS
2026-09-29T06:05:53.403355,561,RUST_BETTI_FLAT_DSU,3,1,0.000000e+00,1.0000e+00,0,"B0=1,B1=1_PASS"
2026-09-29T06:06:38.475921,562,DSYRK_GRAMIAN,4096,16,4.547474e-13,1.0000e+00,0,PASS
2026-09-29T06:06:38.476994,562,DYNAMIC_FWHT,4096,1,0.000000e+00,1.0000e+00,0,PASS
2026-09-29T06:06:38.484358,562,CAYLEY_BILATERAL,1024,16,8.881784e-16,1.0003e+00,0,PASS
2026-09-29T06:06:38.484842,562,RUST_BETTI_FLAT_DSU,3,1,0.000000e+00,1.0000e+00,0,"B0=1,B1=1_PASS"
2026-09-29T06:07:23.640505,563,DSYRK_GRAMIAN,8192,32,1.080025e-12,1.0000e+00,0,PASS
2026-09-29T06:07:23.641848,563,DYNAMIC_FWHT,8192,1,2.220446e-16,1.0000e+00,0,PASS
2026-09-29T06:07:23.655904,563,CAYLEY_BILATERAL,1024,32,2.220446e-15,1.0006e+00,0,PASS
2026-09-29T06:07:23.656487,563,RUST_BETTI_FLAT_DSU,3,1,0.000000e+00,1.0000e+00,0,"B0=1,B1=1_PASS"
2026-09-29T06:08:08.699818,564,DSYRK_GRAMIAN,2048,8,5.115908e-13,1.0000e+00,0,PASS
2026-09-29T06:08:08.700534,564,DYNAMIC_FWHT,2048,1,1.110223e-16,1.0000e+00,0,PASS
2026-09-29T06:08:08.702395,564,CAYLEY_BILATERAL,1024,8,9.992007e-16,1.0001e+00,0,PASS
2026-09-29T06:08:08.702806,564,RUST_BETTI_FLAT_DSU,3,1,0.000000e+00,1.0000e+00,0,"B0=1,B1=1_PASS"
2026-09-29T06:08:53.782682,565,DSYRK_GRAMIAN,4096,16,4.547474e-13,1.0000e+00,0,PASS
2026-09-29T06:08:53.784557,565,DYNAMIC_FWHT,4096,1,0.000000e+00,1.0000e+00,0,PASS
2026-09-29T06:08:53.789463,565,CAYLEY_BILATERAL,1024,16,1.554312e-15,1.0003e+00,0,PASS
2026-09-29T06:08:53.790065,565,RUST_BETTI_FLAT_DSU,3,1,0.000000e+00,1.0000e+00,0,"B0=1,B1=1_PASS"
2026-09-29T06:09:38.926199,566,DSYRK_GRAMIAN,8192,32,7.389644e-13,1.0000e+00,0,PASS
2026-09-29T06:09:38.927749,566,DYNAMIC_FWHT,8192,1,4.440892e-16,1.0000e+00,0,PASS
2026-09-29T06:09:38.941399,566,CAYLEY_BILATERAL,1024,32,1.332268e-15,1.0005e+00,0,PASS
2026-09-29T06:09:38.941925,566,RUST_BETTI_FLAT_DSU,3,1,0.000000e+00,1.0000e+00,0,"B0=1,B1=1_PASS"
2026-09-29T06:10:23.980638,567,DSYRK_GRAMIAN,2048,8,5.115908e-13,1.0000e+00,0,PASS
2026-09-29T06:10:23.981453,567,DYNAMIC_FWHT,2048,1,2.220446e-16,1.0000e+00,0,PASS
2026-09-29T06:10:23.983182,567,CAYLEY_BILATERAL,1024,8,6.661338e-16,1.0001e+00,0,PASS
2026-09-29T06:10:23.983560,567,RUST_BETTI_FLAT_DSU,3,1,0.000000e+00,1.0000e+00,0,"B0=1,B1=1_PASS"
2026-09-29T06:11:09.064217,568,DSYRK_GRAMIAN,4096,16,7.673862e-13,1.0000e+00,0,PASS
2026-09-29T06:11:09.065310,568,DYNAMIC_FWHT,4096,1,1.110223e-16,1.0000e+00,0,PASS
2026-09-29T06:11:09.068991,568,CAYLEY_BILATERAL,1024,16,1.332268e-15,1.0002e+00,0,PASS
2026-09-29T06:11:09.069492,568,RUST_BETTI_FLAT_DSU,3,1,0.000000e+00,1.0000e+00,0,"B0=1,B1=1_PASS"
2026-09-29T06:11:54.217923,569,DSYRK_GRAMIAN,8192,32,8.242296e-13,1.0000e+00,0,PASS
2026-09-29T06:11:54.219440,569,DYNAMIC_FWHT,8192,1,2.220446e-16,1.0000e+00,0,PASS
2026-09-29T06:11:54.234799,569,CAYLEY_BILATERAL,1024,32,1.443290e-15,1.0007e+00,0,PASS
2026-09-29T06:11:54.235345,569,RUST_BETTI_FLAT_DSU,3,1,0.000000e+00,1.0000e+00,0,"B0=1,B1=1_PASS"
2026-09-29T06:12:39.286831,570,DSYRK_GRAMIAN,2048,8,3.979039e-13,1.0000e+00,0,PASS
2026-09-29T06:12:39.287523,570,DYNAMIC_FWHT,2048,1,2.220446e-16,1.0000e+00,0,PASS
2026-09-29T06:12:39.289239,570,CAYLEY_BILATERAL,1024,8,8.881784e-16,1.0001e+00,0,PASS
2026-09-29T06:12:39.289630,570,RUST_BETTI_FLAT_DSU,3,1,0.000000e+00,1.0000e+00,0,"B0=1,B1=1_PASS"
2026-09-29T06:13:24.357268,571,DSYRK_GRAMIAN,4096,16,5.115908e-13,1.0000e+00,0,PASS
2026-09-29T06:13:24.358744,571,DYNAMIC_FWHT,4096,1,0.000000e+00,1.0000e+00,0,PASS
2026-09-29T06:13:24.363741,571,CAYLEY_BILATERAL,1024,16,1.110223e-15,1.0003e+00,0,PASS
2026-09-29T06:13:24.364329,571,RUST_BETTI_FLAT_DSU,3,1,0.000000e+00,1.0000e+00,0,"B0=1,B1=1_PASS"
2026-09-29T06:14:09.506042,572,DSYRK_GRAMIAN,8192,32,8.526513e-13,1.0000e+00,0,PASS
2026-09-29T06:14:09.507670,572,DYNAMIC_FWHT,8192,1,2.220446e-16,1.0000e+00,0,PASS
2026-09-29T06:14:09.519971,572,CAYLEY_BILATERAL,1024,32,1.998401e-15,1.0007e+00,0,PASS
2026-09-29T06:14:09.520526,572,RUST_BETTI_FLAT_DSU,3,1,0.000000e+00,1.0000e+00,0,"B0=1,B1=1_PASS"
2026-09-29T06:14:54.568176,573,DSYRK_GRAMIAN,2048,8,5.115908e-13,1.0000e+00,0,PASS
2026-09-29T06:14:54.568839,573,DYNAMIC_FWHT,2048,1,0.000000e+00,1.0000e+00,0,PASS
2026-09-29T06:14:54.570579,573,CAYLEY_BILATERAL,1024,8,8.881784e-16,1.0001e+00,0,PASS
2026-09-29T06:14:54.570969,573,RUST_BETTI_FLAT_DSU,3,1,0.000000e+00,1.0000e+00,0,"B0=1,B1=1_PASS"
2026-09-29T06:15:39.644673,574,DSYRK_GRAMIAN,4096,16,4.547474e-13,1.0000e+00,0,PASS
2026-09-29T06:15:39.645577,574,DYNAMIC_FWHT,4096,1,0.000000e+00,1.0000e+00,0,PASS
2026-09-29T06:15:39.649197,574,CAYLEY_BILATERAL,1024,16,1.110223e-15,1.0004e+00,0,PASS
2026-09-29T06:15:39.649774,574,RUST_BETTI_FLAT_DSU,3,1,0.000000e+00,1.0000e+00,0,"B0=1,B1=1_PASS"
2026-09-29T06:16:24.778529,575,DSYRK_GRAMIAN,8192,32,1.193712e-12,1.0000e+00,0,PASS
2026-09-29T06:16:24.780004,575,DYNAMIC_FWHT,8192,1,2.220446e-16,1.0000e+00,0,PASS
2026-09-29T06:16:24.794136,575,CAYLEY_BILATERAL,1024,32,1.665335e-15,1.0006e+00,0,PASS
2026-09-29T06:16:24.794793,575,RUST_BETTI_FLAT_DSU,3,1,0.000000e+00,1.0000e+00,0,"B0=1,B1=1_PASS"
2026-09-29T06:17:09.841636,576,DSYRK_GRAMIAN,2048,8,5.115908e-13,1.0000e+00,0,PASS
2026-09-29T06:17:09.842290,576,DYNAMIC_FWHT,2048,1,1.110223e-16,1.0000e+00,0,PASS
2026-09-29T06:17:09.847872,576,CAYLEY_BILATERAL,1024,8,8.881784e-16,1.0001e+00,0,PASS
2026-09-29T06:17:09.848301,576,RUST_BETTI_FLAT_DSU,3,1,0.000000e+00,1.0000e+00,0,"B0=1,B1=1_PASS"
2026-09-29T06:17:54.909485,577,DSYRK_GRAMIAN,4096,16,3.126388e-13,1.0000e+00,0,PASS
2026-09-29T06:17:54.910546,577,DYNAMIC_FWHT,4096,1,0.000000e+00,1.0000e+00,0,PASS
2026-09-29T06:17:54.914095,577,CAYLEY_BILATERAL,1024,16,8.881784e-16,1.0003e+00,0,PASS
2026-09-29T06:17:54.919406,577,RUST_BETTI_FLAT_DSU,3,1,0.000000e+00,1.0000e+00,0,"B0=1,B1=1_PASS"
2026-09-29T06:18:40.058818,578,DSYRK_GRAMIAN,8192,32,6.821210e-13,1.0000e+00,0,PASS
2026-09-29T06:18:40.060212,578,DYNAMIC_FWHT,8192,1,2.220446e-16,1.0000e+00,0,PASS
2026-09-29T06:18:40.068968,578,CAYLEY_BILATERAL,1024,32,1.332268e-15,1.0007e+00,0,PASS
2026-09-29T06:18:40.069652,578,RUST_BETTI_FLAT_DSU,3,1,0.000000e+00,1.0000e+00,0,"B0=1,B1=1_PASS"
2026-09-29T06:19:25.118300,579,DSYRK_GRAMIAN,2048,8,6.252776e-13,1.0000e+00,0,PASS
2026-09-29T06:19:25.119063,579,DYNAMIC_FWHT,2048,1,0.000000e+00,1.0000e+00,0,PASS
2026-09-29T06:19:25.121063,579,CAYLEY_BILATERAL,1024,8,6.661338e-16,1.0001e+00,0,PASS
2026-09-29T06:19:25.121499,579,RUST_BETTI_FLAT_DSU,3,1,0.000000e+00,1.0000e+00,0,"B0=1,B1=1_PASS"
2026-09-29T06:20:10.193988,580,DSYRK_GRAMIAN,4096,16,3.410605e-13,1.0000e+00,0,PASS
2026-09-29T06:20:10.195265,580,DYNAMIC_FWHT,4096,1,2.220446e-16,1.0000e+00,0,PASS
2026-09-29T06:20:10.204217,580,CAYLEY_BILATERAL,1024,16,8.881784e-16,1.0002e+00,0,PASS
2026-09-29T06:20:10.204753,580,RUST_BETTI_FLAT_DSU,3,1,0.000000e+00,1.0000e+00,0,"B0=1,B1=1_PASS"
2026-09-29T06:20:55.343222,581,DSYRK_GRAMIAN,8192,32,9.094947e-13,1.0000e+00,0,PASS
2026-09-29T06:20:55.344595,581,DYNAMIC_FWHT,8192,1,0.000000e+00,1.0000e+00,0,PASS
2026-09-29T06:20:55.357237,581,CAYLEY_BILATERAL,1024,32,2.220446e-15,1.0006e+00,0,PASS
2026-09-29T06:20:55.357768,581,RUST_BETTI_FLAT_DSU,3,1,0.000000e+00,1.0000e+00,0,"B0=1,B1=1_PASS"
2026-09-29T06:21:40.401654,582,DSYRK_GRAMIAN,2048,8,3.694822e-13,1.0000e+00,0,PASS
2026-09-29T06:21:40.402376,582,DYNAMIC_FWHT,2048,1,2.220446e-16,1.0000e+00,0,PASS
2026-09-29T06:21:40.404405,582,CAYLEY_BILATERAL,1024,8,8.881784e-16,1.0001e+00,0,PASS
2026-09-29T06:21:40.404966,582,RUST_BETTI_FLAT_DSU,3,1,0.000000e+00,1.0000e+00,0,"B0=1,B1=1_PASS"
2026-09-29T06:22:25.480400,583,DSYRK_GRAMIAN,4096,16,3.979039e-13,1.0000e+00,0,PASS
2026-09-29T06:22:25.481383,583,DYNAMIC_FWHT,4096,1,0.000000e+00,1.0000e+00,0,PASS
2026-09-29T06:22:25.486176,583,CAYLEY_BILATERAL,1024,16,1.332268e-15,1.0003e+00,0,PASS
2026-09-29T06:22:25.486773,583,RUST_BETTI_FLAT_DSU,3,1,0.000000e+00,1.0000e+00,0,"B0=1,B1=1_PASS"
2026-09-29T06:23:10.627143,584,DSYRK_GRAMIAN,8192,32,4.547474e-13,1.0000e+00,0,PASS
2026-09-29T06:23:10.628672,584,DYNAMIC_FWHT,8192,1,1.110223e-16,1.0000e+00,0,PASS
2026-09-29T06:23:10.642537,584,CAYLEY_BILATERAL,1024,32,1.332268e-15,1.0007e+00,0,PASS
2026-09-29T06:23:10.643080,584,RUST_BETTI_FLAT_DSU,3,1,0.000000e+00,1.0000e+00,0,"B0=1,B1=1_PASS"
2026-09-29T06:23:55.683596,585,DSYRK_GRAMIAN,2048,8,3.694822e-13,1.0000e+00,0,PASS
2026-09-29T06:23:55.684381,585,DYNAMIC_FWHT,2048,1,2.220446e-16,1.0000e+00,0,PASS
2026-09-29T06:23:55.691717,585,CAYLEY_BILATERAL,1024,8,8.881784e-16,1.0001e+00,0,PASS
2026-09-29T06:23:55.692152,585,RUST_BETTI_FLAT_DSU,3,1,0.000000e+00,1.0000e+00,0,"B0=1,B1=1_PASS"
2026-09-29T06:24:40.771547,586,DSYRK_GRAMIAN,4096,16,4.547474e-13,1.0000e+00,0,PASS
2026-09-29T06:24:40.772678,586,DYNAMIC_FWHT,4096,1,2.220446e-16,1.0000e+00,0,PASS
2026-09-29T06:24:40.780929,586,CAYLEY_BILATERAL,1024,16,8.881784e-16,1.0004e+00,0,PASS
2026-09-29T06:24:40.781416,586,RUST_BETTI_FLAT_DSU,3,1,0.000000e+00,1.0000e+00,0,"B0=1,B1=1_PASS"
2026-09-29T06:25:25.933440,587,DSYRK_GRAMIAN,8192,32,7.958079e-13,1.0000e+00,0,PASS
2026-09-29T06:25:25.935014,587,DYNAMIC_FWHT,8192,1,3.330669e-16,1.0000e+00,0,PASS
2026-09-29T06:25:25.944241,587,CAYLEY_BILATERAL,1024,32,1.554312e-15,1.0007e+00,0,PASS
2026-09-29T06:25:25.944864,587,RUST_BETTI_FLAT_DSU,3,1,0.000000e+00,1.0000e+00,0,"B0=1,B1=1_PASS"
2026-09-29T06:26:10.989717,588,DSYRK_GRAMIAN,2048,8,3.979039e-13,1.0000e+00,0,PASS
2026-09-29T06:26:10.990559,588,DYNAMIC_FWHT,2048,1,2.220446e-16,1.0000e+00,0,PASS
2026-09-29T06:26:10.992576,588,CAYLEY_BILATERAL,1024,8,6.661338e-16,1.0001e+00,0,PASS
2026-09-29T06:26:10.992963,588,RUST_BETTI_FLAT_DSU,3,1,0.000000e+00,1.0000e+00,0,"B0=1,B1=1_PASS"
2026-09-29T06:26:56.064996,589,DSYRK_GRAMIAN,4096,16,3.410605e-13,1.0000e+00,0,PASS
2026-09-29T06:26:56.066122,589,DYNAMIC_FWHT,4096,1,0.000000e+00,1.0000e+00,0,PASS
2026-09-29T06:26:56.069845,589,CAYLEY_BILATERAL,1024,16,7.771561e-16,1.0003e+00,0,PASS
2026-09-29T06:26:56.070441,589,RUST_BETTI_FLAT_DSU,3,1,0.000000e+00,1.0000e+00,0,"B0=1,B1=1_PASS"
2026-09-29T06:27:41.218251,590,DSYRK_GRAMIAN,8192,32,5.968559e-13,1.0000e+00,0,PASS
2026-09-29T06:27:41.219795,590,DYNAMIC_FWHT,8192,1,1.110223e-16,1.0000e+00,0,PASS
2026-09-29T06:27:41.233765,590,CAYLEY_BILATERAL,1024,32,1.776357e-15,1.0006e+00,0,PASS
2026-09-29T06:27:41.234313,590,RUST_BETTI_FLAT_DSU,3,1,0.000000e+00,1.0000e+00,0,"B0=1,B1=1_PASS"
2026-09-29T06:28:26.284897,591,DSYRK_GRAMIAN,2048,8,4.831691e-13,1.0000e+00,0,PASS
2026-09-29T06:28:26.286473,591,DYNAMIC_FWHT,2048,1,4.440892e-16,1.0000e+00,0,PASS
2026-09-29T06:28:26.288399,591,CAYLEY_BILATERAL,1024,8,7.771561e-16,1.0001e+00,0,PASS
2026-09-29T06:28:26.288842,591,RUST_BETTI_FLAT_DSU,3,1,0.000000e+00,1.0000e+00,0,"B0=1,B1=1_PASS"
2026-09-29T06:29:11.349166,592,DSYRK_GRAMIAN,4096,16,3.979039e-13,1.0000e+00,0,PASS
2026-09-29T06:29:11.350668,592,DYNAMIC_FWHT,4096,1,2.220446e-16,1.0000e+00,0,PASS
2026-09-29T06:29:11.358054,592,CAYLEY_BILATERAL,1024,16,6.661338e-16,1.0003e+00,0,PASS
2026-09-29T06:29:11.358451,592,RUST_BETTI_FLAT_DSU,3,1,0.000000e+00,1.0000e+00,0,"B0=1,B1=1_PASS"
2026-09-29T06:29:56.495530,593,DSYRK_GRAMIAN,8192,32,7.958079e-13,1.0000e+00,0,PASS
2026-09-29T06:29:56.496990,593,DYNAMIC_FWHT,8192,1,2.220446e-16,1.0000e+00,0,PASS
2026-09-29T06:29:56.510460,593,CAYLEY_BILATERAL,1024,32,1.554312e-15,1.0007e+00,0,PASS
2026-09-29T06:29:56.511120,593,RUST_BETTI_FLAT_DSU,3,1,0.000000e+00,1.0000e+00,0,"B0=1,B1=1_PASS"
2026-09-29T06:30:41.555699,594,DSYRK_GRAMIAN,2048,8,5.115908e-13,1.0000e+00,0,PASS
2026-09-29T06:30:41.556566,594,DYNAMIC_FWHT,2048,1,4.440892e-16,1.0000e+00,0,PASS
2026-09-29T06:30:41.558855,594,CAYLEY_BILATERAL,1024,8,6.661338e-16,1.0002e+00,0,PASS
2026-09-29T06:30:41.559320,594,RUST_BETTI_FLAT_DSU,3,1,0.000000e+00,1.0000e+00,0,"B0=1,B1=1_PASS"
2026-09-29T06:31:26.639087,595,DSYRK_GRAMIAN,4096,16,3.979039e-13,1.0000e+00,0,PASS
2026-09-29T06:31:26.640186,595,DYNAMIC_FWHT,4096,1,0.000000e+00,1.0000e+00,0,PASS
2026-09-29T06:31:26.643862,595,CAYLEY_BILATERAL,1024,16,1.221245e-15,1.0004e+00,0,PASS
2026-09-29T06:31:26.644377,595,RUST_BETTI_FLAT_DSU,3,1,0.000000e+00,1.0000e+00,0,"B0=1,B1=1_PASS"
2026-09-29T06:32:11.783755,596,DSYRK_GRAMIAN,8192,32,9.094947e-13,1.0000e+00,0,PASS
2026-09-29T06:32:11.785253,596,DYNAMIC_FWHT,8192,1,2.220446e-16,1.0000e+00,0,PASS
2026-09-29T06:32:11.799708,596,CAYLEY_BILATERAL,1024,32,2.553513e-15,1.0006e+00,0,PASS
2026-09-29T06:32:11.800300,596,RUST_BETTI_FLAT_DSU,3,1,0.000000e+00,1.0000e+00,0,"B0=1,B1=1_PASS"
2026-09-29T06:32:56.846301,597,DSYRK_GRAMIAN,2048,8,6.252776e-13,1.0000e+00,0,PASS
2026-09-29T06:32:56.847016,597,DYNAMIC_FWHT,2048,1,2.220446e-16,1.0000e+00,0,PASS
2026-09-29T06:32:56.848877,597,CAYLEY_BILATERAL,1024,8,6.661338e-16,1.0001e+00,0,PASS
2026-09-29T06:32:56.849267,597,RUST_BETTI_FLAT_DSU,3,1,0.000000e+00,1.0000e+00,0,"B0=1,B1=1_PASS"
2026-09-29T06:33:41.902236,598,DSYRK_GRAMIAN,4096,16,4.547474e-13,1.0000e+00,0,PASS
2026-09-29T06:33:41.903348,598,DYNAMIC_FWHT,4096,1,1.110223e-16,1.0000e+00,0,PASS
2026-09-29T06:33:41.907216,598,CAYLEY_BILATERAL,1024,16,1.110223e-15,1.0002e+00,0,PASS
2026-09-29T06:33:41.907716,598,RUST_BETTI_FLAT_DSU,3,1,0.000000e+00,1.0000e+00,0,"B0=1,B1=1_PASS"
2026-09-29T06:34:27.052381,599,DSYRK_GRAMIAN,8192,32,6.252776e-13,1.0000e+00,0,PASS
2026-09-29T06:34:27.053869,599,DYNAMIC_FWHT,8192,1,0.000000e+00,1.0000e+00,0,PASS
2026-09-29T06:34:27.066178,599,CAYLEY_BILATERAL,1024,32,1.887379e-15,1.0006e+00,0,PASS
2026-09-29T06:34:27.066734,599,RUST_BETTI_FLAT_DSU,3,1,0.000000e+00,1.0000e+00,0,"B0=1,B1=1_PASS"
2026-09-29T06:35:12.112953,600,DSYRK_GRAMIAN,2048,8,2.842171e-13,1.0000e+00,0,PASS
2026-09-29T06:35:12.113613,600,DYNAMIC_FWHT,2048,1,4.440892e-16,1.0000e+00,0,PASS
2026-09-29T06:35:12.115302,600,CAYLEY_BILATERAL,1024,8,7.771561e-16,1.0001e+00,0,PASS
2026-09-29T06:35:12.115692,600,RUST_BETTI_FLAT_DSU,3,1,0.000000e+00,1.0000e+00,0,"B0=1,B1=1_PASS"
2026-09-29T06:35:57.171543,601,DSYRK_GRAMIAN,4096,16,4.547474e-13,1.0000e+00,0,PASS
2026-09-29T06:35:57.172621,601,DYNAMIC_FWHT,4096,1,2.220446e-16,1.0000e+00,0,PASS
2026-09-29T06:35:57.176557,601,CAYLEY_BILATERAL,1024,16,8.881784e-16,1.0003e+00,0,PASS
2026-09-29T06:35:57.177059,601,RUST_BETTI_FLAT_DSU,3,1,0.000000e+00,1.0000e+00,0,"B0=1,B1=1_PASS"
2026-09-29T06:36:42.326107,602,DSYRK_GRAMIAN,8192,32,5.684342e-13,1.0000e+00,0,PASS
2026-09-29T06:36:42.327524,602,DYNAMIC_FWHT,8192,1,2.220446e-16,1.0000e+00,0,PASS
2026-09-29T06:36:42.341113,602,CAYLEY_BILATERAL,1024,32,1.332268e-15,1.0006e+00,0,PASS
2026-09-29T06:36:42.341689,602,RUST_BETTI_FLAT_DSU,3,1,0.000000e+00,1.0000e+00,0,"B0=1,B1=1_PASS"
2026-09-29T06:37:27.382332,603,DSYRK_GRAMIAN,2048,8,3.410605e-13,1.0000e+00,0,PASS
2026-09-29T06:37:27.383013,603,DYNAMIC_FWHT,2048,1,0.000000e+00,1.0000e+00,0,PASS
2026-09-29T06:37:27.384716,603,CAYLEY_BILATERAL,1024,8,6.661338e-16,1.0001e+00,0,PASS
2026-09-29T06:37:27.385105,603,RUST_BETTI_FLAT_DSU,3,1,0.000000e+00,1.0000e+00,0,"B0=1,B1=1_PASS"
2026-09-29T06:38:12.452606,604,DSYRK_GRAMIAN,4096,16,4.263256e-13,1.0000e+00,0,PASS
2026-09-29T06:38:12.453450,604,DYNAMIC_FWHT,4096,1,2.220446e-16,1.0000e+00,0,PASS
2026-09-29T06:38:12.457010,604,CAYLEY_BILATERAL,1024,16,1.332268e-15,1.0003e+00,0,PASS
2026-09-29T06:38:12.460428,604,RUST_BETTI_FLAT_DSU,3,1,0.000000e+00,1.0000e+00,0,"B0=1,B1=1_PASS"
2026-09-29T06:38:57.602220,605,DSYRK_GRAMIAN,8192,32,6.252776e-13,1.0000e+00,0,PASS
2026-09-29T06:38:57.603582,605,DYNAMIC_FWHT,8192,1,0.000000e+00,1.0000e+00,0,PASS
2026-09-29T06:38:57.611894,605,CAYLEY_BILATERAL,1024,32,1.776357e-15,1.0006e+00,0,PASS
2026-09-29T06:38:57.615760,605,RUST_BETTI_FLAT_DSU,3,1,0.000000e+00,1.0000e+00,0,"B0=1,B1=1_PASS"
2026-09-29T06:39:42.657667,606,DSYRK_GRAMIAN,2048,8,4.831691e-13,1.0000e+00,0,PASS
2026-09-29T06:39:42.658839,606,DYNAMIC_FWHT,2048,1,2.220446e-16,1.0000e+00,0,PASS
2026-09-29T06:39:42.660892,606,CAYLEY_BILATERAL,1024,8,5.551115e-16,1.0001e+00,0,PASS
2026-09-29T06:39:42.661304,606,RUST_BETTI_FLAT_DSU,3,1,0.000000e+00,1.0000e+00,0,"B0=1,B1=1_PASS"
2026-09-29T06:40:27.733260,607,DSYRK_GRAMIAN,4096,16,3.979039e-13,1.0000e+00,0,PASS
2026-09-29T06:40:27.734121,607,DYNAMIC_FWHT,4096,1,1.110223e-16,1.0000e+00,0,PASS
2026-09-29T06:40:27.737720,607,CAYLEY_BILATERAL,1024,16,1.221245e-15,1.0003e+00,0,PASS
2026-09-29T06:40:27.742772,607,RUST_BETTI_FLAT_DSU,3,1,0.000000e+00,1.0000e+00,0,"B0=1,B1=1_PASS"
2026-09-29T06:41:12.905276,608,DSYRK_GRAMIAN,8192,32,6.252776e-13,1.0000e+00,0,PASS
2026-09-29T06:41:12.906798,608,DYNAMIC_FWHT,8192,1,2.220446e-16,1.0000e+00,0,PASS
2026-09-29T06:41:12.920158,608,CAYLEY_BILATERAL,1024,32,8.881784e-16,1.0007e+00,0,PASS
2026-09-29T06:41:12.920726,608,RUST_BETTI_FLAT_DSU,3,1,0.000000e+00,1.0000e+00,0,"B0=1,B1=1_PASS"
2026-09-29T06:41:57.961244,609,DSYRK_GRAMIAN,2048,8,4.547474e-13,1.0000e+00,0,PASS
2026-09-29T06:41:57.962019,609,DYNAMIC_FWHT,2048,1,0.000000e+00,1.0000e+00,0,PASS
2026-09-29T06:41:57.964378,609,CAYLEY_BILATERAL,1024,8,8.881784e-16,1.0001e+00,0,PASS
2026-09-29T06:41:57.969443,609,RUST_BETTI_FLAT_DSU,3,1,0.000000e+00,1.0000e+00,0,"B0=1,B1=1_PASS"
2026-09-29T06:42:43.049840,610,DSYRK_GRAMIAN,4096,16,6.821210e-13,1.0000e+00,0,PASS
2026-09-29T06:42:43.050682,610,DYNAMIC_FWHT,4096,1,0.000000e+00,1.0000e+00,0,PASS
2026-09-29T06:42:43.057841,610,CAYLEY_BILATERAL,1024,16,9.992007e-16,1.0003e+00,0,PASS
2026-09-29T06:42:43.058401,610,RUST_BETTI_FLAT_DSU,3,1,0.000000e+00,1.0000e+00,0,"B0=1,B1=1_PASS"
2026-09-29T06:43:28.213988,611,DSYRK_GRAMIAN,8192,32,6.252776e-13,1.0000e+00,0,PASS
2026-09-29T06:43:28.215654,611,DYNAMIC_FWHT,8192,1,2.220446e-16,1.0000e+00,0,PASS
2026-09-29T06:43:28.229789,611,CAYLEY_BILATERAL,1024,32,1.443290e-15,1.0007e+00,0,PASS
2026-09-29T06:43:28.230403,611,RUST_BETTI_FLAT_DSU,3,1,0.000000e+00,1.0000e+00,0,"B0=1,B1=1_PASS"
2026-09-29T06:44:13.275653,612,DSYRK_GRAMIAN,2048,8,6.536993e-13,1.0000e+00,0,PASS
2026-09-29T06:44:13.276398,612,DYNAMIC_FWHT,2048,1,2.220446e-16,1.0000e+00,0,PASS
2026-09-29T06:44:13.283008,612,CAYLEY_BILATERAL,1024,8,1.110223e-15,1.0001e+00,0,PASS
2026-09-29T06:44:13.283437,612,RUST_BETTI_FLAT_DSU,3,1,0.000000e+00,1.0000e+00,0,"B0=1,B1=1_PASS"
2026-09-29T06:44:58.348972,613,DSYRK_GRAMIAN,4096,16,3.979039e-13,1.0000e+00,0,PASS
2026-09-29T06:44:58.350262,613,DYNAMIC_FWHT,4096,1,0.000000e+00,1.0000e+00,0,PASS
2026-09-29T06:44:58.355818,613,CAYLEY_BILATERAL,1024,16,8.881784e-16,1.0002e+00,0,PASS
2026-09-29T06:44:58.356496,613,RUST_BETTI_FLAT_DSU,3,1,0.000000e+00,1.0000e+00,0,"B0=1,B1=1_PASS"
2026-09-29T06:45:43.502155,614,DSYRK_GRAMIAN,8192,32,6.252776e-13,1.0000e+00,0,PASS
2026-09-29T06:45:43.503622,614,DYNAMIC_FWHT,8192,1,2.220446e-16,1.0000e+00,0,PASS
2026-09-29T06:45:43.515855,614,CAYLEY_BILATERAL,1024,32,1.554312e-15,1.0007e+00,0,PASS
2026-09-29T06:45:43.516424,614,RUST_BETTI_FLAT_DSU,3,1,0.000000e+00,1.0000e+00,0,"B0=1,B1=1_PASS"
2026-09-29T06:46:28.555508,615,DSYRK_GRAMIAN,2048,8,4.831691e-13,1.0000e+00,0,PASS
2026-09-29T06:46:28.556227,615,DYNAMIC_FWHT,2048,1,1.110223e-16,1.0000e+00,0,PASS
2026-09-29T06:46:28.558114,615,CAYLEY_BILATERAL,1024,8,1.332268e-15,1.0001e+00,0,PASS
2026-09-29T06:46:28.558629,615,RUST_BETTI_FLAT_DSU,3,1,0.000000e+00,1.0000e+00,0,"B0=1,B1=1_PASS"
2026-09-29T06:47:13.633059,616,DSYRK_GRAMIAN,4096,16,2.842171e-13,1.0000e+00,0,PASS
2026-09-29T06:47:13.634668,616,DYNAMIC_FWHT,4096,1,1.110223e-16,1.0000e+00,0,PASS
2026-09-29T06:47:13.639036,616,CAYLEY_BILATERAL,1024,16,8.881784e-16,1.0002e+00,0,PASS
2026-09-29T06:47:13.639416,616,RUST_BETTI_FLAT_DSU,3,1,0.000000e+00,1.0000e+00,0,"B0=1,B1=1_PASS"
2026-09-29T06:47:58.776469,617,DSYRK_GRAMIAN,8192,32,6.821210e-13,1.0000e+00,0,PASS
2026-09-29T06:47:58.777914,617,DYNAMIC_FWHT,8192,1,2.220446e-16,1.0000e+00,0,PASS
2026-09-29T06:47:58.791803,617,CAYLEY_BILATERAL,1024,32,1.332268e-15,1.0006e+00,0,PASS
2026-09-29T06:47:58.792459,617,RUST_BETTI_FLAT_DSU,3,1,0.000000e+00,1.0000e+00,0,"B0=1,B1=1_PASS"
2026-09-29T06:48:43.834874,618,DSYRK_GRAMIAN,2048,8,5.684342e-13,1.0000e+00,0,PASS
2026-09-29T06:48:43.835690,618,DYNAMIC_FWHT,2048,1,2.220446e-16,1.0000e+00,0,PASS
2026-09-29T06:48:43.837551,618,CAYLEY_BILATERAL,1024,8,1.332268e-15,1.0001e+00,0,PASS
2026-09-29T06:48:43.837962,618,RUST_BETTI_FLAT_DSU,3,1,0.000000e+00,1.0000e+00,0,"B0=1,B1=1_PASS"
2026-09-29T06:49:28.899411,619,DSYRK_GRAMIAN,4096,16,3.410605e-13,1.0000e+00,0,PASS
2026-09-29T06:49:28.900372,619,DYNAMIC_FWHT,4096,1,0.000000e+00,1.0000e+00,0,PASS
2026-09-29T06:49:28.903842,619,CAYLEY_BILATERAL,1024,16,1.443290e-15,1.0002e+00,0,PASS
2026-09-29T06:49:28.904232,619,RUST_BETTI_FLAT_DSU,3,1,0.000000e+00,1.0000e+00,0,"B0=1,B1=1_PASS"
2026-09-29T06:50:14.042374,620,DSYRK_GRAMIAN,8192,32,5.684342e-13,1.0000e+00,0,PASS
2026-09-29T06:50:14.043909,620,DYNAMIC_FWHT,8192,1,2.220446e-16,1.0000e+00,0,PASS
2026-09-29T06:50:14.057570,620,CAYLEY_BILATERAL,1024,32,1.332268e-15,1.0007e+00,0,PASS
2026-09-29T06:50:14.058253,620,RUST_BETTI_FLAT_DSU,3,1,0.000000e+00,1.0000e+00,0,"B0=1,B1=1_PASS"
2026-09-29T06:50:59.097454,621,DSYRK_GRAMIAN,2048,8,5.684342e-13,1.0000e+00,0,PASS
2026-09-29T06:50:59.098162,621,DYNAMIC_FWHT,2048,1,0.000000e+00,1.0000e+00,0,PASS
2026-09-29T06:50:59.099993,621,CAYLEY_BILATERAL,1024,8,6.661338e-16,1.0001e+00,0,PASS
2026-09-29T06:50:59.100474,621,RUST_BETTI_FLAT_DSU,3,1,0.000000e+00,1.0000e+00,0,"B0=1,B1=1_PASS"
2026-09-29T06:51:44.180798,622,DSYRK_GRAMIAN,4096,16,2.842171e-13,1.0000e+00,0,PASS
2026-09-29T06:51:44.182168,622,DYNAMIC_FWHT,4096,1,0.000000e+00,1.0000e+00,0,PASS
2026-09-29T06:51:44.185498,622,CAYLEY_BILATERAL,1024,16,9.992007e-16,1.0003e+00,0,PASS
2026-09-29T06:51:44.186141,622,RUST_BETTI_FLAT_DSU,3,1,0.000000e+00,1.0000e+00,0,"B0=1,B1=1_PASS"
2026-09-29T06:52:29.321173,623,DSYRK_GRAMIAN,8192,32,6.536993e-13,1.0000e+00,0,PASS
2026-09-29T06:52:29.322664,623,DYNAMIC_FWHT,8192,1,1.110223e-16,1.0000e+00,0,PASS
2026-09-29T06:52:29.336865,623,CAYLEY_BILATERAL,1024,32,1.110223e-15,1.0006e+00,0,PASS
2026-09-29T06:52:29.337430,623,RUST_BETTI_FLAT_DSU,3,1,0.000000e+00,1.0000e+00,0,"B0=1,B1=1_PASS"
2026-09-29T06:53:14.382024,624,DSYRK_GRAMIAN,2048,8,3.979039e-13,1.0000e+00,0,PASS
2026-09-29T06:53:14.382786,624,DYNAMIC_FWHT,2048,1,0.000000e+00,1.0000e+00,0,PASS
2026-09-29T06:53:14.389533,624,CAYLEY_BILATERAL,1024,8,8.881784e-16,1.0001e+00,0,PASS
2026-09-29T06:53:14.389928,624,RUST_BETTI_FLAT_DSU,3,1,0.000000e+00,1.0000e+00,0,"B0=1,B1=1_PASS"
2026-09-29T06:53:59.466477,625,DSYRK_GRAMIAN,4096,16,4.547474e-13,1.0000e+00,0,PASS
2026-09-29T06:53:59.467569,625,DYNAMIC_FWHT,4096,1,0.000000e+00,1.0000e+00,0,PASS
2026-09-29T06:53:59.471230,625,CAYLEY_BILATERAL,1024,16,1.332268e-15,1.0003e+00,0,PASS
2026-09-29T06:53:59.471754,625,RUST_BETTI_FLAT_DSU,3,1,0.000000e+00,1.0000e+00,0,"B0=1,B1=1_PASS"
2026-09-29T06:54:44.608883,626,DSYRK_GRAMIAN,8192,32,7.673862e-13,1.0000e+00,0,PASS
2026-09-29T06:54:44.610502,626,DYNAMIC_FWHT,8192,1,0.000000e+00,1.0000e+00,0,PASS
2026-09-29T06:54:44.622669,626,CAYLEY_BILATERAL,1024,32,1.110223e-15,1.0005e+00,0,PASS
2026-09-29T06:54:44.623255,626,RUST_BETTI_FLAT_DSU,3,1,0.000000e+00,1.0000e+00,0,"B0=1,B1=1_PASS"
2026-09-29T06:55:29.663444,627,DSYRK_GRAMIAN,2048,8,7.389644e-13,1.0000e+00,0,PASS
2026-09-29T06:55:29.664245,627,DYNAMIC_FWHT,2048,1,2.220446e-16,1.0000e+00,0,PASS
2026-09-29T06:55:29.669779,627,CAYLEY_BILATERAL,1024,8,8.881784e-16,1.0001e+00,0,PASS
2026-09-29T06:55:29.670202,627,RUST_BETTI_FLAT_DSU,3,1,0.000000e+00,1.0000e+00,0,"B0=1,B1=1_PASS"
2026-09-29T06:56:14.744510,628,DSYRK_GRAMIAN,4096,16,5.400125e-13,1.0000e+00,0,PASS
2026-09-29T06:56:14.745592,628,DYNAMIC_FWHT,4096,1,0.000000e+00,1.0000e+00,0,PASS
2026-09-29T06:56:14.749269,628,CAYLEY_BILATERAL,1024,16,1.110223e-15,1.0002e+00,0,PASS
2026-09-29T06:56:14.749667,628,RUST_BETTI_FLAT_DSU,3,1,0.000000e+00,1.0000e+00,0,"B0=1,B1=1_PASS"
2026-09-29T06:56:59.919447,629,DSYRK_GRAMIAN,8192,32,6.821210e-13,1.0000e+00,0,PASS
2026-09-29T06:56:59.920833,629,DYNAMIC_FWHT,8192,1,0.000000e+00,1.0000e+00,0,PASS
2026-09-29T06:56:59.935988,629,CAYLEY_BILATERAL,1024,32,1.332268e-15,1.0006e+00,0,PASS
2026-09-29T06:56:59.936608,629,RUST_BETTI_FLAT_DSU,3,1,0.000000e+00,1.0000e+00,0,"B0=1,B1=1_PASS"
2026-09-29T06:57:44.984772,630,DSYRK_GRAMIAN,2048,8,5.684342e-13,1.0000e+00,0,PASS
2026-09-29T06:57:44.985479,630,DYNAMIC_FWHT,2048,1,2.220446e-16,1.0000e+00,0,PASS
2026-09-29T06:57:44.987293,630,CAYLEY_BILATERAL,1024,8,8.881784e-16,1.0002e+00,0,PASS
2026-09-29T06:57:44.987685,630,RUST_BETTI_FLAT_DSU,3,1,0.000000e+00,1.0000e+00,0,"B0=1,B1=1_PASS"
2026-09-29T06:58:30.058331,631,DSYRK_GRAMIAN,4096,16,4.547474e-13,1.0000e+00,0,PASS
2026-09-29T06:58:30.059210,631,DYNAMIC_FWHT,4096,1,0.000000e+00,1.0000e+00,0,PASS
2026-09-29T06:58:30.062512,631,CAYLEY_BILATERAL,1024,16,8.881784e-16,1.0002e+00,0,PASS
2026-09-29T06:58:30.062906,631,RUST_BETTI_FLAT_DSU,3,1,0.000000e+00,1.0000e+00,0,"B0=1,B1=1_PASS"
2026-09-29T06:59:15.186468,632,DSYRK_GRAMIAN,8192,32,5.684342e-13,1.0000e+00,0,PASS
2026-09-29T06:59:15.192335,632,DYNAMIC_FWHT,8192,1,3.330669e-16,1.0000e+00,0,PASS
2026-09-29T06:59:15.202372,632,CAYLEY_BILATERAL,1024,32,1.332268e-15,1.0007e+00,0,PASS
2026-09-29T06:59:15.202921,632,RUST_BETTI_FLAT_DSU,3,1,0.000000e+00,1.0000e+00,0,"B0=1,B1=1_PASS"
2026-09-29T07:00:00.640257,633,DSYRK_GRAMIAN,2048,8,6.536993e-13,1.0000e+00,0,PASS
2026-09-29T07:00:00.641068,633,DYNAMIC_FWHT,2048,1,2.220446e-16,1.0000e+00,0,PASS
2026-09-29T07:00:00.656953,633,CAYLEY_BILATERAL,1024,8,6.661338e-16,1.0002e+00,0,PASS
2026-09-29T07:00:00.750615,633,RUST_BETTI_FLAT_DSU,3,1,0.000000e+00,1.0000e+00,0,"B0=1,B1=1_PASS"
2026-09-29T07:00:45.823691,634,DSYRK_GRAMIAN,4096,16,5.115908e-13,1.0000e+00,0,PASS
2026-09-29T07:00:45.824542,634,DYNAMIC_FWHT,4096,1,1.110223e-16,1.0000e+00,0,PASS
2026-09-29T07:00:45.827911,634,CAYLEY_BILATERAL,1024,16,1.332268e-15,1.0003e+00,0,PASS
2026-09-29T07:00:45.828464,634,RUST_BETTI_FLAT_DSU,3,1,0.000000e+00,1.0000e+00,0,"B0=1,B1=1_PASS"
2026-09-29T07:01:30.966148,635,DSYRK_GRAMIAN,8192,32,5.400125e-13,1.0000e+00,0,PASS
2026-09-29T07:01:30.967652,635,DYNAMIC_FWHT,8192,1,0.000000e+00,1.0000e+00,0,PASS
2026-09-29T07:01:30.981585,635,CAYLEY_BILATERAL,1024,32,1.554312e-15,1.0007e+00,0,PASS
2026-09-29T07:01:30.982145,635,RUST_BETTI_FLAT_DSU,3,1,0.000000e+00,1.0000e+00,0,"B0=1,B1=1_PASS"
2026-09-29T07:02:16.028505,636,DSYRK_GRAMIAN,2048,8,4.547474e-13,1.0000e+00,0,PASS
2026-09-29T07:02:16.029355,636,DYNAMIC_FWHT,2048,1,1.110223e-16,1.0000e+00,0,PASS
2026-09-29T07:02:16.031266,636,CAYLEY_BILATERAL,1024,8,1.332268e-15,1.0002e+00,0,PASS
2026-09-29T07:02:16.031735,636,RUST_BETTI_FLAT_DSU,3,1,0.000000e+00,1.0000e+00,0,"B0=1,B1=1_PASS"
2026-09-29T07:03:01.108706,637,DSYRK_GRAMIAN,4096,16,3.410605e-13,1.0000e+00,0,PASS
2026-09-29T07:03:01.109900,637,DYNAMIC_FWHT,4096,1,0.000000e+00,1.0000e+00,0,PASS
2026-09-29T07:03:01.119509,637,CAYLEY_BILATERAL,1024,16,6.661338e-16,1.0003e+00,0,PASS
2026-09-29T07:03:01.120223,637,RUST_BETTI_FLAT_DSU,3,1,0.000000e+00,1.0000e+00,0,"B0=1,B1=1_PASS"
2026-09-29T07:03:46.259147,638,DSYRK_GRAMIAN,8192,32,6.252776e-13,1.0000e+00,0,PASS
2026-09-29T07:03:46.261036,638,DYNAMIC_FWHT,8192,1,2.220446e-16,1.0000e+00,0,PASS
2026-09-29T07:03:46.273991,638,CAYLEY_BILATERAL,1024,32,1.887379e-15,1.0005e+00,0,PASS
2026-09-29T07:03:46.274577,638,RUST_BETTI_FLAT_DSU,3,1,0.000000e+00,1.0000e+00,0,"B0=1,B1=1_PASS"
2026-09-29T07:04:31.314592,639,DSYRK_GRAMIAN,2048,8,6.536993e-13,1.0000e+00,0,PASS
2026-09-29T07:04:31.315299,639,DYNAMIC_FWHT,2048,1,0.000000e+00,1.0000e+00,0,PASS
2026-09-29T07:04:31.317142,639,CAYLEY_BILATERAL,1024,8,9.992007e-16,1.0001e+00,0,PASS
2026-09-29T07:04:31.317529,639,RUST_BETTI_FLAT_DSU,3,1,0.000000e+00,1.0000e+00,0,"B0=1,B1=1_PASS"
2026-09-29T07:05:16.390890,640,DSYRK_GRAMIAN,4096,16,3.126388e-13,1.0000e+00,0,PASS
2026-09-29T07:05:16.397098,640,DYNAMIC_FWHT,4096,1,0.000000e+00,1.0000e+00,0,PASS
2026-09-29T07:05:16.400760,640,CAYLEY_BILATERAL,1024,16,1.332268e-15,1.0003e+00,0,PASS
2026-09-29T07:05:16.401170,640,RUST_BETTI_FLAT_DSU,3,1,0.000000e+00,1.0000e+00,0,"B0=1,B1=1_PASS"
2026-09-29T07:06:01.529349,641,DSYRK_GRAMIAN,8192,32,6.821210e-13,1.0000e+00,0,PASS
2026-09-29T07:06:01.531240,641,DYNAMIC_FWHT,8192,1,0.000000e+00,1.0000e+00,0,PASS
2026-09-29T07:06:01.542414,641,CAYLEY_BILATERAL,1024,32,1.554312e-15,1.0007e+00,0,PASS
2026-09-29T07:06:01.543002,641,RUST_BETTI_FLAT_DSU,3,1,0.000000e+00,1.0000e+00,0,"B0=1,B1=1_PASS"
2026-09-29T07:06:46.593292,642,DSYRK_GRAMIAN,2048,8,7.958079e-13,1.0000e+00,0,PASS
2026-09-29T07:06:46.594124,642,DYNAMIC_FWHT,2048,1,0.000000e+00,1.0000e+00,0,PASS
2026-09-29T07:06:46.596443,642,CAYLEY_BILATERAL,1024,8,6.661338e-16,1.0001e+00,0,PASS
2026-09-29T07:06:46.596915,642,RUST_BETTI_FLAT_DSU,3,1,0.000000e+00,1.0000e+00,0,"B0=1,B1=1_PASS"
2026-09-29T07:07:31.667643,643,DSYRK_GRAMIAN,4096,16,3.410605e-13,1.0000e+00,0,PASS
2026-09-29T07:07:31.668482,643,DYNAMIC_FWHT,4096,1,2.220446e-16,1.0000e+00,0,PASS
2026-09-29T07:07:31.671829,643,CAYLEY_BILATERAL,1024,16,1.554312e-15,1.0003e+00,0,PASS
2026-09-29T07:07:31.672326,643,RUST_BETTI_FLAT_DSU,3,1,0.000000e+00,1.0000e+00,0,"B0=1,B1=1_PASS"
2026-09-29T07:08:16.788310,644,DSYRK_GRAMIAN,8192,32,7.389644e-13,1.0000e+00,0,PASS
2026-09-29T07:08:16.789944,644,DYNAMIC_FWHT,8192,1,2.220446e-16,1.0000e+00,0,PASS
2026-09-29T07:08:16.800356,644,CAYLEY_BILATERAL,1024,32,1.554312e-15,1.0006e+00,0,PASS
2026-09-29T07:08:16.801012,644,RUST_BETTI_FLAT_DSU,3,1,0.000000e+00,1.0000e+00,0,"B0=1,B1=1_PASS"
2026-09-29T07:09:01.843003,645,DSYRK_GRAMIAN,2048,8,7.389644e-13,1.0000e+00,0,PASS
2026-09-29T07:09:01.843778,645,DYNAMIC_FWHT,2048,1,2.220446e-16,1.0000e+00,0,PASS
2026-09-29T07:09:01.845694,645,CAYLEY_BILATERAL,1024,8,8.881784e-16,1.0001e+00,0,PASS
2026-09-29T07:09:01.846185,645,RUST_BETTI_FLAT_DSU,3,1,0.000000e+00,1.0000e+00,0,"B0=1,B1=1_PASS"
2026-09-29T07:09:46.910897,646,DSYRK_GRAMIAN,4096,16,4.547474e-13,1.0000e+00,0,PASS
2026-09-29T07:09:46.911738,646,DYNAMIC_FWHT,4096,1,1.110223e-16,1.0000e+00,0,PASS
2026-09-29T07:09:46.915117,646,CAYLEY_BILATERAL,1024,16,9.992007e-16,1.0003e+00,0,PASS
2026-09-29T07:09:46.915557,646,RUST_BETTI_FLAT_DSU,3,1,0.000000e+00,1.0000e+00,0,"B0=1,B1=1_PASS"
2026-09-29T07:10:32.052280,647,DSYRK_GRAMIAN,8192,32,5.115908e-13,1.0000e+00,0,PASS
2026-09-29T07:10:32.053710,647,DYNAMIC_FWHT,8192,1,2.220446e-16,1.0000e+00,0,PASS
2026-09-29T07:10:32.067310,647,CAYLEY_BILATERAL,1024,32,1.887379e-15,1.0007e+00,0,PASS
2026-09-29T07:10:32.067860,647,RUST_BETTI_FLAT_DSU,3,1,0.000000e+00,1.0000e+00,0,"B0=1,B1=1_PASS"
2026-09-29T07:11:17.102776,648,DSYRK_GRAMIAN,2048,8,6.252776e-13,1.0000e+00,0,PASS
2026-09-29T07:11:17.103531,648,DYNAMIC_FWHT,2048,1,2.220446e-16,1.0000e+00,0,PASS
2026-09-29T07:11:17.105487,648,CAYLEY_BILATERAL,1024,8,8.881784e-16,1.0001e+00,0,PASS
2026-09-29T07:11:17.105905,648,RUST_BETTI_FLAT_DSU,3,1,0.000000e+00,1.0000e+00,0,"B0=1,B1=1_PASS"
2026-09-29T07:12:02.178084,649,DSYRK_GRAMIAN,4096,16,5.115908e-13,1.0000e+00,0,PASS
2026-09-29T07:12:02.178920,649,DYNAMIC_FWHT,4096,1,0.000000e+00,1.0000e+00,0,PASS
2026-09-29T07:12:02.182268,649,CAYLEY_BILATERAL,1024,16,8.881784e-16,1.0003e+00,0,PASS
2026-09-29T07:12:02.182827,649,RUST_BETTI_FLAT_DSU,3,1,0.000000e+00,1.0000e+00,0,"B0=1,B1=1_PASS"
2026-09-29T07:12:47.318257,650,DSYRK_GRAMIAN,8192,32,6.252776e-13,1.0000e+00,0,PASS
2026-09-29T07:12:47.319715,650,DYNAMIC_FWHT,8192,1,2.220446e-16,1.0000e+00,0,PASS
2026-09-29T07:12:47.334415,650,CAYLEY_BILATERAL,1024,32,1.665335e-15,1.0005e+00,0,PASS
2026-09-29T07:12:47.334996,650,RUST_BETTI_FLAT_DSU,3,1,0.000000e+00,1.0000e+00,0,"B0=1,B1=1_PASS"
2026-09-29T07:13:32.376434,651,DSYRK_GRAMIAN,2048,8,4.547474e-13,1.0000e+00,0,PASS
2026-09-29T07:13:32.381484,651,DYNAMIC_FWHT,2048,1,0.000000e+00,1.0000e+00,0,PASS
2026-09-29T07:13:32.383887,651,CAYLEY_BILATERAL,1024,8,8.881784e-16,1.0001e+00,0,PASS
2026-09-29T07:13:32.384334,651,RUST_BETTI_FLAT_DSU,3,1,0.000000e+00,1.0000e+00,0,"B0=1,B1=1_PASS"
2026-09-29T07:14:17.462700,652,DSYRK_GRAMIAN,4096,16,3.694822e-13,1.0000e+00,0,PASS
2026-09-29T07:14:17.463868,652,DYNAMIC_FWHT,4096,1,1.110223e-16,1.0000e+00,0,PASS
2026-09-29T07:14:17.472116,652,CAYLEY_BILATERAL,1024,16,6.661338e-16,1.0003e+00,0,PASS
2026-09-29T07:14:17.472519,652,RUST_BETTI_FLAT_DSU,3,1,0.000000e+00,1.0000e+00,0,"B0=1,B1=1_PASS"
2026-09-29T07:15:02.617469,653,DSYRK_GRAMIAN,8192,32,8.242296e-13,1.0000e+00,0,PASS
2026-09-29T07:15:02.618972,653,DYNAMIC_FWHT,8192,1,1.110223e-16,1.0000e+00,0,PASS
2026-09-29T07:15:02.631084,653,CAYLEY_BILATERAL,1024,32,1.998401e-15,1.0006e+00,0,PASS
2026-09-29T07:15:02.631660,653,RUST_BETTI_FLAT_DSU,3,1,0.000000e+00,1.0000e+00,0,"B0=1,B1=1_PASS"
2026-09-29T07:15:47.670199,654,DSYRK_GRAMIAN,2048,8,2.842171e-13,1.0000e+00,0,PASS
2026-09-29T07:15:47.671061,654,DYNAMIC_FWHT,2048,1,1.110223e-16,1.0000e+00,0,PASS
2026-09-29T07:15:47.673150,654,CAYLEY_BILATERAL,1024,8,7.771561e-16,1.0001e+00,0,PASS
2026-09-29T07:15:47.673604,654,RUST_BETTI_FLAT_DSU,3,1,0.000000e+00,1.0000e+00,0,"B0=1,B1=1_PASS"
2026-09-29T07:16:32.750003,655,DSYRK_GRAMIAN,4096,16,2.842171e-13,1.0000e+00,0,PASS
2026-09-29T07:16:32.751183,655,DYNAMIC_FWHT,4096,1,1.110223e-16,1.0000e+00,0,PASS
2026-09-29T07:16:32.754890,655,CAYLEY_BILATERAL,1024,16,9.992007e-16,1.0003e+00,0,PASS
2026-09-29T07:16:32.755293,655,RUST_BETTI_FLAT_DSU,3,1,0.000000e+00,1.0000e+00,0,"B0=1,B1=1_PASS"
2026-09-29T07:17:17.942905,656,DSYRK_GRAMIAN,8192,32,5.684342e-13,1.0000e+00,0,PASS
2026-09-29T07:17:17.944938,656,DYNAMIC_FWHT,8192,1,1.110223e-16,1.0000e+00,0,PASS
2026-09-29T07:17:17.961884,656,CAYLEY_BILATERAL,1024,32,1.998401e-15,1.0006e+00,0,PASS
2026-09-29T07:17:17.962605,656,RUST_BETTI_FLAT_DSU,3,1,0.000000e+00,1.0000e+00,0,"B0=1,B1=1_PASS"
2026-09-29T07:18:02.996038,657,DSYRK_GRAMIAN,2048,8,6.821210e-13,1.0000e+00,0,PASS
2026-09-29T07:18:02.996715,657,DYNAMIC_FWHT,2048,1,4.440892e-16,1.0000e+00,0,PASS
2026-09-29T07:18:02.998451,657,CAYLEY_BILATERAL,1024,8,8.881784e-16,1.0001e+00,0,PASS
2026-09-29T07:18:02.998841,657,RUST_BETTI_FLAT_DSU,3,1,0.000000e+00,1.0000e+00,0,"B0=1,B1=1_PASS"
2026-09-29T07:18:48.054907,658,DSYRK_GRAMIAN,4096,16,2.273737e-13,1.0000e+00,0,PASS
2026-09-29T07:18:48.055874,658,DYNAMIC_FWHT,4096,1,1.110223e-16,1.0000e+00,0,PASS
2026-09-29T07:18:48.064340,658,CAYLEY_BILATERAL,1024,16,8.881784e-16,1.0003e+00,0,PASS
2026-09-29T07:18:48.064798,658,RUST_BETTI_FLAT_DSU,3,1,0.000000e+00,1.0000e+00,0,"B0=1,B1=1_PASS"
2026-09-29T07:19:33.210026,659,DSYRK_GRAMIAN,8192,32,9.094947e-13,1.0000e+00,0,PASS
2026-09-29T07:19:33.211409,659,DYNAMIC_FWHT,8192,1,0.000000e+00,1.0000e+00,0,PASS
2026-09-29T07:19:33.224327,659,CAYLEY_BILATERAL,1024,32,1.554312e-15,1.0006e+00,0,PASS
2026-09-29T07:19:33.224925,659,RUST_BETTI_FLAT_DSU,3,1,0.000000e+00,1.0000e+00,0,"B0=1,B1=1_PASS"
2026-09-29T07:20:18.264346,660,DSYRK_GRAMIAN,2048,8,9.663381e-13,1.0000e+00,0,PASS
2026-09-29T07:20:18.265041,660,DYNAMIC_FWHT,2048,1,2.220446e-16,1.0000e+00,0,PASS
2026-09-29T07:20:18.267256,660,CAYLEY_BILATERAL,1024,8,8.881784e-16,1.0001e+00,0,PASS
2026-09-29T07:20:18.267925,660,RUST_BETTI_FLAT_DSU,3,1,0.000000e+00,1.0000e+00,0,"B0=1,B1=1_PASS"
2026-09-29T07:21:03.336183,661,DSYRK_GRAMIAN,4096,16,6.252776e-13,1.0000e+00,0,PASS
2026-09-29T07:21:03.337017,661,DYNAMIC_FWHT,4096,1,2.220446e-16,1.0000e+00,0,PASS
2026-09-29T07:21:03.344212,661,CAYLEY_BILATERAL,1024,16,1.554312e-15,1.0003e+00,0,PASS
2026-09-29T07:21:03.344816,661,RUST_BETTI_FLAT_DSU,3,1,0.000000e+00,1.0000e+00,0,"B0=1,B1=1_PASS"
2026-09-29T07:21:48.491831,662,DSYRK_GRAMIAN,8192,32,5.115908e-13,1.0000e+00,0,PASS
2026-09-29T07:21:48.493360,662,DYNAMIC_FWHT,8192,1,3.330669e-16,1.0000e+00,0,PASS
2026-09-29T07:21:48.506899,662,CAYLEY_BILATERAL,1024,32,1.554312e-15,1.0007e+00,0,PASS
2026-09-29T07:21:48.507473,662,RUST_BETTI_FLAT_DSU,3,1,0.000000e+00,1.0000e+00,0,"B0=1,B1=1_PASS"
2026-09-29T07:22:33.555220,663,DSYRK_GRAMIAN,2048,8,9.379164e-13,1.0000e+00,0,PASS
2026-09-29T07:22:33.555876,663,DYNAMIC_FWHT,2048,1,1.110223e-16,1.0000e+00,0,PASS
2026-09-29T07:22:33.557505,663,CAYLEY_BILATERAL,1024,8,8.881784e-16,1.0001e+00,0,PASS
2026-09-29T07:22:33.557888,663,RUST_BETTI_FLAT_DSU,3,1,0.000000e+00,1.0000e+00,0,"B0=1,B1=1_PASS"
2026-09-29T07:23:18.617347,664,DSYRK_GRAMIAN,4096,16,4.547474e-13,1.0000e+00,0,PASS
2026-09-29T07:23:18.618544,664,DYNAMIC_FWHT,4096,1,1.110223e-16,1.0000e+00,0,PASS
2026-09-29T07:23:18.626727,664,CAYLEY_BILATERAL,1024,16,1.110223e-15,1.0002e+00,0,PASS
2026-09-29T07:23:18.627194,664,RUST_BETTI_FLAT_DSU,3,1,0.000000e+00,1.0000e+00,0,"B0=1,B1=1_PASS"
2026-09-29T07:24:03.763218,665,DSYRK_GRAMIAN,8192,32,7.389644e-13,1.0000e+00,0,PASS
2026-09-29T07:24:03.764805,665,DYNAMIC_FWHT,8192,1,2.220446e-16,1.0000e+00,0,PASS
2026-09-29T07:24:03.773848,665,CAYLEY_BILATERAL,1024,32,1.776357e-15,1.0006e+00,0,PASS
2026-09-29T07:24:03.774650,665,RUST_BETTI_FLAT_DSU,3,1,0.000000e+00,1.0000e+00,0,"B0=1,B1=1_PASS"
2026-09-29T07:24:48.823949,666,DSYRK_GRAMIAN,2048,8,9.663381e-13,1.0000e+00,0,PASS
2026-09-29T07:24:48.825211,666,DYNAMIC_FWHT,2048,1,1.110223e-16,1.0000e+00,0,PASS
2026-09-29T07:24:48.827933,666,CAYLEY_BILATERAL,1024,8,1.110223e-15,1.0002e+00,0,PASS
2026-09-29T07:24:48.828454,666,RUST_BETTI_FLAT_DSU,3,1,0.000000e+00,1.0000e+00,0,"B0=1,B1=1_PASS"
2026-09-29T07:25:33.894773,667,DSYRK_GRAMIAN,4096,16,4.547474e-13,1.0000e+00,0,PASS
2026-09-29T07:25:33.895865,667,DYNAMIC_FWHT,4096,1,0.000000e+00,1.0000e+00,0,PASS
2026-09-29T07:25:33.899544,667,CAYLEY_BILATERAL,1024,16,9.992007e-16,1.0003e+00,0,PASS
2026-09-29T07:25:33.899949,667,RUST_BETTI_FLAT_DSU,3,1,0.000000e+00,1.0000e+00,0,"B0=1,B1=1_PASS"
2026-09-29T07:26:19.024251,668,DSYRK_GRAMIAN,8192,32,7.673862e-13,1.0000e+00,0,PASS
2026-09-29T07:26:19.026472,668,DYNAMIC_FWHT,8192,1,2.220446e-16,1.0000e+00,0,PASS
2026-09-29T07:26:19.037026,668,CAYLEY_BILATERAL,1024,32,1.776357e-15,1.0006e+00,0,PASS
2026-09-29T07:26:19.037648,668,RUST_BETTI_FLAT_DSU,3,1,0.000000e+00,1.0000e+00,0,"B0=1,B1=1_PASS"
2026-09-29T07:27:04.088360,669,DSYRK_GRAMIAN,2048,8,7.389644e-13,1.0000e+00,0,PASS
2026-09-29T07:27:04.089177,669,DYNAMIC_FWHT,2048,1,2.220446e-16,1.0000e+00,0,PASS
2026-09-29T07:27:04.091487,669,CAYLEY_BILATERAL,1024,8,4.440892e-16,1.0001e+00,0,PASS
2026-09-29T07:27:04.091955,669,RUST_BETTI_FLAT_DSU,3,1,0.000000e+00,1.0000e+00,0,"B0=1,B1=1_PASS"
2026-09-29T07:27:49.160314,670,DSYRK_GRAMIAN,4096,16,3.410605e-13,1.0000e+00,0,PASS
2026-09-29T07:27:49.161389,670,DYNAMIC_FWHT,4096,1,2.220446e-16,1.0000e+00,0,PASS
2026-09-29T07:27:49.169916,670,CAYLEY_BILATERAL,1024,16,1.332268e-15,1.0003e+00,0,PASS
2026-09-29T07:27:49.170358,670,RUST_BETTI_FLAT_DSU,3,1,0.000000e+00,1.0000e+00,0,"B0=1,B1=1_PASS"
2026-09-29T07:28:34.302195,671,DSYRK_GRAMIAN,8192,32,4.547474e-13,1.0000e+00,0,PASS
2026-09-29T07:28:34.307014,671,DYNAMIC_FWHT,8192,1,2.220446e-16,1.0000e+00,0,PASS
2026-09-29T07:28:34.315938,671,CAYLEY_BILATERAL,1024,32,1.554312e-15,1.0006e+00,0,PASS
2026-09-29T07:28:34.316500,671,RUST_BETTI_FLAT_DSU,3,1,0.000000e+00,1.0000e+00,0,"B0=1,B1=1_PASS"
2026-09-29T07:29:19.356137,672,DSYRK_GRAMIAN,2048,8,5.115908e-13,1.0000e+00,0,PASS
2026-09-29T07:29:19.357063,672,DYNAMIC_FWHT,2048,1,1.110223e-16,1.0000e+00,0,PASS
2026-09-29T07:29:19.363102,672,CAYLEY_BILATERAL,1024,8,4.440892e-16,1.0001e+00,0,PASS
2026-09-29T07:29:19.363590,672,RUST_BETTI_FLAT_DSU,3,1,0.000000e+00,1.0000e+00,0,"B0=1,B1=1_PASS"
2026-09-29T07:30:04.438127,673,DSYRK_GRAMIAN,4096,16,6.821210e-13,1.0000e+00,0,PASS
2026-09-29T07:30:04.438963,673,DYNAMIC_FWHT,4096,1,0.000000e+00,1.0000e+00,0,PASS
2026-09-29T07:30:04.476393,673,CAYLEY_BILATERAL,1024,16,1.332268e-15,1.0003e+00,0,PASS
2026-09-29T07:30:04.477018,673,RUST_BETTI_FLAT_DSU,3,1,0.000000e+00,1.0000e+00,0,"B0=1,B1=1_PASS"
2026-09-29T07:30:49.630401,674,DSYRK_GRAMIAN,8192,32,5.684342e-13,1.0000e+00,0,PASS
2026-09-29T07:30:49.632003,674,DYNAMIC_FWHT,8192,1,1.110223e-16,1.0000e+00,0,PASS
2026-09-29T07:30:49.645703,674,CAYLEY_BILATERAL,1024,32,8.881784e-16,1.0007e+00,0,PASS
2026-09-29T07:30:49.646200,674,RUST_BETTI_FLAT_DSU,3,1,0.000000e+00,1.0000e+00,0,"B0=1,B1=1_PASS"
2026-09-29T07:31:34.671154,675,DSYRK_GRAMIAN,2048,8,5.968559e-13,1.0000e+00,0,PASS
2026-09-29T07:31:34.672035,675,DYNAMIC_FWHT,2048,1,0.000000e+00,1.0000e+00,0,PASS
2026-09-29T07:31:34.675031,675,CAYLEY_BILATERAL,1024,8,8.881784e-16,1.0001e+00,0,PASS
2026-09-29T07:31:34.675772,675,RUST_BETTI_FLAT_DSU,3,1,0.000000e+00,1.0000e+00,0,"B0=1,B1=1_PASS"
2026-09-29T07:32:19.748402,676,DSYRK_GRAMIAN,4096,16,5.115908e-13,1.0000e+00,0,PASS
2026-09-29T07:32:19.749271,676,DYNAMIC_FWHT,4096,1,0.000000e+00,1.0000e+00,0,PASS
2026-09-29T07:32:19.752688,676,CAYLEY_BILATERAL,1024,16,6.661338e-16,1.0003e+00,0,PASS
2026-09-29T07:32:19.753257,676,RUST_BETTI_FLAT_DSU,3,1,0.000000e+00,1.0000e+00,0,"B0=1,B1=1_PASS"
2026-09-29T07:33:04.894366,677,DSYRK_GRAMIAN,8192,32,6.536993e-13,1.0000e+00,0,PASS
2026-09-29T07:33:04.895921,677,DYNAMIC_FWHT,8192,1,4.440892e-16,1.0000e+00,0,PASS
2026-09-29T07:33:04.908775,677,CAYLEY_BILATERAL,1024,32,2.220446e-15,1.0007e+00,0,PASS
2026-09-29T07:33:04.909373,677,RUST_BETTI_FLAT_DSU,3,1,0.000000e+00,1.0000e+00,0,"B0=1,B1=1_PASS"
2026-09-29T07:33:49.950982,678,DSYRK_GRAMIAN,2048,8,4.831691e-13,1.0000e+00,0,PASS
2026-09-29T07:33:49.951822,678,DYNAMIC_FWHT,2048,1,2.220446e-16,1.0000e+00,0,PASS
2026-09-29T07:33:49.957872,678,CAYLEY_BILATERAL,1024,8,6.661338e-16,1.0001e+00,0,PASS
2026-09-29T07:33:49.958422,678,RUST_BETTI_FLAT_DSU,3,1,0.000000e+00,1.0000e+00,0,"B0=1,B1=1_PASS"
2026-09-29T07:34:35.029096,679,DSYRK_GRAMIAN,4096,16,3.979039e-13,1.0000e+00,0,PASS
2026-09-29T07:34:35.030218,679,DYNAMIC_FWHT,4096,1,2.220446e-16,1.0000e+00,0,PASS
2026-09-29T07:34:35.033929,679,CAYLEY_BILATERAL,1024,16,1.110223e-15,1.0002e+00,0,PASS
2026-09-29T07:34:35.034322,679,RUST_BETTI_FLAT_DSU,3,1,0.000000e+00,1.0000e+00,0,"B0=1,B1=1_PASS"
2026-09-29T07:35:20.188814,680,DSYRK_GRAMIAN,8192,32,7.958079e-13,1.0000e+00,0,PASS
2026-09-29T07:35:20.190174,680,DYNAMIC_FWHT,8192,1,0.000000e+00,1.0000e+00,0,PASS
2026-09-29T07:35:20.203733,680,CAYLEY_BILATERAL,1024,32,2.220446e-15,1.0006e+00,0,PASS
2026-09-29T07:35:20.204283,680,RUST_BETTI_FLAT_DSU,3,1,0.000000e+00,1.0000e+00,0,"B0=1,B1=1_PASS"
2026-09-29T07:36:05.254137,681,DSYRK_GRAMIAN,2048,8,5.115908e-13,1.0000e+00,0,PASS
2026-09-29T07:36:05.255058,681,DYNAMIC_FWHT,2048,1,0.000000e+00,1.0000e+00,0,PASS
2026-09-29T07:36:05.257443,681,CAYLEY_BILATERAL,1024,8,9.992007e-16,1.0001e+00,0,PASS
2026-09-29T07:36:05.257919,681,RUST_BETTI_FLAT_DSU,3,1,0.000000e+00,1.0000e+00,0,"B0=1,B1=1_PASS"
2026-09-29T07:36:50.328752,682,DSYRK_GRAMIAN,4096,16,4.547474e-13,1.0000e+00,0,PASS
2026-09-29T07:36:50.329624,682,DYNAMIC_FWHT,4096,1,0.000000e+00,1.0000e+00,0,PASS
2026-09-29T07:36:50.332983,682,CAYLEY_BILATERAL,1024,16,8.881784e-16,1.0003e+00,0,PASS
2026-09-29T07:36:50.333379,682,RUST_BETTI_FLAT_DSU,3,1,0.000000e+00,1.0000e+00,0,"B0=1,B1=1_PASS"
2026-09-29T07:37:35.470654,683,DSYRK_GRAMIAN,8192,32,5.968559e-13,1.0000e+00,0,PASS
2026-09-29T07:37:35.472037,683,DYNAMIC_FWHT,8192,1,1.110223e-16,1.0000e+00,0,PASS
2026-09-29T07:37:35.485385,683,CAYLEY_BILATERAL,1024,32,1.332268e-15,1.0007e+00,0,PASS
2026-09-29T07:37:35.486153,683,RUST_BETTI_FLAT_DSU,3,1,0.000000e+00,1.0000e+00,0,"B0=1,B1=1_PASS"
2026-09-29T07:38:20.526183,684,DSYRK_GRAMIAN,2048,8,4.831691e-13,1.0000e+00,0,PASS
2026-09-29T07:38:20.526947,684,DYNAMIC_FWHT,2048,1,1.110223e-16,1.0000e+00,0,PASS
2026-09-29T07:38:20.528970,684,CAYLEY_BILATERAL,1024,8,1.221245e-15,1.0001e+00,0,PASS
2026-09-29T07:38:20.529529,684,RUST_BETTI_FLAT_DSU,3,1,0.000000e+00,1.0000e+00,0,"B0=1,B1=1_PASS"
2026-09-29T07:39:05.611519,685,DSYRK_GRAMIAN,4096,16,5.684342e-13,1.0000e+00,0,PASS
2026-09-29T07:39:05.612620,685,DYNAMIC_FWHT,4096,1,0.000000e+00,1.0000e+00,0,PASS
2026-09-29T07:39:05.616271,685,CAYLEY_BILATERAL,1024,16,8.881784e-16,1.0002e+00,0,PASS
2026-09-29T07:39:05.616678,685,RUST_BETTI_FLAT_DSU,3,1,0.000000e+00,1.0000e+00,0,"B0=1,B1=1_PASS"
2026-09-29T07:39:50.762646,686,DSYRK_GRAMIAN,8192,32,7.958079e-13,1.0000e+00,0,PASS
2026-09-29T07:39:50.763980,686,DYNAMIC_FWHT,8192,1,0.000000e+00,1.0000e+00,0,PASS
2026-09-29T07:39:50.777350,686,CAYLEY_BILATERAL,1024,32,1.554312e-15,1.0006e+00,0,PASS
2026-09-29T07:39:50.778036,686,RUST_BETTI_FLAT_DSU,3,1,0.000000e+00,1.0000e+00,0,"B0=1,B1=1_PASS"
2026-09-29T07:40:35.832477,687,DSYRK_GRAMIAN,2048,8,5.684342e-13,1.0000e+00,0,PASS
2026-09-29T07:40:35.833497,687,DYNAMIC_FWHT,2048,1,2.220446e-16,1.0000e+00,0,PASS
2026-09-29T07:40:35.836113,687,CAYLEY_BILATERAL,1024,8,8.881784e-16,1.0002e+00,0,PASS
2026-09-29T07:40:35.836792,687,RUST_BETTI_FLAT_DSU,3,1,0.000000e+00,1.0000e+00,0,"B0=1,B1=1_PASS"
2026-09-29T07:41:20.897240,688,DSYRK_GRAMIAN,4096,16,3.410605e-13,1.0000e+00,0,PASS
2026-09-29T07:41:20.902966,688,DYNAMIC_FWHT,4096,1,0.000000e+00,1.0000e+00,0,PASS
2026-09-29T07:41:20.906511,688,CAYLEY_BILATERAL,1024,16,1.110223e-15,1.0003e+00,0,PASS
2026-09-29T07:41:20.907064,688,RUST_BETTI_FLAT_DSU,3,1,0.000000e+00,1.0000e+00,0,"B0=1,B1=1_PASS"
2026-09-29T07:42:06.041968,689,DSYRK_GRAMIAN,8192,32,5.684342e-13,1.0000e+00,0,PASS
2026-09-29T07:42:06.043507,689,DYNAMIC_FWHT,8192,1,1.110223e-16,1.0000e+00,0,PASS
2026-09-29T07:42:06.059279,689,CAYLEY_BILATERAL,1024,32,1.554312e-15,1.0008e+00,0,PASS
2026-09-29T07:42:06.059775,689,RUST_BETTI_FLAT_DSU,3,1,0.000000e+00,1.0000e+00,0,"B0=1,B1=1_PASS"
2026-09-29T07:42:51.103982,690,DSYRK_GRAMIAN,2048,8,5.968559e-13,1.0000e+00,0,PASS
2026-09-29T07:42:51.104663,690,DYNAMIC_FWHT,2048,1,2.220446e-16,1.0000e+00,0,PASS
2026-09-29T07:42:51.106436,690,CAYLEY_BILATERAL,1024,8,1.110223e-15,1.0001e+00,0,PASS
2026-09-29T07:42:51.106821,690,RUST_BETTI_FLAT_DSU,3,1,0.000000e+00,1.0000e+00,0,"B0=1,B1=1_PASS"
2026-09-29T07:43:36.189213,691,DSYRK_GRAMIAN,4096,16,2.842171e-13,1.0000e+00,0,PASS
2026-09-29T07:43:36.190330,691,DYNAMIC_FWHT,4096,1,0.000000e+00,1.0000e+00,0,PASS
2026-09-29T07:43:36.193951,691,CAYLEY_BILATERAL,1024,16,1.665335e-15,1.0002e+00,0,PASS
2026-09-29T07:43:36.194394,691,RUST_BETTI_FLAT_DSU,3,1,0.000000e+00,1.0000e+00,0,"B0=1,B1=1_PASS"
2026-09-29T07:44:21.345163,692,DSYRK_GRAMIAN,8192,32,6.252776e-13,1.0000e+00,0,PASS
2026-09-29T07:44:21.346568,692,DYNAMIC_FWHT,8192,1,4.440892e-16,1.0000e+00,0,PASS
2026-09-29T07:44:21.360201,692,CAYLEY_BILATERAL,1024,32,1.332268e-15,1.0007e+00,0,PASS
2026-09-29T07:44:21.360769,692,RUST_BETTI_FLAT_DSU,3,1,0.000000e+00,1.0000e+00,0,"B0=1,B1=1_PASS"
2026-09-29T07:45:06.400567,693,DSYRK_GRAMIAN,2048,8,4.831691e-13,1.0000e+00,0,PASS
2026-09-29T07:45:06.401387,693,DYNAMIC_FWHT,2048,1,4.440892e-16,1.0000e+00,0,PASS
2026-09-29T07:45:06.410586,693,CAYLEY_BILATERAL,1024,8,1.332268e-15,1.0001e+00,0,PASS
2026-09-29T07:45:06.411265,693,RUST_BETTI_FLAT_DSU,3,1,0.000000e+00,1.0000e+00,0,"B0=1,B1=1_PASS"
2026-09-29T07:45:51.535208,694,DSYRK_GRAMIAN,4096,16,5.400125e-13,1.0000e+00,0,PASS
2026-09-29T07:45:51.536327,694,DYNAMIC_FWHT,4096,1,1.110223e-16,1.0000e+00,0,PASS
2026-09-29T07:45:51.540049,694,CAYLEY_BILATERAL,1024,16,1.221245e-15,1.0003e+00,0,PASS
2026-09-29T07:45:51.540443,694,RUST_BETTI_FLAT_DSU,3,1,0.000000e+00,1.0000e+00,0,"B0=1,B1=1_PASS"
2026-09-29T07:46:36.675020,695,DSYRK_GRAMIAN,8192,32,7.105427e-13,1.0000e+00,0,PASS
2026-09-29T07:46:36.676513,695,DYNAMIC_FWHT,8192,1,2.220446e-16,1.0000e+00,0,PASS
2026-09-29T07:46:36.689896,695,CAYLEY_BILATERAL,1024,32,1.776357e-15,1.0006e+00,0,PASS
2026-09-29T07:46:36.690474,695,RUST_BETTI_FLAT_DSU,3,1,0.000000e+00,1.0000e+00,0,"B0=1,B1=1_PASS"
2026-09-29T07:47:21.725885,696,DSYRK_GRAMIAN,2048,8,6.536993e-13,1.0000e+00,0,PASS
2026-09-29T07:47:21.726573,696,DYNAMIC_FWHT,2048,1,4.440892e-16,1.0000e+00,0,PASS
2026-09-29T07:47:21.728375,696,CAYLEY_BILATERAL,1024,8,7.771561e-16,1.0001e+00,0,PASS
2026-09-29T07:47:21.728805,696,RUST_BETTI_FLAT_DSU,3,1,0.000000e+00,1.0000e+00,0,"B0=1,B1=1_PASS"
2026-09-29T07:48:07.022649,697,DSYRK_GRAMIAN,4096,16,5.115908e-13,1.0000e+00,0,PASS
2026-09-29T07:48:07.023669,697,DYNAMIC_FWHT,4096,1,1.110223e-16,1.0000e+00,0,PASS
2026-09-29T07:48:07.405821,697,CAYLEY_BILATERAL,1024,16,8.881784e-16,1.0003e+00,0,PASS
2026-09-29T07:48:07.420343,697,RUST_BETTI_FLAT_DSU,3,1,0.000000e+00,1.0000e+00,0,"B0=1,B1=1_PASS"
2026-09-29T07:48:52.574915,698,DSYRK_GRAMIAN,8192,32,9.663381e-13,1.0000e+00,0,PASS
2026-09-29T07:48:52.576339,698,DYNAMIC_FWHT,8192,1,0.000000e+00,1.0000e+00,0,PASS
2026-09-29T07:48:52.589498,698,CAYLEY_BILATERAL,1024,32,1.332268e-15,1.0007e+00,0,PASS
2026-09-29T07:48:52.590093,698,RUST_BETTI_FLAT_DSU,3,1,0.000000e+00,1.0000e+00,0,"B0=1,B1=1_PASS"
2026-09-29T07:49:37.625122,699,DSYRK_GRAMIAN,2048,8,5.115908e-13,1.0000e+00,0,PASS
2026-09-29T07:49:37.625871,699,DYNAMIC_FWHT,2048,1,2.220446e-16,1.0000e+00,0,PASS
2026-09-29T07:49:37.628271,699,CAYLEY_BILATERAL,1024,8,8.881784e-16,1.0001e+00,0,PASS
2026-09-29T07:49:37.628713,699,RUST_BETTI_FLAT_DSU,3,1,0.000000e+00,1.0000e+00,0,"B0=1,B1=1_PASS"
2026-09-29T07:50:22.699250,700,DSYRK_GRAMIAN,4096,16,3.979039e-13,1.0000e+00,0,PASS
2026-09-29T07:50:22.700339,700,DYNAMIC_FWHT,4096,1,0.000000e+00,1.0000e+00,0,PASS
2026-09-29T07:50:22.704261,700,CAYLEY_BILATERAL,1024,16,1.332268e-15,1.0003e+00,0,PASS
2026-09-29T07:50:22.708120,700,RUST_BETTI_FLAT_DSU,3,1,0.000000e+00,1.0000e+00,0,"B0=1,B1=1_PASS"
2026-09-29T07:51:14.469799,701,DSYRK_GRAMIAN,8192,32,6.252776e-13,1.0000e+00,0,PASS
2026-09-29T07:51:14.471429,701,DYNAMIC_FWHT,8192,1,2.220446e-16,1.0000e+00,0,PASS
2026-09-29T07:51:15.171342,701,CAYLEY_BILATERAL,1024,32,1.443290e-15,1.0006e+00,0,PASS
2026-09-29T07:51:15.172109,701,RUST_BETTI_FLAT_DSU,3,1,0.000000e+00,1.0000e+00,0,"B0=1,B1=1_PASS"
2026-09-29T07:52:00.509531,702,DSYRK_GRAMIAN,2048,8,5.400125e-13,1.0000e+00,0,PASS
2026-09-29T07:52:00.510302,702,DYNAMIC_FWHT,2048,1,2.220446e-16,1.0000e+00,0,PASS
2026-09-29T07:52:00.556082,702,CAYLEY_BILATERAL,1024,8,8.881784e-16,1.0001e+00,0,PASS
2026-09-29T07:52:00.556621,702,RUST_BETTI_FLAT_DSU,3,1,0.000000e+00,1.0000e+00,0,"B0=1,B1=1_PASS"
2026-09-29T07:52:45.659802,703,DSYRK_GRAMIAN,4096,16,3.979039e-13,1.0000e+00,0,PASS
2026-09-29T07:52:45.661353,703,DYNAMIC_FWHT,4096,1,0.000000e+00,1.0000e+00,0,PASS
2026-09-29T07:52:45.671825,703,CAYLEY_BILATERAL,1024,16,1.443290e-15,1.0003e+00,0,PASS
2026-09-29T07:52:45.672330,703,RUST_BETTI_FLAT_DSU,3,1,0.000000e+00,1.0000e+00,0,"B0=1,B1=1_PASS"
2026-09-29T07:53:30.863973,704,DSYRK_GRAMIAN,8192,32,4.547474e-13,1.0000e+00,0,PASS
2026-09-29T07:53:30.866231,704,DYNAMIC_FWHT,8192,1,2.220446e-16,1.0000e+00,0,PASS
2026-09-29T07:53:30.886918,704,CAYLEY_BILATERAL,1024,32,1.110223e-15,1.0006e+00,0,PASS
2026-09-29T07:53:30.889790,704,RUST_BETTI_FLAT_DSU,3,1,0.000000e+00,1.0000e+00,0,"B0=1,B1=1_PASS"
2026-09-29T07:54:16.083877,705,DSYRK_GRAMIAN,2048,8,6.252776e-13,1.0000e+00,0,PASS
2026-09-29T07:54:16.085167,705,DYNAMIC_FWHT,2048,1,4.440892e-16,1.0000e+00,0,PASS
2026-09-29T07:54:16.124149,705,CAYLEY_BILATERAL,1024,8,6.661338e-16,1.0001e+00,0,PASS
2026-09-29T07:54:16.124740,705,RUST_BETTI_FLAT_DSU,3,1,0.000000e+00,1.0000e+00,0,"B0=1,B1=1_PASS"
2026-09-29T07:55:01.803650,706,DSYRK_GRAMIAN,4096,16,3.979039e-13,1.0000e+00,0,PASS
2026-09-29T07:55:01.804910,706,DYNAMIC_FWHT,4096,1,0.000000e+00,1.0000e+00,0,PASS
2026-09-29T07:55:01.929652,706,CAYLEY_BILATERAL,1024,16,1.332268e-15,1.0003e+00,0,PASS
2026-09-29T07:55:01.936565,706,RUST_BETTI_FLAT_DSU,3,1,0.000000e+00,1.0000e+00,0,"B0=1,B1=1_PASS"
2026-09-29T07:55:47.528846,707,DSYRK_GRAMIAN,8192,32,5.115908e-13,1.0000e+00,0,PASS
2026-09-29T07:55:47.530538,707,DYNAMIC_FWHT,8192,1,1.110223e-16,1.0000e+00,0,PASS
2026-09-29T07:55:48.025046,707,CAYLEY_BILATERAL,1024,32,1.776357e-15,1.0007e+00,0,PASS
2026-09-29T07:55:48.026050,707,RUST_BETTI_FLAT_DSU,3,1,0.000000e+00,1.0000e+00,0,"B0=1,B1=1_PASS"
2026-09-29T07:56:33.120400,708,DSYRK_GRAMIAN,2048,8,5.400125e-13,1.0000e+00,0,PASS
2026-09-29T07:56:33.121281,708,DYNAMIC_FWHT,2048,1,2.220446e-16,1.0000e+00,0,PASS
2026-09-29T07:56:33.147038,708,CAYLEY_BILATERAL,1024,8,6.661338e-16,1.0001e+00,0,PASS
2026-09-29T07:56:33.147504,708,RUST_BETTI_FLAT_DSU,3,1,0.000000e+00,1.0000e+00,0,"B0=1,B1=1_PASS"
2026-09-29T07:57:18.307604,709,DSYRK_GRAMIAN,4096,16,5.684342e-13,1.0000e+00,0,PASS
2026-09-29T07:57:18.308937,709,DYNAMIC_FWHT,4096,1,1.110223e-16,1.0000e+00,0,PASS
2026-09-29T07:57:18.335297,709,CAYLEY_BILATERAL,1024,16,1.221245e-15,1.0003e+00,0,PASS
2026-09-29T07:57:18.335736,709,RUST_BETTI_FLAT_DSU,3,1,0.000000e+00,1.0000e+00,0,"B0=1,B1=1_PASS"
2026-09-29T07:58:03.990184,710,DSYRK_GRAMIAN,8192,32,5.400125e-13,1.0000e+00,0,PASS
2026-09-29T07:58:03.992391,710,DYNAMIC_FWHT,8192,1,2.220446e-16,1.0000e+00,0,PASS
2026-09-29T07:58:04.009302,710,CAYLEY_BILATERAL,1024,32,1.776357e-15,1.0006e+00,0,PASS
2026-09-29T07:58:04.010243,710,RUST_BETTI_FLAT_DSU,3,1,0.000000e+00,1.0000e+00,0,"B0=1,B1=1_PASS"
2026-09-29T07:58:49.049461,711,DSYRK_GRAMIAN,2048,8,6.821210e-13,1.0000e+00,0,PASS
2026-09-29T07:58:49.050179,711,DYNAMIC_FWHT,2048,1,2.220446e-16,1.0000e+00,0,PASS
2026-09-29T07:58:49.052002,711,CAYLEY_BILATERAL,1024,8,1.110223e-15,1.0001e+00,0,PASS
2026-09-29T07:58:49.052435,711,RUST_BETTI_FLAT_DSU,3,1,0.000000e+00,1.0000e+00,0,"B0=1,B1=1_PASS"
2026-09-29T07:59:34.390109,712,DSYRK_GRAMIAN,4096,16,2.842171e-13,1.0000e+00,0,PASS
2026-09-29T07:59:34.396003,712,DYNAMIC_FWHT,4096,1,2.220446e-16,1.0000e+00,0,PASS
2026-09-29T07:59:34.438378,712,CAYLEY_BILATERAL,1024,16,1.110223e-15,1.0004e+00,0,PASS
2026-09-29T07:59:34.438916,712,RUST_BETTI_FLAT_DSU,3,1,0.000000e+00,1.0000e+00,0,"B0=1,B1=1_PASS"
2026-09-29T08:00:19.583648,713,DSYRK_GRAMIAN,8192,32,5.684342e-13,1.0000e+00,0,PASS
2026-09-29T08:00:19.585184,713,DYNAMIC_FWHT,8192,1,2.220446e-16,1.0000e+00,0,PASS
2026-09-29T08:00:19.593915,713,CAYLEY_BILATERAL,1024,32,1.776357e-15,1.0006e+00,0,PASS
2026-09-29T08:00:19.594496,713,RUST_BETTI_FLAT_DSU,3,1,0.000000e+00,1.0000e+00,0,"B0=1,B1=1_PASS"
2026-09-29T08:01:04.639099,714,DSYRK_GRAMIAN,2048,8,3.410605e-13,1.0000e+00,0,PASS
2026-09-29T08:01:04.640522,714,DYNAMIC_FWHT,2048,1,0.000000e+00,1.0000e+00,0,PASS
2026-09-29T08:01:04.642827,714,CAYLEY_BILATERAL,1024,8,8.881784e-16,1.0001e+00,0,PASS
2026-09-29T08:01:04.643375,714,RUST_BETTI_FLAT_DSU,3,1,0.000000e+00,1.0000e+00,0,"B0=1,B1=1_PASS"
2026-09-29T08:01:49.713674,715,DSYRK_GRAMIAN,4096,16,4.831691e-13,1.0000e+00,0,PASS
2026-09-29T08:01:49.714514,715,DYNAMIC_FWHT,4096,1,0.000000e+00,1.0000e+00,0,PASS
2026-09-29T08:01:49.717891,715,CAYLEY_BILATERAL,1024,16,1.332268e-15,1.0003e+00,0,PASS
2026-09-29T08:01:49.718288,715,RUST_BETTI_FLAT_DSU,3,1,0.000000e+00,1.0000e+00,0,"B0=1,B1=1_PASS"
2026-09-29T08:02:36.134712,716,DSYRK_GRAMIAN,8192,32,6.821210e-13,1.0000e+00,0,PASS
2026-09-29T08:02:36.137237,716,DYNAMIC_FWHT,8192,1,2.220446e-16,1.0000e+00,0,PASS
2026-09-29T08:02:36.169401,716,CAYLEY_BILATERAL,1024,32,1.332268e-15,1.0007e+00,0,PASS
2026-09-29T08:02:36.170134,716,RUST_BETTI_FLAT_DSU,3,1,0.000000e+00,1.0000e+00,0,"B0=1,B1=1_PASS"
2026-09-29T08:03:21.476822,717,DSYRK_GRAMIAN,2048,8,3.410605e-13,1.0000e+00,0,PASS
2026-09-29T08:03:21.477638,717,DYNAMIC_FWHT,2048,1,0.000000e+00,1.0000e+00,0,PASS
2026-09-29T08:03:21.929695,717,CAYLEY_BILATERAL,1024,8,8.881784e-16,1.0001e+00,0,PASS
2026-09-29T08:03:21.930781,717,RUST_BETTI_FLAT_DSU,3,1,0.000000e+00,1.0000e+00,0,"B0=1,B1=1_PASS"
2026-09-29T08:04:07.035440,718,DSYRK_GRAMIAN,4096,16,4.263256e-13,1.0000e+00,0,PASS
2026-09-29T08:04:07.041415,718,DYNAMIC_FWHT,4096,1,0.000000e+00,1.0000e+00,0,PASS
2026-09-29T08:04:07.045116,718,CAYLEY_BILATERAL,1024,16,8.881784e-16,1.0003e+00,0,PASS
2026-09-29T08:04:07.045516,718,RUST_BETTI_FLAT_DSU,3,1,0.000000e+00,1.0000e+00,0,"B0=1,B1=1_PASS"
2026-09-29T08:04:57.770469,719,DSYRK_GRAMIAN,8192,32,7.389644e-13,1.0000e+00,0,PASS
2026-09-29T08:04:57.797381,719,DYNAMIC_FWHT,8192,1,2.220446e-16,1.0000e+00,0,PASS
2026-09-29T08:04:57.827401,719,CAYLEY_BILATERAL,1024,32,1.332268e-15,1.0006e+00,0,PASS
2026-09-29T08:04:57.828634,719,RUST_BETTI_FLAT_DSU,3,1,0.000000e+00,1.0000e+00,0,"B0=1,B1=1_PASS"
2026-09-29T08:05:42.857038,720,DSYRK_GRAMIAN,2048,8,5.115908e-13,1.0000e+00,0,PASS
2026-09-29T08:05:42.857701,720,DYNAMIC_FWHT,2048,1,2.220446e-16,1.0000e+00,0,PASS
2026-09-29T08:05:42.859647,720,CAYLEY_BILATERAL,1024,8,9.992007e-16,1.0001e+00,0,PASS
2026-09-29T08:05:42.862072,720,RUST_BETTI_FLAT_DSU,3,1,0.000000e+00,1.0000e+00,0,"B0=1,B1=1_PASS"
2026-09-29T08:06:28.019956,721,DSYRK_GRAMIAN,4096,16,3.410605e-13,1.0000e+00,0,PASS
2026-09-29T08:06:28.020899,721,DYNAMIC_FWHT,4096,1,2.220446e-16,1.0000e+00,0,PASS
2026-09-29T08:06:28.027449,721,CAYLEY_BILATERAL,1024,16,8.881784e-16,1.0002e+00,0,PASS
2026-09-29T08:06:28.027946,721,RUST_BETTI_FLAT_DSU,3,1,0.000000e+00,1.0000e+00,0,"B0=1,B1=1_PASS"
2026-09-29T08:07:13.229479,722,DSYRK_GRAMIAN,8192,32,9.094947e-13,1.0000e+00,0,PASS
2026-09-29T08:07:13.231115,722,DYNAMIC_FWHT,8192,1,2.220446e-16,1.0000e+00,0,PASS
2026-09-29T08:07:13.245344,722,CAYLEY_BILATERAL,1024,32,1.554312e-15,1.0006e+00,0,PASS
2026-09-29T08:07:13.246009,722,RUST_BETTI_FLAT_DSU,3,1,0.000000e+00,1.0000e+00,0,"B0=1,B1=1_PASS"
2026-09-29T08:07:58.346584,723,DSYRK_GRAMIAN,2048,8,8.526513e-13,1.0000e+00,0,PASS
2026-09-29T08:07:58.347434,723,DYNAMIC_FWHT,2048,1,2.220446e-16,1.0000e+00,0,PASS
2026-09-29T08:07:58.350003,723,CAYLEY_BILATERAL,1024,8,6.661338e-16,1.0001e+00,0,PASS
2026-09-29T08:07:58.350529,723,RUST_BETTI_FLAT_DSU,3,1,0.000000e+00,1.0000e+00,0,"B0=1,B1=1_PASS"
2026-09-29T08:08:43.420355,724,DSYRK_GRAMIAN,4096,16,3.410605e-13,1.0000e+00,0,PASS
2026-09-29T08:08:43.421444,724,DYNAMIC_FWHT,4096,1,0.000000e+00,1.0000e+00,0,PASS
2026-09-29T08:08:43.425368,724,CAYLEY_BILATERAL,1024,16,1.887379e-15,1.0003e+00,0,PASS
2026-09-29T08:08:43.425787,724,RUST_BETTI_FLAT_DSU,3,1,0.000000e+00,1.0000e+00,0,"B0=1,B1=1_PASS"
2026-09-29T08:09:28.680264,725,DSYRK_GRAMIAN,8192,32,6.821210e-13,1.0000e+00,0,PASS
2026-09-29T08:09:28.681871,725,DYNAMIC_FWHT,8192,1,2.220446e-16,1.0000e+00,0,PASS
2026-09-29T08:09:28.696842,725,CAYLEY_BILATERAL,1024,32,1.554312e-15,1.0006e+00,0,PASS
2026-09-29T08:09:28.697536,725,RUST_BETTI_FLAT_DSU,3,1,0.000000e+00,1.0000e+00,0,"B0=1,B1=1_PASS"
2026-09-29T08:10:13.763028,726,DSYRK_GRAMIAN,2048,8,4.547474e-13,1.0000e+00,0,PASS
2026-09-29T08:10:13.766263,726,DYNAMIC_FWHT,2048,1,2.220446e-16,1.0000e+00,0,PASS
2026-09-29T08:10:13.769223,726,CAYLEY_BILATERAL,1024,8,6.661338e-16,1.0001e+00,0,PASS
2026-09-29T08:10:13.769722,726,RUST_BETTI_FLAT_DSU,3,1,0.000000e+00,1.0000e+00,0,"B0=1,B1=1_PASS"
2026-09-29T08:10:59.354091,727,DSYRK_GRAMIAN,4096,16,5.115908e-13,1.0000e+00,0,PASS
2026-09-29T08:10:59.367830,727,DYNAMIC_FWHT,4096,1,1.110223e-16,1.0000e+00,0,PASS
2026-09-29T08:10:59.553675,727,CAYLEY_BILATERAL,1024,16,1.110223e-15,1.0004e+00,0,PASS
2026-09-29T08:10:59.554248,727,RUST_BETTI_FLAT_DSU,3,1,0.000000e+00,1.0000e+00,0,"B0=1,B1=1_PASS"
2026-09-29T08:11:44.703423,728,DSYRK_GRAMIAN,8192,32,5.684342e-13,1.0000e+00,0,PASS
2026-09-29T08:11:44.704827,728,DYNAMIC_FWHT,8192,1,1.110223e-16,1.0000e+00,0,PASS
2026-09-29T08:11:44.713254,728,CAYLEY_BILATERAL,1024,32,1.332268e-15,1.0007e+00,0,PASS
2026-09-29T08:11:44.713943,728,RUST_BETTI_FLAT_DSU,3,1,0.000000e+00,1.0000e+00,0,"B0=1,B1=1_PASS"
2026-09-29T08:12:30.397938,729,DSYRK_GRAMIAN,2048,8,5.400125e-13,1.0000e+00,0,PASS
2026-09-29T08:12:30.398808,729,DYNAMIC_FWHT,2048,1,2.220446e-16,1.0000e+00,0,PASS
2026-09-29T08:12:31.016698,729,CAYLEY_BILATERAL,1024,8,6.661338e-16,1.0002e+00,0,PASS
2026-09-29T08:12:31.017601,729,RUST_BETTI_FLAT_DSU,3,1,0.000000e+00,1.0000e+00,0,"B0=1,B1=1_PASS"
2026-09-29T08:13:16.186911,730,DSYRK_GRAMIAN,4096,16,2.842171e-13,1.0000e+00,0,PASS
2026-09-29T08:13:16.193974,730,DYNAMIC_FWHT,4096,1,0.000000e+00,1.0000e+00,0,PASS
2026-09-29T08:13:16.236244,730,CAYLEY_BILATERAL,1024,16,8.881784e-16,1.0003e+00,0,PASS
2026-09-29T08:13:16.236947,730,RUST_BETTI_FLAT_DSU,3,1,0.000000e+00,1.0000e+00,0,"B0=1,B1=1_PASS"
2026-09-29T08:14:04.431550,731,DSYRK_GRAMIAN,8192,32,6.252776e-13,1.0000e+00,0,PASS
2026-09-29T08:14:04.433755,731,DYNAMIC_FWHT,8192,1,2.220446e-16,1.0000e+00,0,PASS
2026-09-29T08:14:05.208997,731,CAYLEY_BILATERAL,1024,32,1.998401e-15,1.0007e+00,0,PASS
2026-09-29T08:14:05.222821,731,RUST_BETTI_FLAT_DSU,3,1,0.000000e+00,1.0000e+00,0,"B0=1,B1=1_PASS"
2026-09-29T08:14:50.259740,732,DSYRK_GRAMIAN,2048,8,3.979039e-13,1.0000e+00,0,PASS
2026-09-29T08:14:50.260583,732,DYNAMIC_FWHT,2048,1,1.110223e-16,1.0000e+00,0,PASS
2026-09-29T08:14:50.262723,732,CAYLEY_BILATERAL,1024,8,1.776357e-15,1.0001e+00,0,PASS
2026-09-29T08:14:50.263591,732,RUST_BETTI_FLAT_DSU,3,1,0.000000e+00,1.0000e+00,0,"B0=1,B1=1_PASS"
2026-09-29T08:15:35.423504,733,DSYRK_GRAMIAN,4096,16,3.410605e-13,1.0000e+00,0,PASS
2026-09-29T08:15:35.425030,733,DYNAMIC_FWHT,4096,1,0.000000e+00,1.0000e+00,0,PASS
2026-09-29T08:15:35.432382,733,CAYLEY_BILATERAL,1024,16,1.554312e-15,1.0004e+00,0,PASS
2026-09-29T08:15:35.432872,733,RUST_BETTI_FLAT_DSU,3,1,0.000000e+00,1.0000e+00,0,"B0=1,B1=1_PASS"
2026-09-29T08:16:20.595648,734,DSYRK_GRAMIAN,8192,32,6.821210e-13,1.0000e+00,0,PASS
2026-09-29T08:16:20.597012,734,DYNAMIC_FWHT,8192,1,2.220446e-16,1.0000e+00,0,PASS
2026-09-29T08:16:20.605392,734,CAYLEY_BILATERAL,1024,32,1.110223e-15,1.0007e+00,0,PASS
2026-09-29T08:16:20.606123,734,RUST_BETTI_FLAT_DSU,3,1,0.000000e+00,1.0000e+00,0,"B0=1,B1=1_PASS"
2026-09-29T08:17:06.053340,735,DSYRK_GRAMIAN,2048,8,3.979039e-13,1.0000e+00,0,PASS
2026-09-29T08:17:06.054095,735,DYNAMIC_FWHT,2048,1,2.220446e-16,1.0000e+00,0,PASS
2026-09-29T08:17:06.087694,735,CAYLEY_BILATERAL,1024,8,8.881784e-16,1.0001e+00,0,PASS
2026-09-29T08:17:06.089030,735,RUST_BETTI_FLAT_DSU,3,1,0.000000e+00,1.0000e+00,0,"B0=1,B1=1_PASS"
2026-09-29T08:17:51.162257,736,DSYRK_GRAMIAN,4096,16,5.684342e-13,1.0000e+00,0,PASS
2026-09-29T08:17:51.163154,736,DYNAMIC_FWHT,4096,1,0.000000e+00,1.0000e+00,0,PASS
2026-09-29T08:17:51.167493,736,CAYLEY_BILATERAL,1024,16,1.110223e-15,1.0003e+00,0,PASS
2026-09-29T08:17:51.168000,736,RUST_BETTI_FLAT_DSU,3,1,0.000000e+00,1.0000e+00,0,"B0=1,B1=1_PASS"
2026-09-29T08:18:36.317838,737,DSYRK_GRAMIAN,8192,32,6.821210e-13,1.0000e+00,0,PASS
2026-09-29T08:18:36.319274,737,DYNAMIC_FWHT,8192,1,2.220446e-16,1.0000e+00,0,PASS
2026-09-29T08:18:36.332236,737,CAYLEY_BILATERAL,1024,32,1.332268e-15,1.0005e+00,0,PASS
2026-09-29T08:18:36.332807,737,RUST_BETTI_FLAT_DSU,3,1,0.000000e+00,1.0000e+00,0,"B0=1,B1=1_PASS"
2026-09-29T08:19:21.447638,738,DSYRK_GRAMIAN,2048,8,4.547474e-13,1.0000e+00,0,PASS
2026-09-29T08:19:21.448995,738,DYNAMIC_FWHT,2048,1,2.220446e-16,1.0000e+00,0,PASS
2026-09-29T08:19:21.451418,738,CAYLEY_BILATERAL,1024,8,1.110223e-15,1.0001e+00,0,PASS
2026-09-29T08:19:21.451916,738,RUST_BETTI_FLAT_DSU,3,1,0.000000e+00,1.0000e+00,0,"B0=1,B1=1_PASS"
2026-09-29T08:20:06.525086,739,DSYRK_GRAMIAN,4096,16,3.410605e-13,1.0000e+00,0,PASS
2026-09-29T08:20:06.526835,739,DYNAMIC_FWHT,4096,1,0.000000e+00,1.0000e+00,0,PASS
2026-09-29T08:20:06.534670,739,CAYLEY_BILATERAL,1024,16,1.110223e-15,1.0003e+00,0,PASS
2026-09-29T08:20:06.535183,739,RUST_BETTI_FLAT_DSU,3,1,0.000000e+00,1.0000e+00,0,"B0=1,B1=1_PASS"
2026-09-29T08:20:56.148376,740,DSYRK_GRAMIAN,8192,32,6.252776e-13,1.0000e+00,0,PASS
2026-09-29T08:20:56.149962,740,DYNAMIC_FWHT,8192,1,2.220446e-16,1.0000e+00,0,PASS
2026-09-29T08:20:56.762587,740,CAYLEY_BILATERAL,1024,32,2.220446e-15,1.0006e+00,0,PASS
2026-09-29T08:20:56.763293,740,RUST_BETTI_FLAT_DSU,3,1,0.000000e+00,1.0000e+00,0,"B0=1,B1=1_PASS"
2026-09-29T08:21:41.838725,741,DSYRK_GRAMIAN,2048,8,3.694822e-13,1.0000e+00,0,PASS
2026-09-29T08:21:41.839640,741,DYNAMIC_FWHT,2048,1,2.220446e-16,1.0000e+00,0,PASS
2026-09-29T08:21:41.841869,741,CAYLEY_BILATERAL,1024,8,4.440892e-16,1.0001e+00,0,PASS
2026-09-29T08:21:41.842264,741,RUST_BETTI_FLAT_DSU,3,1,0.000000e+00,1.0000e+00,0,"B0=1,B1=1_PASS"
2026-09-29T08:22:26.900234,742,DSYRK_GRAMIAN,4096,16,2.842171e-13,1.0000e+00,0,PASS
2026-09-29T08:22:26.901160,742,DYNAMIC_FWHT,4096,1,0.000000e+00,1.0000e+00,0,PASS
2026-09-29T08:22:26.912119,742,CAYLEY_BILATERAL,1024,16,8.881784e-16,1.0002e+00,0,PASS
2026-09-29T08:22:26.912777,742,RUST_BETTI_FLAT_DSU,3,1,0.000000e+00,1.0000e+00,0,"B0=1,B1=1_PASS"
2026-09-29T08:23:12.261223,743,DSYRK_GRAMIAN,8192,32,7.389644e-13,1.0000e+00,0,PASS
2026-09-29T08:23:12.263074,743,DYNAMIC_FWHT,8192,1,1.110223e-16,1.0000e+00,0,PASS
2026-09-29T08:23:12.308859,743,CAYLEY_BILATERAL,1024,32,1.776357e-15,1.0007e+00,0,PASS
2026-09-29T08:23:12.309517,743,RUST_BETTI_FLAT_DSU,3,1,0.000000e+00,1.0000e+00,0,"B0=1,B1=1_PASS"
2026-09-29T08:23:57.349635,744,DSYRK_GRAMIAN,2048,8,5.115908e-13,1.0000e+00,0,PASS
2026-09-29T08:23:57.350847,744,DYNAMIC_FWHT,2048,1,2.220446e-16,1.0000e+00,0,PASS
2026-09-29T08:23:57.354831,744,CAYLEY_BILATERAL,1024,8,6.661338e-16,1.0001e+00,0,PASS
2026-09-29T08:23:57.355290,744,RUST_BETTI_FLAT_DSU,3,1,0.000000e+00,1.0000e+00,0,"B0=1,B1=1_PASS"
2026-09-29T08:24:42.433313,745,DSYRK_GRAMIAN,4096,16,3.979039e-13,1.0000e+00,0,PASS
2026-09-29T08:24:42.434313,745,DYNAMIC_FWHT,4096,1,0.000000e+00,1.0000e+00,0,PASS
2026-09-29T08:24:42.438866,745,CAYLEY_BILATERAL,1024,16,1.332268e-15,1.0002e+00,0,PASS
2026-09-29T08:24:42.439583,745,RUST_BETTI_FLAT_DSU,3,1,0.000000e+00,1.0000e+00,0,"B0=1,B1=1_PASS"
2026-09-29T08:25:33.165367,746,DSYRK_GRAMIAN,8192,32,6.252776e-13,1.0000e+00,0,PASS
2026-09-29T08:25:33.167533,746,DYNAMIC_FWHT,8192,1,2.220446e-16,1.0000e+00,0,PASS
2026-09-29T08:25:34.115176,746,CAYLEY_BILATERAL,1024,32,1.332268e-15,1.0005e+00,0,PASS
2026-09-29T08:25:34.116209,746,RUST_BETTI_FLAT_DSU,3,1,0.000000e+00,1.0000e+00,0,"B0=1,B1=1_PASS"
2026-09-29T08:26:19.211362,747,DSYRK_GRAMIAN,2048,8,7.105427e-13,1.0000e+00,0,PASS
2026-09-29T08:26:19.218476,747,DYNAMIC_FWHT,2048,1,2.220446e-16,1.0000e+00,0,PASS
2026-09-29T08:26:19.223106,747,CAYLEY_BILATERAL,1024,8,8.881784e-16,1.0001e+00,0,PASS
2026-09-29T08:26:19.223635,747,RUST_BETTI_FLAT_DSU,3,1,0.000000e+00,1.0000e+00,0,"B0=1,B1=1_PASS"
2026-09-29T08:27:04.302531,748,DSYRK_GRAMIAN,4096,16,3.979039e-13,1.0000e+00,0,PASS
2026-09-29T08:27:04.308443,748,DYNAMIC_FWHT,4096,1,0.000000e+00,1.0000e+00,0,PASS
2026-09-29T08:27:04.313828,748,CAYLEY_BILATERAL,1024,16,9.992007e-16,1.0002e+00,0,PASS
2026-09-29T08:27:04.314223,748,RUST_BETTI_FLAT_DSU,3,1,0.000000e+00,1.0000e+00,0,"B0=1,B1=1_PASS"
2026-09-29T08:27:49.435061,749,DSYRK_GRAMIAN,8192,32,5.968559e-13,1.0000e+00,0,PASS
2026-09-29T08:27:49.436442,749,DYNAMIC_FWHT,8192,1,1.110223e-16,1.0000e+00,0,PASS
2026-09-29T08:27:49.445678,749,CAYLEY_BILATERAL,1024,32,1.665335e-15,1.0007e+00,0,PASS
2026-09-29T08:27:49.446257,749,RUST_BETTI_FLAT_DSU,3,1,0.000000e+00,1.0000e+00,0,"B0=1,B1=1_PASS"
2026-09-29T08:28:34.488566,750,DSYRK_GRAMIAN,2048,8,3.694822e-13,1.0000e+00,0,PASS
2026-09-29T08:28:34.489311,750,DYNAMIC_FWHT,2048,1,2.220446e-16,1.0000e+00,0,PASS
2026-09-29T08:28:34.491859,750,CAYLEY_BILATERAL,1024,8,8.881784e-16,1.0001e+00,0,PASS
2026-09-29T08:28:34.492343,750,RUST_BETTI_FLAT_DSU,3,1,0.000000e+00,1.0000e+00,0,"B0=1,B1=1_PASS"
2026-09-29T08:29:19.596654,751,DSYRK_GRAMIAN,4096,16,2.842171e-13,1.0000e+00,0,PASS
2026-09-29T08:29:19.597774,751,DYNAMIC_FWHT,4096,1,0.000000e+00,1.0000e+00,0,PASS
2026-09-29T08:29:19.609990,751,CAYLEY_BILATERAL,1024,16,1.332268e-15,1.0003e+00,0,PASS
2026-09-29T08:29:19.610500,751,RUST_BETTI_FLAT_DSU,3,1,0.000000e+00,1.0000e+00,0,"B0=1,B1=1_PASS"
2026-09-29T08:30:05.147852,752,DSYRK_GRAMIAN,8192,32,5.684342e-13,1.0000e+00,0,PASS
2026-09-29T08:30:05.149548,752,DYNAMIC_FWHT,8192,1,3.330669e-16,1.0000e+00,0,PASS
2026-09-29T08:30:05.170248,752,CAYLEY_BILATERAL,1024,32,1.221245e-15,1.0006e+00,0,PASS
2026-09-29T08:30:05.171042,752,RUST_BETTI_FLAT_DSU,3,1,0.000000e+00,1.0000e+00,0,"B0=1,B1=1_PASS"
2026-09-29T08:30:50.213436,753,DSYRK_GRAMIAN,2048,8,6.252776e-13,1.0000e+00,0,PASS
2026-09-29T08:30:50.215112,753,DYNAMIC_FWHT,2048,1,2.220446e-16,1.0000e+00,0,PASS
2026-09-29T08:30:50.219046,753,CAYLEY_BILATERAL,1024,8,4.440892e-16,1.0001e+00,0,PASS
2026-09-29T08:30:50.219841,753,RUST_BETTI_FLAT_DSU,3,1,0.000000e+00,1.0000e+00,0,"B0=1,B1=1_PASS"
2026-09-29T08:31:35.301543,754,DSYRK_GRAMIAN,4096,16,5.115908e-13,1.0000e+00,0,PASS
2026-09-29T08:31:35.302567,754,DYNAMIC_FWHT,4096,1,2.220446e-16,1.0000e+00,0,PASS
2026-09-29T08:31:35.307483,754,CAYLEY_BILATERAL,1024,16,1.332268e-15,1.0003e+00,0,PASS
2026-09-29T08:31:35.308257,754,RUST_BETTI_FLAT_DSU,3,1,0.000000e+00,1.0000e+00,0,"B0=1,B1=1_PASS"
2026-09-29T08:32:20.894566,755,DSYRK_GRAMIAN,8192,32,7.389644e-13,1.0000e+00,0,PASS
2026-09-29T08:32:20.897074,755,DYNAMIC_FWHT,8192,1,1.110223e-16,1.0000e+00,0,PASS
2026-09-29T08:32:20.908115,755,CAYLEY_BILATERAL,1024,32,1.776357e-15,1.0007e+00,0,PASS
2026-09-29T08:32:20.908793,755,RUST_BETTI_FLAT_DSU,3,1,0.000000e+00,1.0000e+00,0,"B0=1,B1=1_PASS"
2026-09-29T08:33:05.953036,756,DSYRK_GRAMIAN,2048,8,5.115908e-13,1.0000e+00,0,PASS
2026-09-29T08:33:05.953765,756,DYNAMIC_FWHT,2048,1,1.110223e-16,1.0000e+00,0,PASS
2026-09-29T08:33:05.955509,756,CAYLEY_BILATERAL,1024,8,1.110223e-15,1.0001e+00,0,PASS
2026-09-29T08:33:05.955998,756,RUST_BETTI_FLAT_DSU,3,1,0.000000e+00,1.0000e+00,0,"B0=1,B1=1_PASS"
2026-09-29T08:33:51.043449,757,DSYRK_GRAMIAN,4096,16,5.115908e-13,1.0000e+00,0,PASS
2026-09-29T08:33:51.044350,757,DYNAMIC_FWHT,4096,1,0.000000e+00,1.0000e+00,0,PASS
2026-09-29T08:33:51.052919,757,CAYLEY_BILATERAL,1024,16,1.776357e-15,1.0003e+00,0,PASS
2026-09-29T08:33:51.054280,757,RUST_BETTI_FLAT_DSU,3,1,0.000000e+00,1.0000e+00,0,"B0=1,B1=1_PASS"
2026-09-29T08:34:38.523309,758,DSYRK_GRAMIAN,8192,32,7.389644e-13,1.0000e+00,0,PASS
2026-09-29T08:34:38.525030,758,DYNAMIC_FWHT,8192,1,1.110223e-16,1.0000e+00,0,PASS
2026-09-29T08:34:38.562558,758,CAYLEY_BILATERAL,1024,32,1.776357e-15,1.0007e+00,0,PASS
2026-09-29T08:34:38.563153,758,RUST_BETTI_FLAT_DSU,3,1,0.000000e+00,1.0000e+00,0,"B0=1,B1=1_PASS"
2026-09-29T08:35:23.896335,759,DSYRK_GRAMIAN,2048,8,5.684342e-13,1.0000e+00,0,PASS
2026-09-29T08:35:23.897183,759,DYNAMIC_FWHT,2048,1,0.000000e+00,1.0000e+00,0,PASS
2026-09-29T08:35:23.967789,759,CAYLEY_BILATERAL,1024,8,8.881784e-16,1.0001e+00,0,PASS
2026-09-29T08:35:23.968281,759,RUST_BETTI_FLAT_DSU,3,1,0.000000e+00,1.0000e+00,0,"B0=1,B1=1_PASS"
2026-09-29T08:36:09.049483,760,DSYRK_GRAMIAN,4096,16,3.410605e-13,1.0000e+00,0,PASS
2026-09-29T08:36:09.050389,760,DYNAMIC_FWHT,4096,1,1.110223e-16,1.0000e+00,0,PASS
2026-09-29T08:36:09.053889,760,CAYLEY_BILATERAL,1024,16,1.110223e-15,1.0003e+00,0,PASS
2026-09-29T08:36:09.054572,760,RUST_BETTI_FLAT_DSU,3,1,0.000000e+00,1.0000e+00,0,"B0=1,B1=1_PASS"
2026-09-29T08:36:54.403164,761,DSYRK_GRAMIAN,8192,32,6.252776e-13,1.0000e+00,0,PASS
2026-09-29T08:36:54.405362,761,DYNAMIC_FWHT,8192,1,0.000000e+00,1.0000e+00,0,PASS
2026-09-29T08:36:54.422667,761,CAYLEY_BILATERAL,1024,32,1.776357e-15,1.0006e+00,0,PASS
2026-09-29T08:36:54.423537,761,RUST_BETTI_FLAT_DSU,3,1,0.000000e+00,1.0000e+00,0,"B0=1,B1=1_PASS"
2026-09-29T08:37:39.454368,762,DSYRK_GRAMIAN,2048,8,5.684342e-13,1.0000e+00,0,PASS
2026-09-29T08:37:39.455233,762,DYNAMIC_FWHT,2048,1,4.440892e-16,1.0000e+00,0,PASS
2026-09-29T08:37:39.457977,762,CAYLEY_BILATERAL,1024,8,1.110223e-15,1.0001e+00,0,PASS
2026-09-29T08:37:39.458464,762,RUST_BETTI_FLAT_DSU,3,1,0.000000e+00,1.0000e+00,0,"B0=1,B1=1_PASS"
2026-09-29T08:38:24.549647,763,DSYRK_GRAMIAN,4096,16,2.842171e-13,1.0000e+00,0,PASS
2026-09-29T08:38:24.551002,763,DYNAMIC_FWHT,4096,1,1.110223e-16,1.0000e+00,0,PASS
2026-09-29T08:38:24.564406,763,CAYLEY_BILATERAL,1024,16,8.881784e-16,1.0003e+00,0,PASS
2026-09-29T08:38:24.564943,763,RUST_BETTI_FLAT_DSU,3,1,0.000000e+00,1.0000e+00,0,"B0=1,B1=1_PASS"
2026-09-29T08:39:11.824547,764,DSYRK_GRAMIAN,8192,32,6.536993e-13,1.0000e+00,0,PASS
2026-09-29T08:39:11.833415,764,DYNAMIC_FWHT,8192,1,2.220446e-16,1.0000e+00,0,PASS
2026-09-29T08:39:12.618618,764,CAYLEY_BILATERAL,1024,32,1.776357e-15,1.0007e+00,0,PASS
2026-09-29T08:39:12.619417,764,RUST_BETTI_FLAT_DSU,3,1,0.000000e+00,1.0000e+00,0,"B0=1,B1=1_PASS"
2026-09-29T08:39:57.809827,765,DSYRK_GRAMIAN,2048,8,4.547474e-13,1.0000e+00,0,PASS
2026-09-29T08:39:57.810962,765,DYNAMIC_FWHT,2048,1,0.000000e+00,1.0000e+00,0,PASS
2026-09-29T08:39:57.861970,765,CAYLEY_BILATERAL,1024,8,7.771561e-16,1.0001e+00,0,PASS
2026-09-29T08:39:57.862531,765,RUST_BETTI_FLAT_DSU,3,1,0.000000e+00,1.0000e+00,0,"B0=1,B1=1_PASS"
2026-09-29T08:40:43.007986,766,DSYRK_GRAMIAN,4096,16,5.115908e-13,1.0000e+00,0,PASS
2026-09-29T08:40:43.009083,766,DYNAMIC_FWHT,4096,1,0.000000e+00,1.0000e+00,0,PASS
2026-09-29T08:40:43.014568,766,CAYLEY_BILATERAL,1024,16,9.992007e-16,1.0003e+00,0,PASS
2026-09-29T08:40:43.015005,766,RUST_BETTI_FLAT_DSU,3,1,0.000000e+00,1.0000e+00,0,"B0=1,B1=1_PASS"
2026-09-29T08:41:28.151813,767,DSYRK_GRAMIAN,8192,32,7.389644e-13,1.0000e+00,0,PASS
2026-09-29T08:41:28.153393,767,DYNAMIC_FWHT,8192,1,1.110223e-16,1.0000e+00,0,PASS
2026-09-29T08:41:28.166595,767,CAYLEY_BILATERAL,1024,32,1.776357e-15,1.0007e+00,0,PASS
2026-09-29T08:41:28.167278,767,RUST_BETTI_FLAT_DSU,3,1,0.000000e+00,1.0000e+00,0,"B0=1,B1=1_PASS"
2026-09-29T08:42:13.204570,768,DSYRK_GRAMIAN,2048,8,3.126388e-13,1.0000e+00,0,PASS
2026-09-29T08:42:13.205637,768,DYNAMIC_FWHT,2048,1,2.220446e-16,1.0000e+00,0,PASS
2026-09-29T08:42:13.207456,768,CAYLEY_BILATERAL,1024,8,1.554312e-15,1.0001e+00,0,PASS
2026-09-29T08:42:13.207908,768,RUST_BETTI_FLAT_DSU,3,1,0.000000e+00,1.0000e+00,0,"B0=1,B1=1_PASS"
2026-09-29T08:42:58.692365,769,DSYRK_GRAMIAN,4096,16,3.694822e-13,1.0000e+00,0,PASS
2026-09-29T08:42:58.693350,769,DYNAMIC_FWHT,4096,1,1.110223e-16,1.0000e+00,0,PASS
2026-09-29T08:42:58.707728,769,CAYLEY_BILATERAL,1024,16,8.881784e-16,1.0003e+00,0,PASS
2026-09-29T08:42:58.708288,769,RUST_BETTI_FLAT_DSU,3,1,0.000000e+00,1.0000e+00,0,"B0=1,B1=1_PASS"
2026-09-29T08:43:44.277976,770,DSYRK_GRAMIAN,8192,32,5.684342e-13,1.0000e+00,0,PASS
2026-09-29T08:43:44.279553,770,DYNAMIC_FWHT,8192,1,2.220446e-16,1.0000e+00,0,PASS
2026-09-29T08:43:45.053232,770,CAYLEY_BILATERAL,1024,32,2.220446e-15,1.0006e+00,0,PASS
2026-09-29T08:43:45.070280,770,RUST_BETTI_FLAT_DSU,3,1,0.000000e+00,1.0000e+00,0,"B0=1,B1=1_PASS"
2026-09-29T08:44:30.127398,771,DSYRK_GRAMIAN,2048,8,2.273737e-13,1.0000e+00,0,PASS
2026-09-29T08:44:30.128260,771,DYNAMIC_FWHT,2048,1,1.110223e-16,1.0000e+00,0,PASS
2026-09-29T08:44:30.134825,771,CAYLEY_BILATERAL,1024,8,8.881784e-16,1.0001e+00,0,PASS
2026-09-29T08:44:30.135708,771,RUST_BETTI_FLAT_DSU,3,1,0.000000e+00,1.0000e+00,0,"B0=1,B1=1_PASS"
2026-09-29T08:45:15.206323,772,DSYRK_GRAMIAN,4096,16,5.400125e-13,1.0000e+00,0,PASS
2026-09-29T08:45:15.207746,772,DYNAMIC_FWHT,4096,1,0.000000e+00,1.0000e+00,0,PASS
2026-09-29T08:45:15.212330,772,CAYLEY_BILATERAL,1024,16,9.992007e-16,1.0002e+00,0,PASS
2026-09-29T08:45:15.212797,772,RUST_BETTI_FLAT_DSU,3,1,0.000000e+00,1.0000e+00,0,"B0=1,B1=1_PASS"
2026-09-29T08:46:00.340523,773,DSYRK_GRAMIAN,8192,32,6.252776e-13,1.0000e+00,0,PASS
2026-09-29T08:46:00.342039,773,DYNAMIC_FWHT,8192,1,2.220446e-16,1.0000e+00,0,PASS
2026-09-29T08:46:00.350802,773,CAYLEY_BILATERAL,1024,32,1.443290e-15,1.0006e+00,0,PASS
2026-09-29T08:46:00.355892,773,RUST_BETTI_FLAT_DSU,3,1,0.000000e+00,1.0000e+00,0,"B0=1,B1=1_PASS"
2026-09-29T08:46:45.402125,774,DSYRK_GRAMIAN,2048,8,5.968559e-13,1.0000e+00,0,PASS
2026-09-29T08:46:45.402942,774,DYNAMIC_FWHT,2048,1,0.000000e+00,1.0000e+00,0,PASS
2026-09-29T08:46:45.404920,774,CAYLEY_BILATERAL,1024,8,8.881784e-16,1.0001e+00,0,PASS
2026-09-29T08:46:45.405366,774,RUST_BETTI_FLAT_DSU,3,1,0.000000e+00,1.0000e+00,0,"B0=1,B1=1_PASS"
2026-09-29T08:47:30.488405,775,DSYRK_GRAMIAN,4096,16,7.389644e-13,1.0000e+00,0,PASS
2026-09-29T08:47:30.489593,775,DYNAMIC_FWHT,4096,1,2.220446e-16,1.0000e+00,0,PASS
2026-09-29T08:47:30.498901,775,CAYLEY_BILATERAL,1024,16,1.332268e-15,1.0002e+00,0,PASS
2026-09-29T08:47:30.499469,775,RUST_BETTI_FLAT_DSU,3,1,0.000000e+00,1.0000e+00,0,"B0=1,B1=1_PASS"
2026-09-29T08:48:15.661483,776,DSYRK_GRAMIAN,8192,32,6.252776e-13,1.0000e+00,0,PASS
2026-09-29T08:48:15.663027,776,DYNAMIC_FWHT,8192,1,2.220446e-16,1.0000e+00,0,PASS
2026-09-29T08:48:15.676746,776,CAYLEY_BILATERAL,1024,32,1.554312e-15,1.0006e+00,0,PASS
2026-09-29T08:48:15.677435,776,RUST_BETTI_FLAT_DSU,3,1,0.000000e+00,1.0000e+00,0,"B0=1,B1=1_PASS"
2026-09-29T08:49:00.718018,777,DSYRK_GRAMIAN,2048,8,6.252776e-13,1.0000e+00,0,PASS
2026-09-29T08:49:00.718888,777,DYNAMIC_FWHT,2048,1,2.220446e-16,1.0000e+00,0,PASS
2026-09-29T08:49:00.721597,777,CAYLEY_BILATERAL,1024,8,4.440892e-16,1.0001e+00,0,PASS
2026-09-29T08:49:00.722142,777,RUST_BETTI_FLAT_DSU,3,1,0.000000e+00,1.0000e+00,0,"B0=1,B1=1_PASS"
2026-09-29T08:49:45.790592,778,DSYRK_GRAMIAN,4096,16,4.547474e-13,1.0000e+00,0,PASS
2026-09-29T08:49:45.792008,778,DYNAMIC_FWHT,4096,1,1.110223e-16,1.0000e+00,0,PASS
2026-09-29T08:49:45.795701,778,CAYLEY_BILATERAL,1024,16,9.992007e-16,1.0003e+00,0,PASS
2026-09-29T08:49:45.796159,778,RUST_BETTI_FLAT_DSU,3,1,0.000000e+00,1.0000e+00,0,"B0=1,B1=1_PASS"
2026-09-29T08:50:30.934127,779,DSYRK_GRAMIAN,8192,32,6.252776e-13,1.0000e+00,0,PASS
2026-09-29T08:50:30.935728,779,DYNAMIC_FWHT,8192,1,0.000000e+00,1.0000e+00,0,PASS
2026-09-29T08:50:30.944572,779,CAYLEY_BILATERAL,1024,32,1.776357e-15,1.0006e+00,0,PASS
2026-09-29T08:50:30.945236,779,RUST_BETTI_FLAT_DSU,3,1,0.000000e+00,1.0000e+00,0,"B0=1,B1=1_PASS"
2026-09-29T08:51:15.974703,780,DSYRK_GRAMIAN,2048,8,4.547474e-13,1.0000e+00,0,PASS
2026-09-29T08:51:15.975440,780,DYNAMIC_FWHT,2048,1,0.000000e+00,1.0000e+00,0,PASS
2026-09-29T08:51:15.977252,780,CAYLEY_BILATERAL,1024,8,8.881784e-16,1.0001e+00,0,PASS
2026-09-29T08:51:15.977700,780,RUST_BETTI_FLAT_DSU,3,1,0.000000e+00,1.0000e+00,0,"B0=1,B1=1_PASS"
2026-09-29T08:52:01.036949,781,DSYRK_GRAMIAN,4096,16,5.115908e-13,1.0000e+00,0,PASS
2026-09-29T08:52:01.037856,781,DYNAMIC_FWHT,4096,1,0.000000e+00,1.0000e+00,0,PASS
2026-09-29T08:52:01.041673,781,CAYLEY_BILATERAL,1024,16,1.110223e-15,1.0002e+00,0,PASS
2026-09-29T08:52:01.042374,781,RUST_BETTI_FLAT_DSU,3,1,0.000000e+00,1.0000e+00,0,"B0=1,B1=1_PASS"
2026-09-29T08:52:46.164492,782,DSYRK_GRAMIAN,8192,32,5.684342e-13,1.0000e+00,0,PASS
2026-09-29T08:52:46.166113,782,DYNAMIC_FWHT,8192,1,0.000000e+00,1.0000e+00,0,PASS
2026-09-29T08:52:46.175268,782,CAYLEY_BILATERAL,1024,32,2.220446e-15,1.0007e+00,0,PASS
2026-09-29T08:52:46.175865,782,RUST_BETTI_FLAT_DSU,3,1,0.000000e+00,1.0000e+00,0,"B0=1,B1=1_PASS"
2026-09-29T08:53:31.215668,783,DSYRK_GRAMIAN,2048,8,5.968559e-13,1.0000e+00,0,PASS
2026-09-29T08:53:31.216617,783,DYNAMIC_FWHT,2048,1,1.110223e-16,1.0000e+00,0,PASS
2026-09-29T08:53:31.219020,783,CAYLEY_BILATERAL,1024,8,1.110223e-15,1.0001e+00,0,PASS
2026-09-29T08:53:31.219567,783,RUST_BETTI_FLAT_DSU,3,1,0.000000e+00,1.0000e+00,0,"B0=1,B1=1_PASS"
2026-09-29T08:54:16.287468,784,DSYRK_GRAMIAN,4096,16,4.547474e-13,1.0000e+00,0,PASS
2026-09-29T08:54:16.288925,784,DYNAMIC_FWHT,4096,1,1.110223e-16,1.0000e+00,0,PASS
2026-09-29T08:54:16.295346,784,CAYLEY_BILATERAL,1024,16,6.661338e-16,1.0003e+00,0,PASS
2026-09-29T08:54:16.296001,784,RUST_BETTI_FLAT_DSU,3,1,0.000000e+00,1.0000e+00,0,"B0=1,B1=1_PASS"
2026-09-29T08:55:01.429222,785,DSYRK_GRAMIAN,8192,32,8.526513e-13,1.0000e+00,0,PASS
2026-09-29T08:55:01.430891,785,DYNAMIC_FWHT,8192,1,2.220446e-16,1.0000e+00,0,PASS
2026-09-29T08:55:01.439810,785,CAYLEY_BILATERAL,1024,32,1.554312e-15,1.0006e+00,0,PASS
2026-09-29T08:55:01.440489,785,RUST_BETTI_FLAT_DSU,3,1,0.000000e+00,1.0000e+00,0,"B0=1,B1=1_PASS"
2026-09-29T08:55:46.483983,786,DSYRK_GRAMIAN,2048,8,8.526513e-13,1.0000e+00,0,PASS
2026-09-29T08:55:46.484707,786,DYNAMIC_FWHT,2048,1,3.330669e-16,1.0000e+00,0,PASS
2026-09-29T08:55:46.486428,786,CAYLEY_BILATERAL,1024,8,6.661338e-16,1.0002e+00,0,PASS
2026-09-29T08:55:46.486852,786,RUST_BETTI_FLAT_DSU,3,1,0.000000e+00,1.0000e+00,0,"B0=1,B1=1_PASS"
2026-09-29T08:56:31.543507,787,DSYRK_GRAMIAN,4096,16,2.842171e-13,1.0000e+00,0,PASS
2026-09-29T08:56:31.544684,787,DYNAMIC_FWHT,4096,1,0.000000e+00,1.0000e+00,0,PASS
2026-09-29T08:56:31.548367,787,CAYLEY_BILATERAL,1024,16,6.661338e-16,1.0003e+00,0,PASS
2026-09-29T08:56:31.548834,787,RUST_BETTI_FLAT_DSU,3,1,0.000000e+00,1.0000e+00,0,"B0=1,B1=1_PASS"
2026-09-29T08:57:16.642312,788,DSYRK_GRAMIAN,8192,32,7.958079e-13,1.0000e+00,0,PASS
2026-09-29T08:57:16.643793,788,DYNAMIC_FWHT,8192,1,2.220446e-16,1.0000e+00,0,PASS
2026-09-29T08:57:16.652661,788,CAYLEY_BILATERAL,1024,32,1.332268e-15,1.0007e+00,0,PASS
2026-09-29T08:57:16.653340,788,RUST_BETTI_FLAT_DSU,3,1,0.000000e+00,1.0000e+00,0,"B0=1,B1=1_PASS"
2026-09-29T08:58:01.693394,789,DSYRK_GRAMIAN,2048,8,3.694822e-13,1.0000e+00,0,PASS
2026-09-29T08:58:01.694204,789,DYNAMIC_FWHT,2048,1,2.220446e-16,1.0000e+00,0,PASS
2026-09-29T08:58:01.696026,789,CAYLEY_BILATERAL,1024,8,1.332268e-15,1.0001e+00,0,PASS
2026-09-29T08:58:01.696462,789,RUST_BETTI_FLAT_DSU,3,1,0.000000e+00,1.0000e+00,0,"B0=1,B1=1_PASS"
2026-09-29T08:58:47.076270,790,DSYRK_GRAMIAN,4096,16,4.547474e-13,1.0000e+00,0,PASS
2026-09-29T08:58:47.077557,790,DYNAMIC_FWHT,4096,1,0.000000e+00,1.0000e+00,0,PASS
2026-09-29T08:58:47.087837,790,CAYLEY_BILATERAL,1024,16,1.554312e-15,1.0003e+00,0,PASS
2026-09-29T08:58:47.088311,790,RUST_BETTI_FLAT_DSU,3,1,0.000000e+00,1.0000e+00,0,"B0=1,B1=1_PASS"
2026-09-29T08:59:32.816952,791,DSYRK_GRAMIAN,8192,32,6.821210e-13,1.0000e+00,0,PASS
2026-09-29T08:59:32.826613,791,DYNAMIC_FWHT,8192,1,0.000000e+00,1.0000e+00,0,PASS
2026-09-29T08:59:32.846448,791,CAYLEY_BILATERAL,1024,32,1.443290e-15,1.0006e+00,0,PASS
2026-09-29T08:59:32.847174,791,RUST_BETTI_FLAT_DSU,3,1,0.000000e+00,1.0000e+00,0,"B0=1,B1=1_PASS"
2026-09-29T09:00:17.885355,792,DSYRK_GRAMIAN,2048,8,3.979039e-13,1.0000e+00,0,PASS
2026-09-29T09:00:17.886207,792,DYNAMIC_FWHT,2048,1,2.220446e-16,1.0000e+00,0,PASS
2026-09-29T09:00:17.889176,792,CAYLEY_BILATERAL,1024,8,5.551115e-16,1.0001e+00,0,PASS
2026-09-29T09:00:17.900965,792,RUST_BETTI_FLAT_DSU,3,1,0.000000e+00,1.0000e+00,0,"B0=1,B1=1_PASS"
2026-09-29T09:01:02.968310,793,DSYRK_GRAMIAN,4096,16,3.410605e-13,1.0000e+00,0,PASS
2026-09-29T09:01:02.969218,793,DYNAMIC_FWHT,4096,1,0.000000e+00,1.0000e+00,0,PASS
2026-09-29T09:01:02.972738,793,CAYLEY_BILATERAL,1024,16,1.332268e-15,1.0003e+00,0,PASS
2026-09-29T09:01:02.973207,793,RUST_BETTI_FLAT_DSU,3,1,0.000000e+00,1.0000e+00,0,"B0=1,B1=1_PASS"
2026-09-29T09:01:48.096971,794,DSYRK_GRAMIAN,8192,32,7.389644e-13,1.0000e+00,0,PASS
2026-09-29T09:01:48.099136,794,DYNAMIC_FWHT,8192,1,2.220446e-16,1.0000e+00,0,PASS
2026-09-29T09:01:48.110605,794,CAYLEY_BILATERAL,1024,32,1.110223e-15,1.0007e+00,0,PASS
2026-09-29T09:01:48.111241,794,RUST_BETTI_FLAT_DSU,3,1,0.000000e+00,1.0000e+00,0,"B0=1,B1=1_PASS"
2026-09-29T09:02:33.152394,795,DSYRK_GRAMIAN,2048,8,3.694822e-13,1.0000e+00,0,PASS
2026-09-29T09:02:33.153294,795,DYNAMIC_FWHT,2048,1,2.220446e-16,1.0000e+00,0,PASS
2026-09-29T09:02:33.159296,795,CAYLEY_BILATERAL,1024,8,8.881784e-16,1.0001e+00,0,PASS
2026-09-29T09:02:33.160032,795,RUST_BETTI_FLAT_DSU,3,1,0.000000e+00,1.0000e+00,0,"B0=1,B1=1_PASS"
2026-09-29T09:03:18.217399,796,DSYRK_GRAMIAN,4096,16,3.979039e-13,1.0000e+00,0,PASS
2026-09-29T09:03:18.218289,796,DYNAMIC_FWHT,4096,1,0.000000e+00,1.0000e+00,0,PASS
2026-09-29T09:03:18.221929,796,CAYLEY_BILATERAL,1024,16,6.661338e-16,1.0002e+00,0,PASS
2026-09-29T09:03:18.222620,796,RUST_BETTI_FLAT_DSU,3,1,0.000000e+00,1.0000e+00,0,"B0=1,B1=1_PASS"
2026-09-29T09:04:03.388492,797,DSYRK_GRAMIAN,8192,32,6.821210e-13,1.0000e+00,0,PASS
2026-09-29T09:04:03.390135,797,DYNAMIC_FWHT,8192,1,2.220446e-16,1.0000e+00,0,PASS
2026-09-29T09:04:03.403987,797,CAYLEY_BILATERAL,1024,32,1.554312e-15,1.0006e+00,0,PASS
2026-09-29T09:04:03.404573,797,RUST_BETTI_FLAT_DSU,3,1,0.000000e+00,1.0000e+00,0,"B0=1,B1=1_PASS"
2026-09-29T09:04:48.458369,798,DSYRK_GRAMIAN,2048,8,6.252776e-13,1.0000e+00,0,PASS
2026-09-29T09:04:48.459224,798,DYNAMIC_FWHT,2048,1,2.220446e-16,1.0000e+00,0,PASS
2026-09-29T09:04:48.461560,798,CAYLEY_BILATERAL,1024,8,8.881784e-16,1.0001e+00,0,PASS
2026-09-29T09:04:48.462038,798,RUST_BETTI_FLAT_DSU,3,1,0.000000e+00,1.0000e+00,0,"B0=1,B1=1_PASS"
2026-09-29T09:05:33.530810,799,DSYRK_GRAMIAN,4096,16,5.684342e-13,1.0000e+00,0,PASS
2026-09-29T09:05:33.531723,799,DYNAMIC_FWHT,4096,1,1.110223e-16,1.0000e+00,0,PASS
2026-09-29T09:05:33.535204,799,CAYLEY_BILATERAL,1024,16,8.881784e-16,1.0003e+00,0,PASS
2026-09-29T09:05:33.535888,799,RUST_BETTI_FLAT_DSU,3,1,0.000000e+00,1.0000e+00,0,"B0=1,B1=1_PASS"
2026-09-29T09:06:18.671219,800,DSYRK_GRAMIAN,8192,32,7.389644e-13,1.0000e+00,0,PASS
2026-09-29T09:06:18.672905,800,DYNAMIC_FWHT,8192,1,1.110223e-16,1.0000e+00,0,PASS
2026-09-29T09:06:18.684182,800,CAYLEY_BILATERAL,1024,32,1.443290e-15,1.0006e+00,0,PASS
2026-09-29T09:06:18.684818,800,RUST_BETTI_FLAT_DSU,3,1,0.000000e+00,1.0000e+00,0,"B0=1,B1=1_PASS"
2026-09-29T09:07:03.710639,801,DSYRK_GRAMIAN,2048,8,3.979039e-13,1.0000e+00,0,PASS
2026-09-29T09:07:03.711409,801,DYNAMIC_FWHT,2048,1,2.220446e-16,1.0000e+00,0,PASS
2026-09-29T09:07:03.713200,801,CAYLEY_BILATERAL,1024,8,7.771561e-16,1.0001e+00,0,PASS
2026-09-29T09:07:03.713643,801,RUST_BETTI_FLAT_DSU,3,1,0.000000e+00,1.0000e+00,0,"B0=1,B1=1_PASS"
2026-09-29T09:07:48.793199,802,DSYRK_GRAMIAN,4096,16,4.547474e-13,1.0000e+00,0,PASS
2026-09-29T09:07:48.794493,802,DYNAMIC_FWHT,4096,1,0.000000e+00,1.0000e+00,0,PASS
2026-09-29T09:07:48.798509,802,CAYLEY_BILATERAL,1024,16,8.881784e-16,1.0004e+00,0,PASS
2026-09-29T09:07:48.799051,802,RUST_BETTI_FLAT_DSU,3,1,0.000000e+00,1.0000e+00,0,"B0=1,B1=1_PASS"
2026-09-29T09:08:33.950669,803,DSYRK_GRAMIAN,8192,32,6.821210e-13,1.0000e+00,0,PASS
2026-09-29T09:08:33.952263,803,DYNAMIC_FWHT,8192,1,2.220446e-16,1.0000e+00,0,PASS
2026-09-29T09:08:33.966839,803,CAYLEY_BILATERAL,1024,32,1.332268e-15,1.0007e+00,0,PASS
2026-09-29T09:08:33.967488,803,RUST_BETTI_FLAT_DSU,3,1,0.000000e+00,1.0000e+00,0,"B0=1,B1=1_PASS"
2026-09-29T09:09:18.996502,804,DSYRK_GRAMIAN,2048,8,3.410605e-13,1.0000e+00,0,PASS
2026-09-29T09:09:19.003168,804,DYNAMIC_FWHT,2048,1,1.110223e-16,1.0000e+00,0,PASS
2026-09-29T09:09:19.005100,804,CAYLEY_BILATERAL,1024,8,4.440892e-16,1.0001e+00,0,PASS
2026-09-29T09:09:19.005702,804,RUST_BETTI_FLAT_DSU,3,1,0.000000e+00,1.0000e+00,0,"B0=1,B1=1_PASS"
2026-09-29T09:10:04.079236,805,DSYRK_GRAMIAN,4096,16,7.389644e-13,1.0000e+00,0,PASS
2026-09-29T09:10:04.080116,805,DYNAMIC_FWHT,4096,1,1.110223e-16,1.0000e+00,0,PASS
2026-09-29T09:10:04.083667,805,CAYLEY_BILATERAL,1024,16,1.554312e-15,1.0004e+00,0,PASS
2026-09-29T09:10:04.084186,805,RUST_BETTI_FLAT_DSU,3,1,0.000000e+00,1.0000e+00,0,"B0=1,B1=1_PASS"
2026-09-29T09:10:49.266158,806,DSYRK_GRAMIAN,8192,32,6.821210e-13,1.0000e+00,0,PASS
2026-09-29T09:10:49.267726,806,DYNAMIC_FWHT,8192,1,0.000000e+00,1.0000e+00,0,PASS
2026-09-29T09:10:49.282291,806,CAYLEY_BILATERAL,1024,32,1.332268e-15,1.0005e+00,0,PASS
2026-09-29T09:10:49.282877,806,RUST_BETTI_FLAT_DSU,3,1,0.000000e+00,1.0000e+00,0,"B0=1,B1=1_PASS"
2026-09-29T09:11:34.320341,807,DSYRK_GRAMIAN,2048,8,6.252776e-13,1.0000e+00,0,PASS
2026-09-29T09:11:34.321093,807,DYNAMIC_FWHT,2048,1,1.110223e-16,1.0000e+00,0,PASS
2026-09-29T09:11:34.322960,807,CAYLEY_BILATERAL,1024,8,9.992007e-16,1.0001e+00,0,PASS
2026-09-29T09:11:34.323408,807,RUST_BETTI_FLAT_DSU,3,1,0.000000e+00,1.0000e+00,0,"B0=1,B1=1_PASS"
2026-09-29T09:12:19.393144,808,DSYRK_GRAMIAN,4096,16,3.126388e-13,1.0000e+00,0,PASS
2026-09-29T09:12:19.394037,808,DYNAMIC_FWHT,4096,1,0.000000e+00,1.0000e+00,0,PASS
2026-09-29T09:12:19.397479,808,CAYLEY_BILATERAL,1024,16,6.661338e-16,1.0002e+00,0,PASS
2026-09-29T09:12:19.403131,808,RUST_BETTI_FLAT_DSU,3,1,0.000000e+00,1.0000e+00,0,"B0=1,B1=1_PASS"
2026-09-29T09:13:04.560992,809,DSYRK_GRAMIAN,8192,32,9.663381e-13,1.0000e+00,0,PASS
2026-09-29T09:13:04.562531,809,DYNAMIC_FWHT,8192,1,2.220446e-16,1.0000e+00,0,PASS
2026-09-29T09:13:04.576457,809,CAYLEY_BILATERAL,1024,32,1.554312e-15,1.0007e+00,0,PASS
2026-09-29T09:13:04.577095,809,RUST_BETTI_FLAT_DSU,3,1,0.000000e+00,1.0000e+00,0,"B0=1,B1=1_PASS"
2026-09-29T09:13:49.618250,810,DSYRK_GRAMIAN,2048,8,6.536993e-13,1.0000e+00,0,PASS
2026-09-29T09:13:49.619081,810,DYNAMIC_FWHT,2048,1,0.000000e+00,1.0000e+00,0,PASS
2026-09-29T09:13:49.621249,810,CAYLEY_BILATERAL,1024,8,8.881784e-16,1.0001e+00,0,PASS
2026-09-29T09:13:49.621739,810,RUST_BETTI_FLAT_DSU,3,1,0.000000e+00,1.0000e+00,0,"B0=1,B1=1_PASS"
2026-09-29T09:14:34.695582,811,DSYRK_GRAMIAN,4096,16,3.979039e-13,1.0000e+00,0,PASS
2026-09-29T09:14:34.700019,811,DYNAMIC_FWHT,4096,1,0.000000e+00,1.0000e+00,0,PASS
2026-09-29T09:14:34.704018,811,CAYLEY_BILATERAL,1024,16,8.881784e-16,1.0003e+00,0,PASS
2026-09-29T09:14:34.704476,811,RUST_BETTI_FLAT_DSU,3,1,0.000000e+00,1.0000e+00,0,"B0=1,B1=1_PASS"
2026-09-29T09:15:19.843913,812,DSYRK_GRAMIAN,8192,32,7.389644e-13,1.0000e+00,0,PASS
2026-09-29T09:15:19.845414,812,DYNAMIC_FWHT,8192,1,0.000000e+00,1.0000e+00,0,PASS
2026-09-29T09:15:19.858135,812,CAYLEY_BILATERAL,1024,32,1.554312e-15,1.0007e+00,0,PASS
2026-09-29T09:15:19.858796,812,RUST_BETTI_FLAT_DSU,3,1,0.000000e+00,1.0000e+00,0,"B0=1,B1=1_PASS"
2026-09-29T09:16:04.895448,813,DSYRK_GRAMIAN,2048,8,2.842171e-13,1.0000e+00,0,PASS
2026-09-29T09:16:04.896241,813,DYNAMIC_FWHT,2048,1,4.440892e-16,1.0000e+00,0,PASS
2026-09-29T09:16:04.898174,813,CAYLEY_BILATERAL,1024,8,9.992007e-16,1.0001e+00,0,PASS
2026-09-29T09:16:04.898643,813,RUST_BETTI_FLAT_DSU,3,1,0.000000e+00,1.0000e+00,0,"B0=1,B1=1_PASS"
2026-09-29T09:16:49.959578,814,DSYRK_GRAMIAN,4096,16,5.968559e-13,1.0000e+00,0,PASS
2026-09-29T09:16:49.965644,814,DYNAMIC_FWHT,4096,1,0.000000e+00,1.0000e+00,0,PASS
2026-09-29T09:16:49.969324,814,CAYLEY_BILATERAL,1024,16,1.110223e-15,1.0002e+00,0,PASS
2026-09-29T09:16:49.969764,814,RUST_BETTI_FLAT_DSU,3,1,0.000000e+00,1.0000e+00,0,"B0=1,B1=1_PASS"
2026-09-29T09:17:35.119663,815,DSYRK_GRAMIAN,8192,32,6.821210e-13,1.0000e+00,0,PASS
2026-09-29T09:17:35.121773,815,DYNAMIC_FWHT,8192,1,0.000000e+00,1.0000e+00,0,PASS
2026-09-29T09:17:35.135147,815,CAYLEY_BILATERAL,1024,32,1.554312e-15,1.0007e+00,0,PASS
2026-09-29T09:17:35.135884,815,RUST_BETTI_FLAT_DSU,3,1,0.000000e+00,1.0000e+00,0,"B0=1,B1=1_PASS"
2026-09-29T09:18:20.184129,816,DSYRK_GRAMIAN,2048,8,3.979039e-13,1.0000e+00,0,PASS
2026-09-29T09:18:20.188819,816,DYNAMIC_FWHT,2048,1,2.220446e-16,1.0000e+00,0,PASS
2026-09-29T09:18:20.191285,816,CAYLEY_BILATERAL,1024,8,8.881784e-16,1.0001e+00,0,PASS
2026-09-29T09:18:20.191734,816,RUST_BETTI_FLAT_DSU,3,1,0.000000e+00,1.0000e+00,0,"B0=1,B1=1_PASS"
2026-09-29T09:19:05.250304,817,DSYRK_GRAMIAN,4096,16,5.684342e-13,1.0000e+00,0,PASS
2026-09-29T09:19:05.251529,817,DYNAMIC_FWHT,4096,1,1.110223e-16,1.0000e+00,0,PASS
2026-09-29T09:19:05.255428,817,CAYLEY_BILATERAL,1024,16,8.881784e-16,1.0002e+00,0,PASS
2026-09-29T09:19:05.255875,817,RUST_BETTI_FLAT_DSU,3,1,0.000000e+00,1.0000e+00,0,"B0=1,B1=1_PASS"
2026-09-29T09:19:50.490975,818,DSYRK_GRAMIAN,8192,32,7.389644e-13,1.0000e+00,0,PASS
2026-09-29T09:19:50.492852,818,DYNAMIC_FWHT,8192,1,0.000000e+00,1.0000e+00,0,PASS
2026-09-29T09:19:50.605834,818,CAYLEY_BILATERAL,1024,32,1.665335e-15,1.0007e+00,0,PASS
2026-09-29T09:19:50.606589,818,RUST_BETTI_FLAT_DSU,3,1,0.000000e+00,1.0000e+00,0,"B0=1,B1=1_PASS"
2026-09-29T09:20:35.995327,819,DSYRK_GRAMIAN,2048,8,5.115908e-13,1.0000e+00,0,PASS
2026-09-29T09:20:35.996181,819,DYNAMIC_FWHT,2048,1,2.220446e-16,1.0000e+00,0,PASS
2026-09-29T09:20:36.157048,819,CAYLEY_BILATERAL,1024,8,7.771561e-16,1.0001e+00,0,PASS
2026-09-29T09:20:36.157572,819,RUST_BETTI_FLAT_DSU,3,1,0.000000e+00,1.0000e+00,0,"B0=1,B1=1_PASS"
2026-09-29T09:21:21.244835,820,DSYRK_GRAMIAN,4096,16,5.115908e-13,1.0000e+00,0,PASS
2026-09-29T09:21:21.245777,820,DYNAMIC_FWHT,4096,1,1.110223e-16,1.0000e+00,0,PASS
2026-09-29T09:21:21.249228,820,CAYLEY_BILATERAL,1024,16,8.881784e-16,1.0003e+00,0,PASS
2026-09-29T09:21:21.249768,820,RUST_BETTI_FLAT_DSU,3,1,0.000000e+00,1.0000e+00,0,"B0=1,B1=1_PASS"
2026-09-29T09:22:06.383426,821,DSYRK_GRAMIAN,8192,32,5.684342e-13,1.0000e+00,0,PASS
2026-09-29T09:22:06.384910,821,DYNAMIC_FWHT,8192,1,0.000000e+00,1.0000e+00,0,PASS
2026-09-29T09:22:06.398354,821,CAYLEY_BILATERAL,1024,32,1.332268e-15,1.0006e+00,0,PASS
2026-09-29T09:22:06.398924,821,RUST_BETTI_FLAT_DSU,3,1,0.000000e+00,1.0000e+00,0,"B0=1,B1=1_PASS"
